"day","end","incidence","confirmed"
2020-03-11,2020-03-18,2,3
2020-03-12,2020-03-18,2,5
2020-03-13,2020-03-18,2,7
2020-03-14,2020-03-18,3,10
2020-03-15,2020-03-18,4,14
2020-03-16,2020-03-18,6,20
2020-03-17,2020-03-18,7,27
2020-03-18,2020-03-18,9,36
2020-03-19,2020-03-18,11,47
2020-03-20,2020-03-18,14,61
2020-03-21,2020-03-18,16,77
2020-03-22,2020-03-18,19,96
2020-03-23,2020-03-18,23,119
2020-03-24,2020-03-18,27,146
2020-03-25,2020-03-18,31,177
2020-03-26,2020-03-18,35,212
2020-03-27,2020-03-18,40,252
2020-03-28,2020-03-18,46,298
2020-03-29,2020-03-18,52,350
2020-03-30,2020-03-18,58,408
2020-03-31,2020-03-18,65,473
2020-04-01,2020-03-18,73,546
2020-04-02,2020-03-18,81,627
2020-04-03,2020-03-18,89,716
2020-04-04,2020-03-18,98,814
2020-04-05,2020-03-18,108,922
2020-04-06,2020-03-18,118,1040
2020-04-07,2020-03-18,129,1169
2020-03-11,2020-03-19,2,3
2020-03-12,2020-03-19,1,4
2020-03-13,2020-03-19,2,6
2020-03-14,2020-03-19,3,9
2020-03-15,2020-03-19,4,13
2020-03-16,2020-03-19,5,18
2020-03-17,2020-03-19,7,25
2020-03-18,2020-03-19,10,35
2020-03-19,2020-03-19,13,48
2020-03-20,2020-03-19,17,65
2020-03-21,2020-03-19,22,87
2020-03-22,2020-03-19,29,116
2020-03-23,2020-03-19,36,152
2020-03-24,2020-03-19,46,198
2020-03-25,2020-03-19,57,255
2020-03-26,2020-03-19,70,325
2020-03-27,2020-03-19,86,411
2020-03-28,2020-03-19,104,515
2020-03-29,2020-03-19,126,641
2020-03-30,2020-03-19,151,792
2020-03-31,2020-03-19,181,973
2020-04-01,2020-03-19,214,1187
2020-04-02,2020-03-19,253,1440
2020-04-03,2020-03-19,298,1738
2020-04-04,2020-03-19,349,2087
2020-04-05,2020-03-19,407,2494
2020-04-06,2020-03-19,472,2966
2020-04-07,2020-03-19,546,3512
2020-04-08,2020-03-19,630,4142
2020-03-11,2020-03-20,2,3
2020-03-12,2020-03-20,1,4
2020-03-13,2020-03-20,2,6
2020-03-14,2020-03-20,2,8
2020-03-15,2020-03-20,3,11
2020-03-16,2020-03-20,5,16
2020-03-17,2020-03-20,7,23
2020-03-18,2020-03-20,10,33
2020-03-19,2020-03-20,14,47
2020-03-20,2020-03-20,20,67
2020-03-21,2020-03-20,28,95
2020-03-22,2020-03-20,39,134
2020-03-23,2020-03-20,54,188
2020-03-24,2020-03-20,75,263
2020-03-25,2020-03-20,102,365
2020-03-26,2020-03-20,138,503
2020-03-27,2020-03-20,186,689
2020-03-28,2020-03-20,249,938
2020-03-29,2020-03-20,332,1270
2020-03-30,2020-03-20,440,1710
2020-03-31,2020-03-20,582,2292
2020-04-01,2020-03-20,765,3057
2020-04-02,2020-03-20,1001,4058
2020-04-03,2020-03-20,1305,5363
2020-04-04,2020-03-20,1693,7056
2020-04-05,2020-03-20,2189,9245
2020-04-06,2020-03-20,2818,12063
2020-04-07,2020-03-20,3616,15679
2020-04-08,2020-03-20,4621,20300
2020-04-09,2020-03-20,5885,26185
2020-03-11,2020-03-21,2,3
2020-03-12,2020-03-21,1,4
2020-03-13,2020-03-21,1,5
2020-03-14,2020-03-21,2,7
2020-03-15,2020-03-21,3,10
2020-03-16,2020-03-21,5,15
2020-03-17,2020-03-21,7,22
2020-03-18,2020-03-21,10,32
2020-03-19,2020-03-21,15,47
2020-03-20,2020-03-21,23,70
2020-03-21,2020-03-21,34,104
2020-03-22,2020-03-21,51,155
2020-03-23,2020-03-21,75,230
2020-03-24,2020-03-21,112,342
2020-03-25,2020-03-21,166,508
2020-03-26,2020-03-21,246,754
2020-03-27,2020-03-21,365,1119
2020-03-28,2020-03-21,543,1662
2020-03-29,2020-03-21,806,2468
2020-03-30,2020-03-21,1197,3665
2020-03-31,2020-03-21,1778,5443
2020-04-01,2020-03-21,2640,8083
2020-04-02,2020-03-21,3920,12003
2020-04-03,2020-03-21,5821,17824
2020-04-04,2020-03-21,8645,26469
2020-04-05,2020-03-21,12838,39307
2020-04-06,2020-03-21,19065,58372
2020-04-07,2020-03-21,28313,86685
2020-04-08,2020-03-21,42045,128730
2020-04-09,2020-03-21,62439,191169
2020-04-10,2020-03-21,92724,283893
2020-03-11,2020-03-22,2,3
2020-03-12,2020-03-22,1,4
2020-03-13,2020-03-22,2,6
2020-03-14,2020-03-22,3,9
2020-03-15,2020-03-22,4,13
2020-03-16,2020-03-22,5,18
2020-03-17,2020-03-22,8,26
2020-03-18,2020-03-22,11,37
2020-03-19,2020-03-22,16,53
2020-03-20,2020-03-22,22,75
2020-03-21,2020-03-22,30,105
2020-03-22,2020-03-22,41,146
2020-03-23,2020-03-22,55,201
2020-03-24,2020-03-22,74,275
2020-03-25,2020-03-22,99,374
2020-03-26,2020-03-22,131,505
2020-03-27,2020-03-22,173,678
2020-03-28,2020-03-22,226,904
2020-03-29,2020-03-22,294,1198
2020-03-30,2020-03-22,379,1577
2020-03-31,2020-03-22,487,2064
2020-04-01,2020-03-22,623,2687
2020-04-02,2020-03-22,792,3479
2020-04-03,2020-03-22,1003,4482
2020-04-04,2020-03-22,1263,5745
2020-04-05,2020-03-22,1583,7328
2020-04-06,2020-03-22,1977,9305
2020-04-07,2020-03-22,2457,11762
2020-04-08,2020-03-22,3043,14805
2020-04-09,2020-03-22,3753,18558
2020-04-10,2020-03-22,4612,23170
2020-04-11,2020-03-22,5648,28818
2020-03-11,2020-03-23,2,3
2020-03-12,2020-03-23,1,4
2020-03-13,2020-03-23,2,6
2020-03-14,2020-03-23,3,9
2020-03-15,2020-03-23,4,13
2020-03-16,2020-03-23,6,19
2020-03-17,2020-03-23,9,28
2020-03-18,2020-03-23,12,40
2020-03-19,2020-03-23,16,56
2020-03-20,2020-03-23,22,78
2020-03-21,2020-03-23,28,106
2020-03-22,2020-03-23,37,143
2020-03-23,2020-03-23,47,190
2020-03-24,2020-03-23,60,250
2020-03-25,2020-03-23,75,325
2020-03-26,2020-03-23,94,419
2020-03-27,2020-03-23,116,535
2020-03-28,2020-03-23,142,677
2020-03-29,2020-03-23,173,850
2020-03-30,2020-03-23,210,1060
2020-03-31,2020-03-23,252,1312
2020-04-01,2020-03-23,302,1614
2020-04-02,2020-03-23,360,1974
2020-04-03,2020-03-23,426,2400
2020-04-04,2020-03-23,502,2902
2020-04-05,2020-03-23,590,3492
2020-04-06,2020-03-23,689,4181
2020-04-07,2020-03-23,802,4983
2020-04-08,2020-03-23,931,5914
2020-04-09,2020-03-23,1075,6989
2020-04-10,2020-03-23,1238,8227
2020-04-11,2020-03-23,1421,9648
2020-04-12,2020-03-23,1626,11274
2020-03-11,2020-03-24,2,3
2020-03-12,2020-03-24,1,4
2020-03-13,2020-03-24,2,6
2020-03-14,2020-03-24,3,9
2020-03-15,2020-03-24,4,13
2020-03-16,2020-03-24,6,19
2020-03-17,2020-03-24,8,27
2020-03-18,2020-03-24,11,38
2020-03-19,2020-03-24,16,54
2020-03-20,2020-03-24,21,75
2020-03-21,2020-03-24,29,104
2020-03-22,2020-03-24,38,142
2020-03-23,2020-03-24,50,192
2020-03-24,2020-03-24,66,258
2020-03-25,2020-03-24,85,343
2020-03-26,2020-03-24,109,452
2020-03-27,2020-03-24,140,592
2020-03-28,2020-03-24,177,769
2020-03-29,2020-03-24,223,992
2020-03-30,2020-03-24,279,1271
2020-03-31,2020-03-24,348,1619
2020-04-01,2020-03-24,430,2049
2020-04-02,2020-03-24,530,2579
2020-04-03,2020-03-24,649,3228
2020-04-04,2020-03-24,791,4019
2020-04-05,2020-03-24,959,4978
2020-04-06,2020-03-24,1159,6137
2020-04-07,2020-03-24,1394,7531
2020-04-08,2020-03-24,1671,9202
2020-04-09,2020-03-24,1994,11196
2020-04-10,2020-03-24,2371,13567
2020-04-11,2020-03-24,2810,16377
2020-04-12,2020-03-24,3319,19696
2020-04-13,2020-03-24,3907,23603
2020-03-11,2020-03-25,2,3
2020-03-12,2020-03-25,2,5
2020-03-13,2020-03-25,3,8
2020-03-14,2020-03-25,5,13
2020-03-15,2020-03-25,7,20
2020-03-16,2020-03-25,9,29
2020-03-17,2020-03-25,12,41
2020-03-18,2020-03-25,15,56
2020-03-19,2020-03-25,19,75
2020-03-20,2020-03-25,23,98
2020-03-21,2020-03-25,28,126
2020-03-22,2020-03-25,34,160
2020-03-23,2020-03-25,40,200
2020-03-24,2020-03-25,48,248
2020-03-25,2020-03-25,55,303
2020-03-26,2020-03-25,64,367
2020-03-27,2020-03-25,73,440
2020-03-28,2020-03-25,83,523
2020-03-29,2020-03-25,94,617
2020-03-30,2020-03-25,106,723
2020-03-31,2020-03-25,118,841
2020-04-01,2020-03-25,132,973
2020-04-02,2020-03-25,147,1120
2020-04-03,2020-03-25,162,1282
2020-04-04,2020-03-25,179,1461
2020-04-05,2020-03-25,196,1657
2020-04-06,2020-03-25,215,1872
2020-04-07,2020-03-25,234,2106
2020-04-08,2020-03-25,255,2361
2020-04-09,2020-03-25,277,2638
2020-04-10,2020-03-25,300,2938
2020-04-11,2020-03-25,324,3262
2020-04-12,2020-03-25,349,3611
2020-04-13,2020-03-25,375,3986
2020-04-14,2020-03-25,403,4389
2020-03-11,2020-03-26,2,3
2020-03-12,2020-03-26,2,5
2020-03-13,2020-03-26,3,8
2020-03-14,2020-03-26,5,13
2020-03-15,2020-03-26,7,20
2020-03-16,2020-03-26,10,30
2020-03-17,2020-03-26,12,42
2020-03-18,2020-03-26,16,58
2020-03-19,2020-03-26,19,77
2020-03-20,2020-03-26,24,101
2020-03-21,2020-03-26,28,129
2020-03-22,2020-03-26,33,162
2020-03-23,2020-03-26,39,201
2020-03-24,2020-03-26,45,246
2020-03-25,2020-03-26,52,298
2020-03-26,2020-03-26,59,357
2020-03-27,2020-03-26,67,424
2020-03-28,2020-03-26,75,499
2020-03-29,2020-03-26,84,583
2020-03-30,2020-03-26,94,677
2020-03-31,2020-03-26,104,781
2020-04-01,2020-03-26,114,895
2020-04-02,2020-03-26,126,1021
2020-04-03,2020-03-26,138,1159
2020-04-04,2020-03-26,150,1309
2020-04-05,2020-03-26,163,1472
2020-04-06,2020-03-26,177,1649
2020-04-07,2020-03-26,191,1840
2020-04-08,2020-03-26,206,2046
2020-04-09,2020-03-26,222,2268
2020-04-10,2020-03-26,239,2507
2020-04-11,2020-03-26,256,2763
2020-04-12,2020-03-26,273,3036
2020-04-13,2020-03-26,292,3328
2020-04-14,2020-03-26,311,3639
2020-04-15,2020-03-26,331,3970
2020-03-11,2020-03-27,2,3
2020-03-12,2020-03-27,3,6
2020-03-13,2020-03-27,4,10
2020-03-14,2020-03-27,6,16
2020-03-15,2020-03-27,9,25
2020-03-16,2020-03-27,11,36
2020-03-17,2020-03-27,14,50
2020-03-18,2020-03-27,17,67
2020-03-19,2020-03-27,21,88
2020-03-20,2020-03-27,24,112
2020-03-21,2020-03-27,28,140
2020-03-22,2020-03-27,32,172
2020-03-23,2020-03-27,36,208
2020-03-24,2020-03-27,41,249
2020-03-25,2020-03-27,45,294
2020-03-26,2020-03-27,50,344
2020-03-27,2020-03-27,55,399
2020-03-28,2020-03-27,61,460
2020-03-29,2020-03-27,66,526
2020-03-30,2020-03-27,72,598
2020-03-31,2020-03-27,78,676
2020-04-01,2020-03-27,84,760
2020-04-02,2020-03-27,90,850
2020-04-03,2020-03-27,97,947
2020-04-04,2020-03-27,103,1050
2020-04-05,2020-03-27,110,1160
2020-04-06,2020-03-27,117,1277
2020-04-07,2020-03-27,124,1401
2020-04-08,2020-03-27,132,1533
2020-04-09,2020-03-27,139,1672
2020-04-10,2020-03-27,147,1819
2020-04-11,2020-03-27,155,1974
2020-04-12,2020-03-27,163,2137
2020-04-13,2020-03-27,171,2308
2020-04-14,2020-03-27,180,2488
2020-04-15,2020-03-27,188,2676
2020-04-16,2020-03-27,197,2873
2020-03-11,2020-03-28,2,3
2020-03-12,2020-03-28,3,6
2020-03-13,2020-03-28,5,11
2020-03-14,2020-03-28,7,18
2020-03-15,2020-03-28,9,27
2020-03-16,2020-03-28,12,39
2020-03-17,2020-03-28,14,53
2020-03-18,2020-03-28,17,70
2020-03-19,2020-03-28,21,91
2020-03-20,2020-03-28,24,115
2020-03-21,2020-03-28,28,143
2020-03-22,2020-03-28,32,175
2020-03-23,2020-03-28,36,211
2020-03-24,2020-03-28,40,251
2020-03-25,2020-03-28,44,295
2020-03-26,2020-03-28,49,344
2020-03-27,2020-03-28,54,398
2020-03-28,2020-03-28,59,457
2020-03-29,2020-03-28,64,521
2020-03-30,2020-03-28,69,590
2020-03-31,2020-03-28,74,664
2020-04-01,2020-03-28,80,744
2020-04-02,2020-03-28,86,830
2020-04-03,2020-03-28,92,922
2020-04-04,2020-03-28,98,1020
2020-04-05,2020-03-28,104,1124
2020-04-06,2020-03-28,110,1234
2020-04-07,2020-03-28,117,1351
2020-04-08,2020-03-28,123,1474
2020-04-09,2020-03-28,130,1604
2020-04-10,2020-03-28,137,1741
2020-04-11,2020-03-28,144,1885
2020-04-12,2020-03-28,151,2036
2020-04-13,2020-03-28,158,2194
2020-04-14,2020-03-28,165,2359
2020-04-15,2020-03-28,173,2532
2020-04-16,2020-03-28,181,2713
2020-04-17,2020-03-28,188,2901
2020-03-11,2020-03-29,2,3
2020-03-12,2020-03-29,3,6
2020-03-13,2020-03-29,5,11
2020-03-14,2020-03-29,7,18
2020-03-15,2020-03-29,10,28
2020-03-16,2020-03-29,12,40
2020-03-17,2020-03-29,15,55
2020-03-18,2020-03-29,18,73
2020-03-19,2020-03-29,21,94
2020-03-20,2020-03-29,24,118
2020-03-21,2020-03-29,28,146
2020-03-22,2020-03-29,31,177
2020-03-23,2020-03-29,35,212
2020-03-24,2020-03-29,39,251
2020-03-25,2020-03-29,42,293
2020-03-26,2020-03-29,46,339
2020-03-27,2020-03-29,50,389
2020-03-28,2020-03-29,54,443
2020-03-29,2020-03-29,58,501
2020-03-30,2020-03-29,63,564
2020-03-31,2020-03-29,67,631
2020-04-01,2020-03-29,71,702
2020-04-02,2020-03-29,76,778
2020-04-03,2020-03-29,81,859
2020-04-04,2020-03-29,85,944
2020-04-05,2020-03-29,90,1034
2020-04-06,2020-03-29,95,1129
2020-04-07,2020-03-29,100,1229
2020-04-08,2020-03-29,105,1334
2020-04-09,2020-03-29,110,1444
2020-04-10,2020-03-29,115,1559
2020-04-11,2020-03-29,120,1679
2020-04-12,2020-03-29,125,1804
2020-04-13,2020-03-29,130,1934
2020-04-14,2020-03-29,136,2070
2020-04-15,2020-03-29,141,2211
2020-04-16,2020-03-29,147,2358
2020-04-17,2020-03-29,152,2510
2020-04-18,2020-03-29,158,2668
2020-03-11,2020-03-30,2,3
2020-03-12,2020-03-30,4,7
2020-03-13,2020-03-30,6,13
2020-03-14,2020-03-30,8,21
2020-03-15,2020-03-30,11,32
2020-03-16,2020-03-30,13,45
2020-03-17,2020-03-30,16,61
2020-03-18,2020-03-30,19,80
2020-03-19,2020-03-30,22,102
2020-03-20,2020-03-30,25,127
2020-03-21,2020-03-30,28,155
2020-03-22,2020-03-30,31,186
2020-03-23,2020-03-30,34,220
2020-03-24,2020-03-30,38,258
2020-03-25,2020-03-30,41,299
2020-03-26,2020-03-30,44,343
2020-03-27,2020-03-30,48,391
2020-03-28,2020-03-30,51,442
2020-03-29,2020-03-30,55,497
2020-03-30,2020-03-30,59,556
2020-03-31,2020-03-30,62,618
2020-04-01,2020-03-30,66,684
2020-04-02,2020-03-30,70,754
2020-04-03,2020-03-30,74,828
2020-04-04,2020-03-30,78,906
2020-04-05,2020-03-30,82,988
2020-04-06,2020-03-30,86,1074
2020-04-07,2020-03-30,90,1164
2020-04-08,2020-03-30,94,1258
2020-04-09,2020-03-30,98,1356
2020-04-10,2020-03-30,102,1458
2020-04-11,2020-03-30,106,1564
2020-04-12,2020-03-30,110,1674
2020-04-13,2020-03-30,115,1789
2020-04-14,2020-03-30,119,1908
2020-04-15,2020-03-30,123,2031
2020-04-16,2020-03-30,128,2159
2020-04-17,2020-03-30,132,2291
2020-04-18,2020-03-30,136,2427
2020-04-19,2020-03-30,141,2568
2020-03-11,2020-03-31,2,3
2020-03-12,2020-03-31,4,7
2020-03-13,2020-03-31,6,13
2020-03-14,2020-03-31,9,22
2020-03-15,2020-03-31,11,33
2020-03-16,2020-03-31,14,47
2020-03-17,2020-03-31,17,64
2020-03-18,2020-03-31,19,83
2020-03-19,2020-03-31,22,105
2020-03-20,2020-03-31,25,130
2020-03-21,2020-03-31,28,158
2020-03-22,2020-03-31,31,189
2020-03-23,2020-03-31,34,223
2020-03-24,2020-03-31,37,260
2020-03-25,2020-03-31,40,300
2020-03-26,2020-03-31,43,343
2020-03-27,2020-03-31,46,389
2020-03-28,2020-03-31,49,438
2020-03-29,2020-03-31,52,490
2020-03-30,2020-03-31,56,546
2020-03-31,2020-03-31,59,605
2020-04-01,2020-03-31,62,667
2020-04-02,2020-03-31,65,732
2020-04-03,2020-03-31,68,800
2020-04-04,2020-03-31,72,872
2020-04-05,2020-03-31,75,947
2020-04-06,2020-03-31,78,1025
2020-04-07,2020-03-31,82,1107
2020-04-08,2020-03-31,85,1192
2020-04-09,2020-03-31,89,1281
2020-04-10,2020-03-31,92,1373
2020-04-11,2020-03-31,95,1468
2020-04-12,2020-03-31,99,1567
2020-04-13,2020-03-31,102,1669
2020-04-14,2020-03-31,106,1775
2020-04-15,2020-03-31,109,1884
2020-04-16,2020-03-31,113,1997
2020-04-17,2020-03-31,116,2113
2020-04-18,2020-03-31,120,2233
2020-04-19,2020-03-31,123,2356
2020-04-20,2020-03-31,127,2483
2020-03-11,2020-04-01,2,3
2020-03-12,2020-04-01,4,7
2020-03-13,2020-04-01,6,13
2020-03-14,2020-04-01,8,21
2020-03-15,2020-04-01,11,32
2020-03-16,2020-04-01,14,46
2020-03-17,2020-04-01,16,62
2020-03-18,2020-04-01,19,81
2020-03-19,2020-04-01,22,103
2020-03-20,2020-04-01,25,128
2020-03-21,2020-04-01,28,156
2020-03-22,2020-04-01,31,187
2020-03-23,2020-04-01,34,221
2020-03-24,2020-04-01,37,258
2020-03-25,2020-04-01,40,298
2020-03-26,2020-04-01,43,341
2020-03-27,2020-04-01,47,388
2020-03-28,2020-04-01,50,438
2020-03-29,2020-04-01,53,491
2020-03-30,2020-04-01,57,548
2020-03-31,2020-04-01,60,608
2020-04-01,2020-04-01,63,671
2020-04-02,2020-04-01,67,738
2020-04-03,2020-04-01,70,808
2020-04-04,2020-04-01,74,882
2020-04-05,2020-04-01,77,959
2020-04-06,2020-04-01,81,1040
2020-04-07,2020-04-01,85,1125
2020-04-08,2020-04-01,88,1213
2020-04-09,2020-04-01,92,1305
2020-04-10,2020-04-01,96,1401
2020-04-11,2020-04-01,99,1500
2020-04-12,2020-04-01,103,1603
2020-04-13,2020-04-01,107,1710
2020-04-14,2020-04-01,110,1820
2020-04-15,2020-04-01,114,1934
2020-04-16,2020-04-01,118,2052
2020-04-17,2020-04-01,122,2174
2020-04-18,2020-04-01,126,2300
2020-04-19,2020-04-01,130,2430
2020-04-20,2020-04-01,133,2563
2020-04-21,2020-04-01,137,2700
2020-03-11,2020-04-02,2,3
2020-03-12,2020-04-02,4,7
2020-03-13,2020-04-02,7,14
2020-03-14,2020-04-02,9,23
2020-03-15,2020-04-02,12,35
2020-03-16,2020-04-02,15,50
2020-03-17,2020-04-02,17,67
2020-03-18,2020-04-02,20,87
2020-03-19,2020-04-02,23,110
2020-03-20,2020-04-02,25,135
2020-03-21,2020-04-02,28,163
2020-03-22,2020-04-02,31,194
2020-03-23,2020-04-02,34,228
2020-03-24,2020-04-02,36,264
2020-03-25,2020-04-02,39,303
2020-03-26,2020-04-02,42,345
2020-03-27,2020-04-02,45,390
2020-03-28,2020-04-02,48,438
2020-03-29,2020-04-02,51,489
2020-03-30,2020-04-02,54,543
2020-03-31,2020-04-02,56,599
2020-04-01,2020-04-02,59,658
2020-04-02,2020-04-02,62,720
2020-04-03,2020-04-02,65,785
2020-04-04,2020-04-02,68,853
2020-04-05,2020-04-02,71,924
2020-04-06,2020-04-02,74,998
2020-04-07,2020-04-02,77,1075
2020-04-08,2020-04-02,80,1155
2020-04-09,2020-04-02,83,1238
2020-04-10,2020-04-02,86,1324
2020-04-11,2020-04-02,89,1413
2020-04-12,2020-04-02,92,1505
2020-04-13,2020-04-02,95,1600
2020-04-14,2020-04-02,98,1698
2020-04-15,2020-04-02,101,1799
2020-04-16,2020-04-02,104,1903
2020-04-17,2020-04-02,107,2010
2020-04-18,2020-04-02,110,2120
2020-04-19,2020-04-02,113,2233
2020-04-20,2020-04-02,116,2349
2020-04-21,2020-04-02,119,2468
2020-04-22,2020-04-02,122,2590
2020-03-11,2020-04-03,2,3
2020-03-12,2020-04-03,4,7
2020-03-13,2020-04-03,6,13
2020-03-14,2020-04-03,9,22
2020-03-15,2020-04-03,11,33
2020-03-16,2020-04-03,14,47
2020-03-17,2020-04-03,17,64
2020-03-18,2020-04-03,19,83
2020-03-19,2020-04-03,22,105
2020-03-20,2020-04-03,25,130
2020-03-21,2020-04-03,28,158
2020-03-22,2020-04-03,31,189
2020-03-23,2020-04-03,34,223
2020-03-24,2020-04-03,37,260
2020-03-25,2020-04-03,40,300
2020-03-26,2020-04-03,43,343
2020-03-27,2020-04-03,46,389
2020-03-28,2020-04-03,49,438
2020-03-29,2020-04-03,52,490
2020-03-30,2020-04-03,55,545
2020-03-31,2020-04-03,58,603
2020-04-01,2020-04-03,61,664
2020-04-02,2020-04-03,64,728
2020-04-03,2020-04-03,67,795
2020-04-04,2020-04-03,71,866
2020-04-05,2020-04-03,74,940
2020-04-06,2020-04-03,77,1017
2020-04-07,2020-04-03,80,1097
2020-04-08,2020-04-03,83,1180
2020-04-09,2020-04-03,87,1267
2020-04-10,2020-04-03,90,1357
2020-04-11,2020-04-03,93,1450
2020-04-12,2020-04-03,96,1546
2020-04-13,2020-04-03,100,1646
2020-04-14,2020-04-03,103,1749
2020-04-15,2020-04-03,106,1855
2020-04-16,2020-04-03,110,1965
2020-04-17,2020-04-03,113,2078
2020-04-18,2020-04-03,116,2194
2020-04-19,2020-04-03,120,2314
2020-04-20,2020-04-03,123,2437
2020-04-21,2020-04-03,127,2564
2020-04-22,2020-04-03,130,2694
2020-04-23,2020-04-03,133,2827
2020-03-11,2020-04-04,2,3
2020-03-12,2020-04-04,5,8
2020-03-13,2020-04-04,7,15
2020-03-14,2020-04-04,10,25
2020-03-15,2020-04-04,13,38
2020-03-16,2020-04-04,15,53
2020-03-17,2020-04-04,18,71
2020-03-18,2020-04-04,21,92
2020-03-19,2020-04-04,23,115
2020-03-20,2020-04-04,26,141
2020-03-21,2020-04-04,28,169
2020-03-22,2020-04-04,31,200
2020-03-23,2020-04-04,34,234
2020-03-24,2020-04-04,36,270
2020-03-25,2020-04-04,39,309
2020-03-26,2020-04-04,41,350
2020-03-27,2020-04-04,44,394
2020-03-28,2020-04-04,46,440
2020-03-29,2020-04-04,49,489
2020-03-30,2020-04-04,51,540
2020-03-31,2020-04-04,54,594
2020-04-01,2020-04-04,57,651
2020-04-02,2020-04-04,59,710
2020-04-03,2020-04-04,62,772
2020-04-04,2020-04-04,64,836
2020-04-05,2020-04-04,67,903
2020-04-06,2020-04-04,69,972
2020-04-07,2020-04-04,72,1044
2020-04-08,2020-04-04,74,1118
2020-04-09,2020-04-04,77,1195
2020-04-10,2020-04-04,79,1274
2020-04-11,2020-04-04,82,1356
2020-04-12,2020-04-04,84,1440
2020-04-13,2020-04-04,87,1527
2020-04-14,2020-04-04,89,1616
2020-04-15,2020-04-04,92,1708
2020-04-16,2020-04-04,94,1802
2020-04-17,2020-04-04,97,1899
2020-04-18,2020-04-04,99,1998
2020-04-19,2020-04-04,102,2100
2020-04-20,2020-04-04,104,2204
2020-04-21,2020-04-04,107,2311
2020-04-22,2020-04-04,109,2420
2020-04-23,2020-04-04,111,2531
2020-04-24,2020-04-04,114,2645
2020-03-11,2020-04-05,2,3
2020-03-12,2020-04-05,6,9
2020-03-13,2020-04-05,9,18
2020-03-14,2020-04-05,11,29
2020-03-15,2020-04-05,14,43
2020-03-16,2020-04-05,17,60
2020-03-17,2020-04-05,19,79
2020-03-18,2020-04-05,22,101
2020-03-19,2020-04-05,24,125
2020-03-20,2020-04-05,27,152
2020-03-21,2020-04-05,29,181
2020-03-22,2020-04-05,31,212
2020-03-23,2020-04-05,33,245
2020-03-24,2020-04-05,36,281
2020-03-25,2020-04-05,38,319
2020-03-26,2020-04-05,40,359
2020-03-27,2020-04-05,42,401
2020-03-28,2020-04-05,44,445
2020-03-29,2020-04-05,46,491
2020-03-30,2020-04-05,48,539
2020-03-31,2020-04-05,50,589
2020-04-01,2020-04-05,52,641
2020-04-02,2020-04-05,54,695
2020-04-03,2020-04-05,56,751
2020-04-04,2020-04-05,58,809
2020-04-05,2020-04-05,60,869
2020-04-06,2020-04-05,62,931
2020-04-07,2020-04-05,64,995
2020-04-08,2020-04-05,66,1061
2020-04-09,2020-04-05,68,1129
2020-04-10,2020-04-05,70,1199
2020-04-11,2020-04-05,72,1271
2020-04-12,2020-04-05,74,1345
2020-04-13,2020-04-05,76,1421
2020-04-14,2020-04-05,78,1499
2020-04-15,2020-04-05,79,1578
2020-04-16,2020-04-05,81,1659
2020-04-17,2020-04-05,83,1742
2020-04-18,2020-04-05,85,1827
2020-04-19,2020-04-05,87,1914
2020-04-20,2020-04-05,89,2003
2020-04-21,2020-04-05,90,2093
2020-04-22,2020-04-05,92,2185
2020-04-23,2020-04-05,94,2279
2020-04-24,2020-04-05,96,2375
2020-04-25,2020-04-05,98,2473
2020-03-11,2020-04-06,2,3
2020-03-12,2020-04-06,6,9
2020-03-13,2020-04-06,9,18
2020-03-14,2020-04-06,12,30
2020-03-15,2020-04-06,15,45
2020-03-16,2020-04-06,18,63
2020-03-17,2020-04-06,20,83
2020-03-18,2020-04-06,22,105
2020-03-19,2020-04-06,25,130
2020-03-20,2020-04-06,27,157
2020-03-21,2020-04-06,29,186
2020-03-22,2020-04-06,31,217
2020-03-23,2020-04-06,33,250
2020-03-24,2020-04-06,35,285
2020-03-25,2020-04-06,37,322
2020-03-26,2020-04-06,39,361
2020-03-27,2020-04-06,41,402
2020-03-28,2020-04-06,43,445
2020-03-29,2020-04-06,44,489
2020-03-30,2020-04-06,46,535
2020-03-31,2020-04-06,48,583
2020-04-01,2020-04-06,50,633
2020-04-02,2020-04-06,51,684
2020-04-03,2020-04-06,53,737
2020-04-04,2020-04-06,55,792
2020-04-05,2020-04-06,57,849
2020-04-06,2020-04-06,58,907
2020-04-07,2020-04-06,60,967
2020-04-08,2020-04-06,61,1028
2020-04-09,2020-04-06,63,1091
2020-04-10,2020-04-06,65,1156
2020-04-11,2020-04-06,66,1222
2020-04-12,2020-04-06,68,1290
2020-04-13,2020-04-06,69,1359
2020-04-14,2020-04-06,71,1430
2020-04-15,2020-04-06,72,1502
2020-04-16,2020-04-06,74,1576
2020-04-17,2020-04-06,75,1651
2020-04-18,2020-04-06,77,1728
2020-04-19,2020-04-06,78,1806
2020-04-20,2020-04-06,80,1886
2020-04-21,2020-04-06,81,1967
2020-04-22,2020-04-06,83,2050
2020-04-23,2020-04-06,84,2134
2020-04-24,2020-04-06,86,2220
2020-04-25,2020-04-06,87,2307
2020-04-26,2020-04-06,89,2396
2020-03-11,2020-04-07,2,3
2020-03-12,2020-04-07,7,10
2020-03-13,2020-04-07,10,20
2020-03-14,2020-04-07,13,33
2020-03-15,2020-04-07,16,49
2020-03-16,2020-04-07,19,68
2020-03-17,2020-04-07,21,89
2020-03-18,2020-04-07,23,112
2020-03-19,2020-04-07,25,137
2020-03-20,2020-04-07,27,164
2020-03-21,2020-04-07,29,193
2020-03-22,2020-04-07,31,224
2020-03-23,2020-04-07,33,257
2020-03-24,2020-04-07,34,291
2020-03-25,2020-04-07,36,327
2020-03-26,2020-04-07,38,365
2020-03-27,2020-04-07,40,405
2020-03-28,2020-04-07,41,446
2020-03-29,2020-04-07,43,489
2020-03-30,2020-04-07,44,533
2020-03-31,2020-04-07,46,579
2020-04-01,2020-04-07,47,626
2020-04-02,2020-04-07,49,675
2020-04-03,2020-04-07,50,725
2020-04-04,2020-04-07,52,777
2020-04-05,2020-04-07,53,830
2020-04-06,2020-04-07,54,884
2020-04-07,2020-04-07,56,940
2020-04-08,2020-04-07,57,997
2020-04-09,2020-04-07,58,1055
2020-04-10,2020-04-07,60,1115
2020-04-11,2020-04-07,61,1176
2020-04-12,2020-04-07,62,1238
2020-04-13,2020-04-07,64,1302
2020-04-14,2020-04-07,65,1367
2020-04-15,2020-04-07,66,1433
2020-04-16,2020-04-07,67,1500
2020-04-17,2020-04-07,69,1569
2020-04-18,2020-04-07,70,1639
2020-04-19,2020-04-07,71,1710
2020-04-20,2020-04-07,72,1782
2020-04-21,2020-04-07,73,1855
2020-04-22,2020-04-07,75,1930
2020-04-23,2020-04-07,76,2006
2020-04-24,2020-04-07,77,2083
2020-04-25,2020-04-07,78,2161
2020-04-26,2020-04-07,79,2240
2020-04-27,2020-04-07,80,2320
2020-03-11,2020-04-08,2,3
2020-03-12,2020-04-08,7,10
2020-03-13,2020-04-08,11,21
2020-03-14,2020-04-08,14,35
2020-03-15,2020-04-08,17,52
2020-03-16,2020-04-08,19,71
2020-03-17,2020-04-08,21,92
2020-03-18,2020-04-08,23,115
2020-03-19,2020-04-08,25,140
2020-03-20,2020-04-08,27,167
2020-03-21,2020-04-08,29,196
2020-03-22,2020-04-08,31,227
2020-03-23,2020-04-08,33,260
2020-03-24,2020-04-08,34,294
2020-03-25,2020-04-08,36,330
2020-03-26,2020-04-08,37,367
2020-03-27,2020-04-08,39,406
2020-03-28,2020-04-08,40,446
2020-03-29,2020-04-08,42,488
2020-03-30,2020-04-08,43,531
2020-03-31,2020-04-08,45,576
2020-04-01,2020-04-08,46,622
2020-04-02,2020-04-08,47,669
2020-04-03,2020-04-08,49,718
2020-04-04,2020-04-08,50,768
2020-04-05,2020-04-08,51,819
2020-04-06,2020-04-08,53,872
2020-04-07,2020-04-08,54,926
2020-04-08,2020-04-08,55,981
2020-04-09,2020-04-08,56,1037
2020-04-10,2020-04-08,58,1095
2020-04-11,2020-04-08,59,1154
2020-04-12,2020-04-08,60,1214
2020-04-13,2020-04-08,61,1275
2020-04-14,2020-04-08,62,1337
2020-04-15,2020-04-08,63,1400
2020-04-16,2020-04-08,64,1464
2020-04-17,2020-04-08,66,1530
2020-04-18,2020-04-08,67,1597
2020-04-19,2020-04-08,68,1665
2020-04-20,2020-04-08,69,1734
2020-04-21,2020-04-08,70,1804
2020-04-22,2020-04-08,71,1875
2020-04-23,2020-04-08,72,1947
2020-04-24,2020-04-08,73,2020
2020-04-25,2020-04-08,74,2094
2020-04-26,2020-04-08,75,2169
2020-04-27,2020-04-08,76,2245
2020-04-28,2020-04-08,77,2322
2020-03-11,2020-04-09,2,3
2020-03-12,2020-04-09,8,11
2020-03-13,2020-04-09,11,22
2020-03-14,2020-04-09,14,36
2020-03-15,2020-04-09,17,53
2020-03-16,2020-04-09,19,72
2020-03-17,2020-04-09,22,94
2020-03-18,2020-04-09,24,118
2020-03-19,2020-04-09,26,144
2020-03-20,2020-04-09,27,171
2020-03-21,2020-04-09,29,200
2020-03-22,2020-04-09,31,231
2020-03-23,2020-04-09,32,263
2020-03-24,2020-04-09,34,297
2020-03-25,2020-04-09,36,333
2020-03-26,2020-04-09,37,370
2020-03-27,2020-04-09,38,408
2020-03-28,2020-04-09,40,448
2020-03-29,2020-04-09,41,489
2020-03-30,2020-04-09,43,532
2020-03-31,2020-04-09,44,576
2020-04-01,2020-04-09,45,621
2020-04-02,2020-04-09,46,667
2020-04-03,2020-04-09,48,715
2020-04-04,2020-04-09,49,764
2020-04-05,2020-04-09,50,814
2020-04-06,2020-04-09,51,865
2020-04-07,2020-04-09,52,917
2020-04-08,2020-04-09,54,971
2020-04-09,2020-04-09,55,1026
2020-04-10,2020-04-09,56,1082
2020-04-11,2020-04-09,57,1139
2020-04-12,2020-04-09,58,1197
2020-04-13,2020-04-09,59,1256
2020-04-14,2020-04-09,60,1316
2020-04-15,2020-04-09,61,1377
2020-04-16,2020-04-09,62,1439
2020-04-17,2020-04-09,63,1502
2020-04-18,2020-04-09,64,1566
2020-04-19,2020-04-09,65,1631
2020-04-20,2020-04-09,66,1697
2020-04-21,2020-04-09,67,1764
2020-04-22,2020-04-09,68,1832
2020-04-23,2020-04-09,69,1901
2020-04-24,2020-04-09,70,1971
2020-04-25,2020-04-09,71,2042
2020-04-26,2020-04-09,72,2114
2020-04-27,2020-04-09,73,2187
2020-04-28,2020-04-09,74,2261
2020-04-29,2020-04-09,75,2336
2020-03-11,2020-04-10,2,3
2020-03-12,2020-04-10,8,11
2020-03-13,2020-04-10,12,23
2020-03-14,2020-04-10,15,38
2020-03-15,2020-04-10,18,56
2020-03-16,2020-04-10,20,76
2020-03-17,2020-04-10,22,98
2020-03-18,2020-04-10,24,122
2020-03-19,2020-04-10,26,148
2020-03-20,2020-04-10,28,176
2020-03-21,2020-04-10,29,205
2020-03-22,2020-04-10,31,236
2020-03-23,2020-04-10,32,268
2020-03-24,2020-04-10,34,302
2020-03-25,2020-04-10,35,337
2020-03-26,2020-04-10,36,373
2020-03-27,2020-04-10,37,410
2020-03-28,2020-04-10,39,449
2020-03-29,2020-04-10,40,489
2020-03-30,2020-04-10,41,530
2020-03-31,2020-04-10,42,572
2020-04-01,2020-04-10,43,615
2020-04-02,2020-04-10,44,659
2020-04-03,2020-04-10,46,705
2020-04-04,2020-04-10,47,752
2020-04-05,2020-04-10,48,800
2020-04-06,2020-04-10,49,849
2020-04-07,2020-04-10,50,899
2020-04-08,2020-04-10,51,950
2020-04-09,2020-04-10,52,1002
2020-04-10,2020-04-10,52,1054
2020-04-11,2020-04-10,53,1107
2020-04-12,2020-04-10,54,1161
2020-04-13,2020-04-10,55,1216
2020-04-14,2020-04-10,56,1272
2020-04-15,2020-04-10,57,1329
2020-04-16,2020-04-10,58,1387
2020-04-17,2020-04-10,59,1446
2020-04-18,2020-04-10,60,1506
2020-04-19,2020-04-10,60,1566
2020-04-20,2020-04-10,61,1627
2020-04-21,2020-04-10,62,1689
2020-04-22,2020-04-10,63,1752
2020-04-23,2020-04-10,64,1816
2020-04-24,2020-04-10,64,1880
2020-04-25,2020-04-10,65,1945
2020-04-26,2020-04-10,66,2011
2020-04-27,2020-04-10,67,2078
2020-04-28,2020-04-10,67,2145
2020-04-29,2020-04-10,68,2213
2020-04-30,2020-04-10,69,2282
2020-03-11,2020-04-11,2,3
2020-03-12,2020-04-11,9,12
2020-03-13,2020-04-11,13,25
2020-03-14,2020-04-11,16,41
2020-03-15,2020-04-11,19,60
2020-03-16,2020-04-11,21,81
2020-03-17,2020-04-11,23,104
2020-03-18,2020-04-11,24,128
2020-03-19,2020-04-11,26,154
2020-03-20,2020-04-11,28,182
2020-03-21,2020-04-11,29,211
2020-03-22,2020-04-11,31,242
2020-03-23,2020-04-11,32,274
2020-03-24,2020-04-11,33,307
2020-03-25,2020-04-11,34,341
2020-03-26,2020-04-11,35,376
2020-03-27,2020-04-11,37,413
2020-03-28,2020-04-11,38,451
2020-03-29,2020-04-11,39,490
2020-03-30,2020-04-11,40,530
2020-03-31,2020-04-11,41,571
2020-04-01,2020-04-11,42,613
2020-04-02,2020-04-11,43,656
2020-04-03,2020-04-11,44,700
2020-04-04,2020-04-11,45,745
2020-04-05,2020-04-11,46,791
2020-04-06,2020-04-11,46,837
2020-04-07,2020-04-11,47,884
2020-04-08,2020-04-11,48,932
2020-04-09,2020-04-11,49,981
2020-04-10,2020-04-11,50,1031
2020-04-11,2020-04-11,51,1082
2020-04-12,2020-04-11,51,1133
2020-04-13,2020-04-11,52,1185
2020-04-14,2020-04-11,53,1238
2020-04-15,2020-04-11,54,1292
2020-04-16,2020-04-11,54,1346
2020-04-17,2020-04-11,55,1401
2020-04-18,2020-04-11,56,1457
2020-04-19,2020-04-11,56,1513
2020-04-20,2020-04-11,57,1570
2020-04-21,2020-04-11,58,1628
2020-04-22,2020-04-11,59,1687
2020-04-23,2020-04-11,59,1746
2020-04-24,2020-04-11,60,1806
2020-04-25,2020-04-11,61,1867
2020-04-26,2020-04-11,61,1928
2020-04-27,2020-04-11,62,1990
2020-04-28,2020-04-11,62,2052
2020-04-29,2020-04-11,63,2115
2020-04-30,2020-04-11,64,2179
2020-05-01,2020-04-11,64,2243
2020-03-11,2020-04-12,2,3
2020-03-12,2020-04-12,11,14
2020-03-13,2020-04-12,15,29
2020-03-14,2020-04-12,17,46
2020-03-15,2020-04-12,20,66
2020-03-16,2020-04-12,22,88
2020-03-17,2020-04-12,23,111
2020-03-18,2020-04-12,25,136
2020-03-19,2020-04-12,26,162
2020-03-20,2020-04-12,28,190
2020-03-21,2020-04-12,29,219
2020-03-22,2020-04-12,30,249
2020-03-23,2020-04-12,31,280
2020-03-24,2020-04-12,32,312
2020-03-25,2020-04-12,33,345
2020-03-26,2020-04-12,34,379
2020-03-27,2020-04-12,35,414
2020-03-28,2020-04-12,36,450
2020-03-29,2020-04-12,37,487
2020-03-30,2020-04-12,38,525
2020-03-31,2020-04-12,39,564
2020-04-01,2020-04-12,40,604
2020-04-02,2020-04-12,40,644
2020-04-03,2020-04-12,41,685
2020-04-04,2020-04-12,42,727
2020-04-05,2020-04-12,43,770
2020-04-06,2020-04-12,43,813
2020-04-07,2020-04-12,44,857
2020-04-08,2020-04-12,45,902
2020-04-09,2020-04-12,45,947
2020-04-10,2020-04-12,46,993
2020-04-11,2020-04-12,47,1040
2020-04-12,2020-04-12,47,1087
2020-04-13,2020-04-12,48,1135
2020-04-14,2020-04-12,48,1183
2020-04-15,2020-04-12,49,1232
2020-04-16,2020-04-12,49,1281
2020-04-17,2020-04-12,50,1331
2020-04-18,2020-04-12,51,1382
2020-04-19,2020-04-12,51,1433
2020-04-20,2020-04-12,52,1485
2020-04-21,2020-04-12,52,1537
2020-04-22,2020-04-12,53,1590
2020-04-23,2020-04-12,53,1643
2020-04-24,2020-04-12,54,1697
2020-04-25,2020-04-12,54,1751
2020-04-26,2020-04-12,55,1806
2020-04-27,2020-04-12,55,1861
2020-04-28,2020-04-12,56,1917
2020-04-29,2020-04-12,56,1973
2020-04-30,2020-04-12,57,2030
2020-05-01,2020-04-12,57,2087
2020-05-02,2020-04-12,58,2145
2020-03-11,2020-04-13,2,3
2020-03-12,2020-04-13,12,15
2020-03-13,2020-04-13,16,31
2020-03-14,2020-04-13,19,50
2020-03-15,2020-04-13,21,71
2020-03-16,2020-04-13,22,93
2020-03-17,2020-04-13,24,117
2020-03-18,2020-04-13,25,142
2020-03-19,2020-04-13,27,169
2020-03-20,2020-04-13,28,197
2020-03-21,2020-04-13,29,226
2020-03-22,2020-04-13,30,256
2020-03-23,2020-04-13,31,287
2020-03-24,2020-04-13,32,319
2020-03-25,2020-04-13,33,352
2020-03-26,2020-04-13,33,385
2020-03-27,2020-04-13,34,419
2020-03-28,2020-04-13,35,454
2020-03-29,2020-04-13,36,490
2020-03-30,2020-04-13,36,526
2020-03-31,2020-04-13,37,563
2020-04-01,2020-04-13,38,601
2020-04-02,2020-04-13,38,639
2020-04-03,2020-04-13,39,678
2020-04-04,2020-04-13,39,717
2020-04-05,2020-04-13,40,757
2020-04-06,2020-04-13,41,798
2020-04-07,2020-04-13,41,839
2020-04-08,2020-04-13,42,881
2020-04-09,2020-04-13,42,923
2020-04-10,2020-04-13,43,966
2020-04-11,2020-04-13,43,1009
2020-04-12,2020-04-13,44,1053
2020-04-13,2020-04-13,44,1097
2020-04-14,2020-04-13,45,1142
2020-04-15,2020-04-13,45,1187
2020-04-16,2020-04-13,46,1233
2020-04-17,2020-04-13,46,1279
2020-04-18,2020-04-13,46,1325
2020-04-19,2020-04-13,47,1372
2020-04-20,2020-04-13,47,1419
2020-04-21,2020-04-13,48,1467
2020-04-22,2020-04-13,48,1515
2020-04-23,2020-04-13,49,1564
2020-04-24,2020-04-13,49,1613
2020-04-25,2020-04-13,49,1662
2020-04-26,2020-04-13,50,1712
2020-04-27,2020-04-13,50,1762
2020-04-28,2020-04-13,51,1813
2020-04-29,2020-04-13,51,1864
2020-04-30,2020-04-13,51,1915
2020-05-01,2020-04-13,52,1967
2020-05-02,2020-04-13,52,2019
2020-05-03,2020-04-13,52,2071
2020-03-11,2020-04-14,2,3
2020-03-12,2020-04-14,13,16
2020-03-13,2020-04-14,17,33
2020-03-14,2020-04-14,19,52
2020-03-15,2020-04-14,21,73
2020-03-16,2020-04-14,23,96
2020-03-17,2020-04-14,24,120
2020-03-18,2020-04-14,26,146
2020-03-19,2020-04-14,27,173
2020-03-20,2020-04-14,28,201
2020-03-21,2020-04-14,29,230
2020-03-22,2020-04-14,30,260
2020-03-23,2020-04-14,30,290
2020-03-24,2020-04-14,31,321
2020-03-25,2020-04-14,32,353
2020-03-26,2020-04-14,33,386
2020-03-27,2020-04-14,33,419
2020-03-28,2020-04-14,34,453
2020-03-29,2020-04-14,35,488
2020-03-30,2020-04-14,35,523
2020-03-31,2020-04-14,36,559
2020-04-01,2020-04-14,37,596
2020-04-02,2020-04-14,37,633
2020-04-03,2020-04-14,38,671
2020-04-04,2020-04-14,38,709
2020-04-05,2020-04-14,39,748
2020-04-06,2020-04-14,39,787
2020-04-07,2020-04-14,40,827
2020-04-08,2020-04-14,40,867
2020-04-09,2020-04-14,41,908
2020-04-10,2020-04-14,41,949
2020-04-11,2020-04-14,41,990
2020-04-12,2020-04-14,42,1032
2020-04-13,2020-04-14,42,1074
2020-04-14,2020-04-14,43,1117
2020-04-15,2020-04-14,43,1160
2020-04-16,2020-04-14,44,1204
2020-04-17,2020-04-14,44,1248
2020-04-18,2020-04-14,44,1292
2020-04-19,2020-04-14,45,1337
2020-04-20,2020-04-14,45,1382
2020-04-21,2020-04-14,45,1427
2020-04-22,2020-04-14,46,1473
2020-04-23,2020-04-14,46,1519
2020-04-24,2020-04-14,46,1565
2020-04-25,2020-04-14,47,1612
2020-04-26,2020-04-14,47,1659
2020-04-27,2020-04-14,47,1706
2020-04-28,2020-04-14,48,1754
2020-04-29,2020-04-14,48,1802
2020-04-30,2020-04-14,48,1850
2020-05-01,2020-04-14,49,1899
2020-05-02,2020-04-14,49,1948
2020-05-03,2020-04-14,49,1997
2020-05-04,2020-04-14,50,2047
2020-03-11,2020-04-15,2,3
2020-03-12,2020-04-15,13,16
2020-03-13,2020-04-15,17,33
2020-03-14,2020-04-15,19,52
2020-03-15,2020-04-15,21,73
2020-03-16,2020-04-15,23,96
2020-03-17,2020-04-15,24,120
2020-03-18,2020-04-15,26,146
2020-03-19,2020-04-15,27,173
2020-03-20,2020-04-15,28,201
2020-03-21,2020-04-15,29,230
2020-03-22,2020-04-15,30,260
2020-03-23,2020-04-15,30,290
2020-03-24,2020-04-15,31,321
2020-03-25,2020-04-15,32,353
2020-03-26,2020-04-15,33,386
2020-03-27,2020-04-15,33,419
2020-03-28,2020-04-15,34,453
2020-03-29,2020-04-15,35,488
2020-03-30,2020-04-15,35,523
2020-03-31,2020-04-15,36,559
2020-04-01,2020-04-15,36,595
2020-04-02,2020-04-15,37,632
2020-04-03,2020-04-15,37,669
2020-04-04,2020-04-15,38,707
2020-04-05,2020-04-15,38,745
2020-04-06,2020-04-15,39,784
2020-04-07,2020-04-15,39,823
2020-04-08,2020-04-15,40,863
2020-04-09,2020-04-15,40,903
2020-04-10,2020-04-15,41,944
2020-04-11,2020-04-15,41,985
2020-04-12,2020-04-15,41,1026
2020-04-13,2020-04-15,42,1068
2020-04-14,2020-04-15,42,1110
2020-04-15,2020-04-15,43,1153
2020-04-16,2020-04-15,43,1196
2020-04-17,2020-04-15,43,1239
2020-04-18,2020-04-15,44,1283
2020-04-19,2020-04-15,44,1327
2020-04-20,2020-04-15,44,1371
2020-04-21,2020-04-15,45,1416
2020-04-22,2020-04-15,45,1461
2020-04-23,2020-04-15,46,1507
2020-04-24,2020-04-15,46,1553
2020-04-25,2020-04-15,46,1599
2020-04-26,2020-04-15,46,1645
2020-04-27,2020-04-15,47,1692
2020-04-28,2020-04-15,47,1739
2020-04-29,2020-04-15,47,1786
2020-04-30,2020-04-15,48,1834
2020-05-01,2020-04-15,48,1882
2020-05-02,2020-04-15,48,1930
2020-05-03,2020-04-15,49,1979
2020-05-04,2020-04-15,49,2028
2020-05-05,2020-04-15,49,2077
2020-03-11,2020-04-16,2,3
2020-03-12,2020-04-16,13,16
2020-03-13,2020-04-16,17,33
2020-03-14,2020-04-16,20,53
2020-03-15,2020-04-16,22,75
2020-03-16,2020-04-16,23,98
2020-03-17,2020-04-16,25,123
2020-03-18,2020-04-16,26,149
2020-03-19,2020-04-16,27,176
2020-03-20,2020-04-16,28,204
2020-03-21,2020-04-16,29,233
2020-03-22,2020-04-16,29,262
2020-03-23,2020-04-16,30,292
2020-03-24,2020-04-16,31,323
2020-03-25,2020-04-16,31,354
2020-03-26,2020-04-16,32,386
2020-03-27,2020-04-16,33,419
2020-03-28,2020-04-16,33,452
2020-03-29,2020-04-16,34,486
2020-03-30,2020-04-16,34,520
2020-03-31,2020-04-16,35,555
2020-04-01,2020-04-16,35,590
2020-04-02,2020-04-16,36,626
2020-04-03,2020-04-16,36,662
2020-04-04,2020-04-16,37,699
2020-04-05,2020-04-16,37,736
2020-04-06,2020-04-16,38,774
2020-04-07,2020-04-16,38,812
2020-04-08,2020-04-16,38,850
2020-04-09,2020-04-16,39,889
2020-04-10,2020-04-16,39,928
2020-04-11,2020-04-16,40,968
2020-04-12,2020-04-16,40,1008
2020-04-13,2020-04-16,40,1048
2020-04-14,2020-04-16,41,1089
2020-04-15,2020-04-16,41,1130
2020-04-16,2020-04-16,41,1171
2020-04-17,2020-04-16,42,1213
2020-04-18,2020-04-16,42,1255
2020-04-19,2020-04-16,42,1297
2020-04-20,2020-04-16,43,1340
2020-04-21,2020-04-16,43,1383
2020-04-22,2020-04-16,43,1426
2020-04-23,2020-04-16,44,1470
2020-04-24,2020-04-16,44,1514
2020-04-25,2020-04-16,44,1558
2020-04-26,2020-04-16,44,1602
2020-04-27,2020-04-16,45,1647
2020-04-28,2020-04-16,45,1692
2020-04-29,2020-04-16,45,1737
2020-04-30,2020-04-16,45,1782
2020-05-01,2020-04-16,46,1828
2020-05-02,2020-04-16,46,1874
2020-05-03,2020-04-16,46,1920
2020-05-04,2020-04-16,47,1967
2020-05-05,2020-04-16,47,2014
2020-05-06,2020-04-16,47,2061
2020-03-11,2020-04-17,2,3
2020-03-12,2020-04-17,12,15
2020-03-13,2020-04-17,16,31
2020-03-14,2020-04-17,19,50
2020-03-15,2020-04-17,21,71
2020-03-16,2020-04-17,22,93
2020-03-17,2020-04-17,24,117
2020-03-18,2020-04-17,25,142
2020-03-19,2020-04-17,26,168
2020-03-20,2020-04-17,28,196
2020-03-21,2020-04-17,29,225
2020-03-22,2020-04-17,30,255
2020-03-23,2020-04-17,31,286
2020-03-24,2020-04-17,31,317
2020-03-25,2020-04-17,32,349
2020-03-26,2020-04-17,33,382
2020-03-27,2020-04-17,34,416
2020-03-28,2020-04-17,35,451
2020-03-29,2020-04-17,35,486
2020-03-30,2020-04-17,36,522
2020-03-31,2020-04-17,37,559
2020-04-01,2020-04-17,37,596
2020-04-02,2020-04-17,38,634
2020-04-03,2020-04-17,38,672
2020-04-04,2020-04-17,39,711
2020-04-05,2020-04-17,40,751
2020-04-06,2020-04-17,40,791
2020-04-07,2020-04-17,41,832
2020-04-08,2020-04-17,41,873
2020-04-09,2020-04-17,42,915
2020-04-10,2020-04-17,42,957
2020-04-11,2020-04-17,43,1000
2020-04-12,2020-04-17,43,1043
2020-04-13,2020-04-17,44,1087
2020-04-14,2020-04-17,44,1131
2020-04-15,2020-04-17,44,1175
2020-04-16,2020-04-17,45,1220
2020-04-17,2020-04-17,45,1265
2020-04-18,2020-04-17,46,1311
2020-04-19,2020-04-17,46,1357
2020-04-20,2020-04-17,47,1404
2020-04-21,2020-04-17,47,1451
2020-04-22,2020-04-17,47,1498
2020-04-23,2020-04-17,48,1546
2020-04-24,2020-04-17,48,1594
2020-04-25,2020-04-17,49,1643
2020-04-26,2020-04-17,49,1692
2020-04-27,2020-04-17,49,1741
2020-04-28,2020-04-17,50,1791
2020-04-29,2020-04-17,50,1841
2020-04-30,2020-04-17,50,1891
2020-05-01,2020-04-17,51,1942
2020-05-02,2020-04-17,51,1993
2020-05-03,2020-04-17,51,2044
2020-05-04,2020-04-17,52,2096
2020-05-05,2020-04-17,52,2148
2020-05-06,2020-04-17,52,2200
2020-05-07,2020-04-17,53,2253
2020-03-11,2020-04-18,2,3
2020-03-12,2020-04-18,11,14
2020-03-13,2020-04-18,16,30
2020-03-14,2020-04-18,18,48
2020-03-15,2020-04-18,20,68
2020-03-16,2020-04-18,22,90
2020-03-17,2020-04-18,24,114
2020-03-18,2020-04-18,25,139
2020-03-19,2020-04-18,26,165
2020-03-20,2020-04-18,28,193
2020-03-21,2020-04-18,29,222
2020-03-22,2020-04-18,30,252
2020-03-23,2020-04-18,31,283
2020-03-24,2020-04-18,32,315
2020-03-25,2020-04-18,32,347
2020-03-26,2020-04-18,33,380
2020-03-27,2020-04-18,34,414
2020-03-28,2020-04-18,35,449
2020-03-29,2020-04-18,36,485
2020-03-30,2020-04-18,36,521
2020-03-31,2020-04-18,37,558
2020-04-01,2020-04-18,38,596
2020-04-02,2020-04-18,38,634
2020-04-03,2020-04-18,39,673
2020-04-04,2020-04-18,40,713
2020-04-05,2020-04-18,40,753
2020-04-06,2020-04-18,41,794
2020-04-07,2020-04-18,41,835
2020-04-08,2020-04-18,42,877
2020-04-09,2020-04-18,42,919
2020-04-10,2020-04-18,43,962
2020-04-11,2020-04-18,43,1005
2020-04-12,2020-04-18,44,1049
2020-04-13,2020-04-18,44,1093
2020-04-14,2020-04-18,45,1138
2020-04-15,2020-04-18,45,1183
2020-04-16,2020-04-18,46,1229
2020-04-17,2020-04-18,46,1275
2020-04-18,2020-04-18,47,1322
2020-04-19,2020-04-18,47,1369
2020-04-20,2020-04-18,48,1417
2020-04-21,2020-04-18,48,1465
2020-04-22,2020-04-18,49,1514
2020-04-23,2020-04-18,49,1563
2020-04-24,2020-04-18,49,1612
2020-04-25,2020-04-18,50,1662
2020-04-26,2020-04-18,50,1712
2020-04-27,2020-04-18,51,1763
2020-04-28,2020-04-18,51,1814
2020-04-29,2020-04-18,51,1865
2020-04-30,2020-04-18,52,1917
2020-05-01,2020-04-18,52,1969
2020-05-02,2020-04-18,52,2021
2020-05-03,2020-04-18,53,2074
2020-05-04,2020-04-18,53,2127
2020-05-05,2020-04-18,54,2181
2020-05-06,2020-04-18,54,2235
2020-05-07,2020-04-18,54,2289
2020-05-08,2020-04-18,55,2344
2020-03-11,2020-04-19,2,3
2020-03-12,2020-04-19,12,15
2020-03-13,2020-04-19,16,31
2020-03-14,2020-04-19,19,50
2020-03-15,2020-04-19,21,71
2020-03-16,2020-04-19,23,94
2020-03-17,2020-04-19,24,118
2020-03-18,2020-04-19,25,143
2020-03-19,2020-04-19,27,170
2020-03-20,2020-04-19,28,198
2020-03-21,2020-04-19,29,227
2020-03-22,2020-04-19,30,257
2020-03-23,2020-04-19,31,288
2020-03-24,2020-04-19,31,319
2020-03-25,2020-04-19,32,351
2020-03-26,2020-04-19,33,384
2020-03-27,2020-04-19,34,418
2020-03-28,2020-04-19,34,452
2020-03-29,2020-04-19,35,487
2020-03-30,2020-04-19,36,523
2020-03-31,2020-04-19,36,559
2020-04-01,2020-04-19,37,596
2020-04-02,2020-04-19,38,634
2020-04-03,2020-04-19,38,672
2020-04-04,2020-04-19,39,711
2020-04-05,2020-04-19,39,750
2020-04-06,2020-04-19,40,790
2020-04-07,2020-04-19,40,830
2020-04-08,2020-04-19,41,871
2020-04-09,2020-04-19,41,912
2020-04-10,2020-04-19,42,954
2020-04-11,2020-04-19,42,996
2020-04-12,2020-04-19,43,1039
2020-04-13,2020-04-19,43,1082
2020-04-14,2020-04-19,44,1126
2020-04-15,2020-04-19,44,1170
2020-04-16,2020-04-19,45,1215
2020-04-17,2020-04-19,45,1260
2020-04-18,2020-04-19,45,1305
2020-04-19,2020-04-19,46,1351
2020-04-20,2020-04-19,46,1397
2020-04-21,2020-04-19,47,1444
2020-04-22,2020-04-19,47,1491
2020-04-23,2020-04-19,47,1538
2020-04-24,2020-04-19,48,1586
2020-04-25,2020-04-19,48,1634
2020-04-26,2020-04-19,48,1682
2020-04-27,2020-04-19,49,1731
2020-04-28,2020-04-19,49,1780
2020-04-29,2020-04-19,49,1829
2020-04-30,2020-04-19,50,1879
2020-05-01,2020-04-19,50,1929
2020-05-02,2020-04-19,50,1979
2020-05-03,2020-04-19,51,2030
2020-05-04,2020-04-19,51,2081
2020-05-05,2020-04-19,51,2132
2020-05-06,2020-04-19,52,2184
2020-05-07,2020-04-19,52,2236
2020-05-08,2020-04-19,52,2288
2020-05-09,2020-04-19,53,2341
2020-03-11,2020-04-20,2,3
2020-03-12,2020-04-20,13,16
2020-03-13,2020-04-20,17,33
2020-03-14,2020-04-20,19,52
2020-03-15,2020-04-20,21,73
2020-03-16,2020-04-20,23,96
2020-03-17,2020-04-20,24,120
2020-03-18,2020-04-20,26,146
2020-03-19,2020-04-20,27,173
2020-03-20,2020-04-20,28,201
2020-03-21,2020-04-20,29,230
2020-03-22,2020-04-20,30,260
2020-03-23,2020-04-20,30,290
2020-03-24,2020-04-20,31,321
2020-03-25,2020-04-20,32,353
2020-03-26,2020-04-20,33,386
2020-03-27,2020-04-20,33,419
2020-03-28,2020-04-20,34,453
2020-03-29,2020-04-20,35,488
2020-03-30,2020-04-20,35,523
2020-03-31,2020-04-20,36,559
2020-04-01,2020-04-20,36,595
2020-04-02,2020-04-20,37,632
2020-04-03,2020-04-20,37,669
2020-04-04,2020-04-20,38,707
2020-04-05,2020-04-20,38,745
2020-04-06,2020-04-20,39,784
2020-04-07,2020-04-20,39,823
2020-04-08,2020-04-20,40,863
2020-04-09,2020-04-20,40,903
2020-04-10,2020-04-20,41,944
2020-04-11,2020-04-20,41,985
2020-04-12,2020-04-20,41,1026
2020-04-13,2020-04-20,42,1068
2020-04-14,2020-04-20,42,1110
2020-04-15,2020-04-20,43,1153
2020-04-16,2020-04-20,43,1196
2020-04-17,2020-04-20,43,1239
2020-04-18,2020-04-20,44,1283
2020-04-19,2020-04-20,44,1327
2020-04-20,2020-04-20,44,1371
2020-04-21,2020-04-20,45,1416
2020-04-22,2020-04-20,45,1461
2020-04-23,2020-04-20,45,1506
2020-04-24,2020-04-20,46,1552
2020-04-25,2020-04-20,46,1598
2020-04-26,2020-04-20,46,1644
2020-04-27,2020-04-20,47,1691
2020-04-28,2020-04-20,47,1738
2020-04-29,2020-04-20,47,1785
2020-04-30,2020-04-20,48,1833
2020-05-01,2020-04-20,48,1881
2020-05-02,2020-04-20,48,1929
2020-05-03,2020-04-20,49,1978
2020-05-04,2020-04-20,49,2027
2020-05-05,2020-04-20,49,2076
2020-05-06,2020-04-20,49,2125
2020-05-07,2020-04-20,50,2175
2020-05-08,2020-04-20,50,2225
2020-05-09,2020-04-20,50,2275
2020-05-10,2020-04-20,50,2325
2020-03-11,2020-04-21,2,3
2020-03-12,2020-04-21,14,17
2020-03-13,2020-04-21,18,35
2020-03-14,2020-04-21,20,55
2020-03-15,2020-04-21,22,77
2020-03-16,2020-04-21,23,100
2020-03-17,2020-04-21,25,125
2020-03-18,2020-04-21,26,151
2020-03-19,2020-04-21,27,178
2020-03-20,2020-04-21,28,206
2020-03-21,2020-04-21,29,235
2020-03-22,2020-04-21,30,265
2020-03-23,2020-04-21,30,295
2020-03-24,2020-04-21,31,326
2020-03-25,2020-04-21,32,358
2020-03-26,2020-04-21,32,390
2020-03-27,2020-04-21,33,423
2020-03-28,2020-04-21,34,457
2020-03-29,2020-04-21,34,491
2020-03-30,2020-04-21,35,526
2020-03-31,2020-04-21,35,561
2020-04-01,2020-04-21,36,597
2020-04-02,2020-04-21,36,633
2020-04-03,2020-04-21,37,670
2020-04-04,2020-04-21,37,707
2020-04-05,2020-04-21,38,745
2020-04-06,2020-04-21,38,783
2020-04-07,2020-04-21,38,821
2020-04-08,2020-04-21,39,860
2020-04-09,2020-04-21,39,899
2020-04-10,2020-04-21,40,939
2020-04-11,2020-04-21,40,979
2020-04-12,2020-04-21,40,1019
2020-04-13,2020-04-21,41,1060
2020-04-14,2020-04-21,41,1101
2020-04-15,2020-04-21,41,1142
2020-04-16,2020-04-21,42,1184
2020-04-17,2020-04-21,42,1226
2020-04-18,2020-04-21,42,1268
2020-04-19,2020-04-21,43,1311
2020-04-20,2020-04-21,43,1354
2020-04-21,2020-04-21,43,1397
2020-04-22,2020-04-21,44,1441
2020-04-23,2020-04-21,44,1485
2020-04-24,2020-04-21,44,1529
2020-04-25,2020-04-21,44,1573
2020-04-26,2020-04-21,45,1618
2020-04-27,2020-04-21,45,1663
2020-04-28,2020-04-21,45,1708
2020-04-29,2020-04-21,46,1754
2020-04-30,2020-04-21,46,1800
2020-05-01,2020-04-21,46,1846
2020-05-02,2020-04-21,46,1892
2020-05-03,2020-04-21,47,1939
2020-05-04,2020-04-21,47,1986
2020-05-05,2020-04-21,47,2033
2020-05-06,2020-04-21,47,2080
2020-05-07,2020-04-21,48,2128
2020-05-08,2020-04-21,48,2176
2020-05-09,2020-04-21,48,2224
2020-05-10,2020-04-21,48,2272
2020-05-11,2020-04-21,48,2320
2020-03-11,2020-04-22,2,3
2020-03-12,2020-04-22,14,17
2020-03-13,2020-04-22,18,35
2020-03-14,2020-04-22,20,55
2020-03-15,2020-04-22,22,77
2020-03-16,2020-04-22,24,101
2020-03-17,2020-04-22,25,126
2020-03-18,2020-04-22,26,152
2020-03-19,2020-04-22,27,179
2020-03-20,2020-04-22,28,207
2020-03-21,2020-04-22,29,236
2020-03-22,2020-04-22,30,266
2020-03-23,2020-04-22,30,296
2020-03-24,2020-04-22,31,327
2020-03-25,2020-04-22,32,359
2020-03-26,2020-04-22,32,391
2020-03-27,2020-04-22,33,424
2020-03-28,2020-04-22,33,457
2020-03-29,2020-04-22,34,491
2020-03-30,2020-04-22,34,525
2020-03-31,2020-04-22,35,560
2020-04-01,2020-04-22,35,595
2020-04-02,2020-04-22,36,631
2020-04-03,2020-04-22,36,667
2020-04-04,2020-04-22,37,704
2020-04-05,2020-04-22,37,741
2020-04-06,2020-04-22,37,778
2020-04-07,2020-04-22,38,816
2020-04-08,2020-04-22,38,854
2020-04-09,2020-04-22,38,892
2020-04-10,2020-04-22,39,931
2020-04-11,2020-04-22,39,970
2020-04-12,2020-04-22,40,1010
2020-04-13,2020-04-22,40,1050
2020-04-14,2020-04-22,40,1090
2020-04-15,2020-04-22,41,1131
2020-04-16,2020-04-22,41,1172
2020-04-17,2020-04-22,41,1213
2020-04-18,2020-04-22,41,1254
2020-04-19,2020-04-22,42,1296
2020-04-20,2020-04-22,42,1338
2020-04-21,2020-04-22,42,1380
2020-04-22,2020-04-22,43,1423
2020-04-23,2020-04-22,43,1466
2020-04-24,2020-04-22,43,1509
2020-04-25,2020-04-22,43,1552
2020-04-26,2020-04-22,44,1596
2020-04-27,2020-04-22,44,1640
2020-04-28,2020-04-22,44,1684
2020-04-29,2020-04-22,44,1728
2020-04-30,2020-04-22,45,1773
2020-05-01,2020-04-22,45,1818
2020-05-02,2020-04-22,45,1863
2020-05-03,2020-04-22,45,1908
2020-05-04,2020-04-22,46,1954
2020-05-05,2020-04-22,46,2000
2020-05-06,2020-04-22,46,2046
2020-05-07,2020-04-22,46,2092
2020-05-08,2020-04-22,46,2138
2020-05-09,2020-04-22,47,2185
2020-05-10,2020-04-22,47,2232
2020-05-11,2020-04-22,47,2279
2020-05-12,2020-04-22,47,2326
2020-03-11,2020-04-23,2,3
2020-03-12,2020-04-23,15,18
2020-03-13,2020-04-23,19,37
2020-03-14,2020-04-23,21,58
2020-03-15,2020-04-23,23,81
2020-03-16,2020-04-23,24,105
2020-03-17,2020-04-23,25,130
2020-03-18,2020-04-23,26,156
2020-03-19,2020-04-23,27,183
2020-03-20,2020-04-23,28,211
2020-03-21,2020-04-23,29,240
2020-03-22,2020-04-23,29,269
2020-03-23,2020-04-23,30,299
2020-03-24,2020-04-23,31,330
2020-03-25,2020-04-23,31,361
2020-03-26,2020-04-23,32,393
2020-03-27,2020-04-23,32,425
2020-03-28,2020-04-23,33,458
2020-03-29,2020-04-23,33,491
2020-03-30,2020-04-23,34,525
2020-03-31,2020-04-23,34,559
2020-04-01,2020-04-23,34,593
2020-04-02,2020-04-23,35,628
2020-04-03,2020-04-23,35,663
2020-04-04,2020-04-23,36,699
2020-04-05,2020-04-23,36,735
2020-04-06,2020-04-23,36,771
2020-04-07,2020-04-23,37,808
2020-04-08,2020-04-23,37,845
2020-04-09,2020-04-23,37,882
2020-04-10,2020-04-23,38,920
2020-04-11,2020-04-23,38,958
2020-04-12,2020-04-23,38,996
2020-04-13,2020-04-23,38,1034
2020-04-14,2020-04-23,39,1073
2020-04-15,2020-04-23,39,1112
2020-04-16,2020-04-23,39,1151
2020-04-17,2020-04-23,40,1191
2020-04-18,2020-04-23,40,1231
2020-04-19,2020-04-23,40,1271
2020-04-20,2020-04-23,40,1311
2020-04-21,2020-04-23,40,1351
2020-04-22,2020-04-23,41,1392
2020-04-23,2020-04-23,41,1433
2020-04-24,2020-04-23,41,1474
2020-04-25,2020-04-23,41,1515
2020-04-26,2020-04-23,42,1557
2020-04-27,2020-04-23,42,1599
2020-04-28,2020-04-23,42,1641
2020-04-29,2020-04-23,42,1683
2020-04-30,2020-04-23,42,1725
2020-05-01,2020-04-23,43,1768
2020-05-02,2020-04-23,43,1811
2020-05-03,2020-04-23,43,1854
2020-05-04,2020-04-23,43,1897
2020-05-05,2020-04-23,43,1940
2020-05-06,2020-04-23,44,1984
2020-05-07,2020-04-23,44,2028
2020-05-08,2020-04-23,44,2072
2020-05-09,2020-04-23,44,2116
2020-05-10,2020-04-23,44,2160
2020-05-11,2020-04-23,45,2205
2020-05-12,2020-04-23,45,2250
2020-05-13,2020-04-23,45,2295
2020-03-11,2020-04-24,2,3
2020-03-12,2020-04-24,16,19
2020-03-13,2020-04-24,20,39
2020-03-14,2020-04-24,22,61
2020-03-15,2020-04-24,23,84
2020-03-16,2020-04-24,25,109
2020-03-17,2020-04-24,26,135
2020-03-18,2020-04-24,26,161
2020-03-19,2020-04-24,27,188
2020-03-20,2020-04-24,28,216
2020-03-21,2020-04-24,29,245
2020-03-22,2020-04-24,29,274
2020-03-23,2020-04-24,30,304
2020-03-24,2020-04-24,30,334
2020-03-25,2020-04-24,31,365
2020-03-26,2020-04-24,31,396
2020-03-27,2020-04-24,32,428
2020-03-28,2020-04-24,32,460
2020-03-29,2020-04-24,33,493
2020-03-30,2020-04-24,33,526
2020-03-31,2020-04-24,33,559
2020-04-01,2020-04-24,34,593
2020-04-02,2020-04-24,34,627
2020-04-03,2020-04-24,35,662
2020-04-04,2020-04-24,35,697
2020-04-05,2020-04-24,35,732
2020-04-06,2020-04-24,35,767
2020-04-07,2020-04-24,36,803
2020-04-08,2020-04-24,36,839
2020-04-09,2020-04-24,36,875
2020-04-10,2020-04-24,37,912
2020-04-11,2020-04-24,37,949
2020-04-12,2020-04-24,37,986
2020-04-13,2020-04-24,37,1023
2020-04-14,2020-04-24,38,1061
2020-04-15,2020-04-24,38,1099
2020-04-16,2020-04-24,38,1137
2020-04-17,2020-04-24,38,1175
2020-04-18,2020-04-24,39,1214
2020-04-19,2020-04-24,39,1253
2020-04-20,2020-04-24,39,1292
2020-04-21,2020-04-24,39,1331
2020-04-22,2020-04-24,39,1370
2020-04-23,2020-04-24,40,1410
2020-04-24,2020-04-24,40,1450
2020-04-25,2020-04-24,40,1490
2020-04-26,2020-04-24,40,1530
2020-04-27,2020-04-24,40,1570
2020-04-28,2020-04-24,41,1611
2020-04-29,2020-04-24,41,1652
2020-04-30,2020-04-24,41,1693
2020-05-01,2020-04-24,41,1734
2020-05-02,2020-04-24,41,1775
2020-05-03,2020-04-24,41,1816
2020-05-04,2020-04-24,42,1858
2020-05-05,2020-04-24,42,1900
2020-05-06,2020-04-24,42,1942
2020-05-07,2020-04-24,42,1984
2020-05-08,2020-04-24,42,2026
2020-05-09,2020-04-24,42,2068
2020-05-10,2020-04-24,43,2111
2020-05-11,2020-04-24,43,2154
2020-05-12,2020-04-24,43,2197
2020-05-13,2020-04-24,43,2240
2020-05-14,2020-04-24,43,2283
2020-03-11,2020-04-25,2,3
2020-03-12,2020-04-25,17,20
2020-03-13,2020-04-25,20,40
2020-03-14,2020-04-25,22,62
2020-03-15,2020-04-25,24,86
2020-03-16,2020-04-25,25,111
2020-03-17,2020-04-25,26,137
2020-03-18,2020-04-25,27,164
2020-03-19,2020-04-25,27,191
2020-03-20,2020-04-25,28,219
2020-03-21,2020-04-25,29,248
2020-03-22,2020-04-25,29,277
2020-03-23,2020-04-25,30,307
2020-03-24,2020-04-25,30,337
2020-03-25,2020-04-25,31,368
2020-03-26,2020-04-25,31,399
2020-03-27,2020-04-25,31,430
2020-03-28,2020-04-25,32,462
2020-03-29,2020-04-25,32,494
2020-03-30,2020-04-25,33,527
2020-03-31,2020-04-25,33,560
2020-04-01,2020-04-25,33,593
2020-04-02,2020-04-25,33,626
2020-04-03,2020-04-25,34,660
2020-04-04,2020-04-25,34,694
2020-04-05,2020-04-25,34,728
2020-04-06,2020-04-25,35,763
2020-04-07,2020-04-25,35,798
2020-04-08,2020-04-25,35,833
2020-04-09,2020-04-25,35,868
2020-04-10,2020-04-25,36,904
2020-04-11,2020-04-25,36,940
2020-04-12,2020-04-25,36,976
2020-04-13,2020-04-25,36,1012
2020-04-14,2020-04-25,36,1048
2020-04-15,2020-04-25,37,1085
2020-04-16,2020-04-25,37,1122
2020-04-17,2020-04-25,37,1159
2020-04-18,2020-04-25,37,1196
2020-04-19,2020-04-25,37,1233
2020-04-20,2020-04-25,38,1271
2020-04-21,2020-04-25,38,1309
2020-04-22,2020-04-25,38,1347
2020-04-23,2020-04-25,38,1385
2020-04-24,2020-04-25,38,1423
2020-04-25,2020-04-25,38,1461
2020-04-26,2020-04-25,39,1500
2020-04-27,2020-04-25,39,1539
2020-04-28,2020-04-25,39,1578
2020-04-29,2020-04-25,39,1617
2020-04-30,2020-04-25,39,1656
2020-05-01,2020-04-25,39,1695
2020-05-02,2020-04-25,40,1735
2020-05-03,2020-04-25,40,1775
2020-05-04,2020-04-25,40,1815
2020-05-05,2020-04-25,40,1855
2020-05-06,2020-04-25,40,1895
2020-05-07,2020-04-25,40,1935
2020-05-08,2020-04-25,40,1975
2020-05-09,2020-04-25,41,2016
2020-05-10,2020-04-25,41,2057
2020-05-11,2020-04-25,41,2098
2020-05-12,2020-04-25,41,2139
2020-05-13,2020-04-25,41,2180
2020-05-14,2020-04-25,41,2221
2020-05-15,2020-04-25,41,2262
2020-03-11,2020-04-26,2,3
2020-03-12,2020-04-26,18,21
2020-03-13,2020-04-26,21,42
2020-03-14,2020-04-26,23,65
2020-03-15,2020-04-26,24,89
2020-03-16,2020-04-26,25,114
2020-03-17,2020-04-26,26,140
2020-03-18,2020-04-26,27,167
2020-03-19,2020-04-26,27,194
2020-03-20,2020-04-26,28,222
2020-03-21,2020-04-26,29,251
2020-03-22,2020-04-26,29,280
2020-03-23,2020-04-26,30,310
2020-03-24,2020-04-26,30,340
2020-03-25,2020-04-26,30,370
2020-03-26,2020-04-26,31,401
2020-03-27,2020-04-26,31,432
2020-03-28,2020-04-26,31,463
2020-03-29,2020-04-26,32,495
2020-03-30,2020-04-26,32,527
2020-03-31,2020-04-26,32,559
2020-04-01,2020-04-26,33,592
2020-04-02,2020-04-26,33,625
2020-04-03,2020-04-26,33,658
2020-04-04,2020-04-26,33,691
2020-04-05,2020-04-26,34,725
2020-04-06,2020-04-26,34,759
2020-04-07,2020-04-26,34,793
2020-04-08,2020-04-26,34,827
2020-04-09,2020-04-26,34,861
2020-04-10,2020-04-26,35,896
2020-04-11,2020-04-26,35,931
2020-04-12,2020-04-26,35,966
2020-04-13,2020-04-26,35,1001
2020-04-14,2020-04-26,35,1036
2020-04-15,2020-04-26,35,1071
2020-04-16,2020-04-26,36,1107
2020-04-17,2020-04-26,36,1143
2020-04-18,2020-04-26,36,1179
2020-04-19,2020-04-26,36,1215
2020-04-20,2020-04-26,36,1251
2020-04-21,2020-04-26,36,1287
2020-04-22,2020-04-26,37,1324
2020-04-23,2020-04-26,37,1361
2020-04-24,2020-04-26,37,1398
2020-04-25,2020-04-26,37,1435
2020-04-26,2020-04-26,37,1472
2020-04-27,2020-04-26,37,1509
2020-04-28,2020-04-26,37,1546
2020-04-29,2020-04-26,38,1584
2020-04-30,2020-04-26,38,1622
2020-05-01,2020-04-26,38,1660
2020-05-02,2020-04-26,38,1698
2020-05-03,2020-04-26,38,1736
2020-05-04,2020-04-26,38,1774
2020-05-05,2020-04-26,38,1812
2020-05-06,2020-04-26,38,1850
2020-05-07,2020-04-26,39,1889
2020-05-08,2020-04-26,39,1928
2020-05-09,2020-04-26,39,1967
2020-05-10,2020-04-26,39,2006
2020-05-11,2020-04-26,39,2045
2020-05-12,2020-04-26,39,2084
2020-05-13,2020-04-26,39,2123
2020-05-14,2020-04-26,39,2162
2020-05-15,2020-04-26,39,2201
2020-05-16,2020-04-26,40,2241
2020-03-11,2020-04-27,2,3
2020-03-12,2020-04-27,19,22
2020-03-13,2020-04-27,22,44
2020-03-14,2020-04-27,24,68
2020-03-15,2020-04-27,25,93
2020-03-16,2020-04-27,26,119
2020-03-17,2020-04-27,26,145
2020-03-18,2020-04-27,27,172
2020-03-19,2020-04-27,28,200
2020-03-20,2020-04-27,28,228
2020-03-21,2020-04-27,28,256
2020-03-22,2020-04-27,29,285
2020-03-23,2020-04-27,29,314
2020-03-24,2020-04-27,30,344
2020-03-25,2020-04-27,30,374
2020-03-26,2020-04-27,30,404
2020-03-27,2020-04-27,31,435
2020-03-28,2020-04-27,31,466
2020-03-29,2020-04-27,31,497
2020-03-30,2020-04-27,31,528
2020-03-31,2020-04-27,32,560
2020-04-01,2020-04-27,32,592
2020-04-02,2020-04-27,32,624
2020-04-03,2020-04-27,32,656
2020-04-04,2020-04-27,32,688
2020-04-05,2020-04-27,33,721
2020-04-06,2020-04-27,33,754
2020-04-07,2020-04-27,33,787
2020-04-08,2020-04-27,33,820
2020-04-09,2020-04-27,33,853
2020-04-10,2020-04-27,33,886
2020-04-11,2020-04-27,34,920
2020-04-12,2020-04-27,34,954
2020-04-13,2020-04-27,34,988
2020-04-14,2020-04-27,34,1022
2020-04-15,2020-04-27,34,1056
2020-04-16,2020-04-27,34,1090
2020-04-17,2020-04-27,35,1125
2020-04-18,2020-04-27,35,1160
2020-04-19,2020-04-27,35,1195
2020-04-20,2020-04-27,35,1230
2020-04-21,2020-04-27,35,1265
2020-04-22,2020-04-27,35,1300
2020-04-23,2020-04-27,35,1335
2020-04-24,2020-04-27,35,1370
2020-04-25,2020-04-27,36,1406
2020-04-26,2020-04-27,36,1442
2020-04-27,2020-04-27,36,1478
2020-04-28,2020-04-27,36,1514
2020-04-29,2020-04-27,36,1550
2020-04-30,2020-04-27,36,1586
2020-05-01,2020-04-27,36,1622
2020-05-02,2020-04-27,36,1658
2020-05-03,2020-04-27,36,1694
2020-05-04,2020-04-27,36,1730
2020-05-05,2020-04-27,37,1767
2020-05-06,2020-04-27,37,1804
2020-05-07,2020-04-27,37,1841
2020-05-08,2020-04-27,37,1878
2020-05-09,2020-04-27,37,1915
2020-05-10,2020-04-27,37,1952
2020-05-11,2020-04-27,37,1989
2020-05-12,2020-04-27,37,2026
2020-05-13,2020-04-27,37,2063
2020-05-14,2020-04-27,37,2100
2020-05-15,2020-04-27,37,2137
2020-05-16,2020-04-27,38,2175
2020-05-17,2020-04-27,38,2213
2020-03-11,2020-04-28,2,3
2020-03-12,2020-04-28,19,22
2020-03-13,2020-04-28,22,44
2020-03-14,2020-04-28,24,68
2020-03-15,2020-04-28,25,93
2020-03-16,2020-04-28,26,119
2020-03-17,2020-04-28,26,145
2020-03-18,2020-04-28,27,172
2020-03-19,2020-04-28,28,200
2020-03-20,2020-04-28,28,228
2020-03-21,2020-04-28,28,256
2020-03-22,2020-04-28,29,285
2020-03-23,2020-04-28,29,314
2020-03-24,2020-04-28,30,344
2020-03-25,2020-04-28,30,374
2020-03-26,2020-04-28,30,404
2020-03-27,2020-04-28,30,434
2020-03-28,2020-04-28,31,465
2020-03-29,2020-04-28,31,496
2020-03-30,2020-04-28,31,527
2020-03-31,2020-04-28,31,558
2020-04-01,2020-04-28,32,590
2020-04-02,2020-04-28,32,622
2020-04-03,2020-04-28,32,654
2020-04-04,2020-04-28,32,686
2020-04-05,2020-04-28,32,718
2020-04-06,2020-04-28,33,751
2020-04-07,2020-04-28,33,784
2020-04-08,2020-04-28,33,817
2020-04-09,2020-04-28,33,850
2020-04-10,2020-04-28,33,883
2020-04-11,2020-04-28,33,916
2020-04-12,2020-04-28,34,950
2020-04-13,2020-04-28,34,984
2020-04-14,2020-04-28,34,1018
2020-04-15,2020-04-28,34,1052
2020-04-16,2020-04-28,34,1086
2020-04-17,2020-04-28,34,1120
2020-04-18,2020-04-28,34,1154
2020-04-19,2020-04-28,35,1189
2020-04-20,2020-04-28,35,1224
2020-04-21,2020-04-28,35,1259
2020-04-22,2020-04-28,35,1294
2020-04-23,2020-04-28,35,1329
2020-04-24,2020-04-28,35,1364
2020-04-25,2020-04-28,35,1399
2020-04-26,2020-04-28,35,1434
2020-04-27,2020-04-28,36,1470
2020-04-28,2020-04-28,36,1506
2020-04-29,2020-04-28,36,1542
2020-04-30,2020-04-28,36,1578
2020-05-01,2020-04-28,36,1614
2020-05-02,2020-04-28,36,1650
2020-05-03,2020-04-28,36,1686
2020-05-04,2020-04-28,36,1722
2020-05-05,2020-04-28,36,1758
2020-05-06,2020-04-28,36,1794
2020-05-07,2020-04-28,37,1831
2020-05-08,2020-04-28,37,1868
2020-05-09,2020-04-28,37,1905
2020-05-10,2020-04-28,37,1942
2020-05-11,2020-04-28,37,1979
2020-05-12,2020-04-28,37,2016
2020-05-13,2020-04-28,37,2053
2020-05-14,2020-04-28,37,2090
2020-05-15,2020-04-28,37,2127
2020-05-16,2020-04-28,37,2164
2020-05-17,2020-04-28,37,2201
2020-05-18,2020-04-28,37,2238
2020-03-11,2020-04-29,2,3
2020-03-12,2020-04-29,20,23
2020-03-13,2020-04-29,23,46
2020-03-14,2020-04-29,24,70
2020-03-15,2020-04-29,25,95
2020-03-16,2020-04-29,26,121
2020-03-17,2020-04-29,27,148
2020-03-18,2020-04-29,27,175
2020-03-19,2020-04-29,28,203
2020-03-20,2020-04-29,28,231
2020-03-21,2020-04-29,28,259
2020-03-22,2020-04-29,29,288
2020-03-23,2020-04-29,29,317
2020-03-24,2020-04-29,29,346
2020-03-25,2020-04-29,30,376
2020-03-26,2020-04-29,30,406
2020-03-27,2020-04-29,30,436
2020-03-28,2020-04-29,30,466
2020-03-29,2020-04-29,31,497
2020-03-30,2020-04-29,31,528
2020-03-31,2020-04-29,31,559
2020-04-01,2020-04-29,31,590
2020-04-02,2020-04-29,31,621
2020-04-03,2020-04-29,32,653
2020-04-04,2020-04-29,32,685
2020-04-05,2020-04-29,32,717
2020-04-06,2020-04-29,32,749
2020-04-07,2020-04-29,32,781
2020-04-08,2020-04-29,32,813
2020-04-09,2020-04-29,32,845
2020-04-10,2020-04-29,33,878
2020-04-11,2020-04-29,33,911
2020-04-12,2020-04-29,33,944
2020-04-13,2020-04-29,33,977
2020-04-14,2020-04-29,33,1010
2020-04-15,2020-04-29,33,1043
2020-04-16,2020-04-29,33,1076
2020-04-17,2020-04-29,33,1109
2020-04-18,2020-04-29,34,1143
2020-04-19,2020-04-29,34,1177
2020-04-20,2020-04-29,34,1211
2020-04-21,2020-04-29,34,1245
2020-04-22,2020-04-29,34,1279
2020-04-23,2020-04-29,34,1313
2020-04-24,2020-04-29,34,1347
2020-04-25,2020-04-29,34,1381
2020-04-26,2020-04-29,34,1415
2020-04-27,2020-04-29,34,1449
2020-04-28,2020-04-29,35,1484
2020-04-29,2020-04-29,35,1519
2020-04-30,2020-04-29,35,1554
2020-05-01,2020-04-29,35,1589
2020-05-02,2020-04-29,35,1624
2020-05-03,2020-04-29,35,1659
2020-05-04,2020-04-29,35,1694
2020-05-05,2020-04-29,35,1729
2020-05-06,2020-04-29,35,1764
2020-05-07,2020-04-29,35,1799
2020-05-08,2020-04-29,35,1834
2020-05-09,2020-04-29,35,1869
2020-05-10,2020-04-29,35,1904
2020-05-11,2020-04-29,36,1940
2020-05-12,2020-04-29,36,1976
2020-05-13,2020-04-29,36,2012
2020-05-14,2020-04-29,36,2048
2020-05-15,2020-04-29,36,2084
2020-05-16,2020-04-29,36,2120
2020-05-17,2020-04-29,36,2156
2020-05-18,2020-04-29,36,2192
2020-05-19,2020-04-29,36,2228
2020-03-11,2020-04-30,2,3
2020-03-12,2020-04-30,21,24
2020-03-13,2020-04-30,23,47
2020-03-14,2020-04-30,25,72
2020-03-15,2020-04-30,25,97
2020-03-16,2020-04-30,26,123
2020-03-17,2020-04-30,27,150
2020-03-18,2020-04-30,27,177
2020-03-19,2020-04-30,28,205
2020-03-20,2020-04-30,28,233
2020-03-21,2020-04-30,28,261
2020-03-22,2020-04-30,29,290
2020-03-23,2020-04-30,29,319
2020-03-24,2020-04-30,29,348
2020-03-25,2020-04-30,29,377
2020-03-26,2020-04-30,30,407
2020-03-27,2020-04-30,30,437
2020-03-28,2020-04-30,30,467
2020-03-29,2020-04-30,30,497
2020-03-30,2020-04-30,30,527
2020-03-31,2020-04-30,31,558
2020-04-01,2020-04-30,31,589
2020-04-02,2020-04-30,31,620
2020-04-03,2020-04-30,31,651
2020-04-04,2020-04-30,31,682
2020-04-05,2020-04-30,31,713
2020-04-06,2020-04-30,31,744
2020-04-07,2020-04-30,32,776
2020-04-08,2020-04-30,32,808
2020-04-09,2020-04-30,32,840
2020-04-10,2020-04-30,32,872
2020-04-11,2020-04-30,32,904
2020-04-12,2020-04-30,32,936
2020-04-13,2020-04-30,32,968
2020-04-14,2020-04-30,32,1000
2020-04-15,2020-04-30,33,1033
2020-04-16,2020-04-30,33,1066
2020-04-17,2020-04-30,33,1099
2020-04-18,2020-04-30,33,1132
2020-04-19,2020-04-30,33,1165
2020-04-20,2020-04-30,33,1198
2020-04-21,2020-04-30,33,1231
2020-04-22,2020-04-30,33,1264
2020-04-23,2020-04-30,33,1297
2020-04-24,2020-04-30,33,1330
2020-04-25,2020-04-30,33,1363
2020-04-26,2020-04-30,33,1396
2020-04-27,2020-04-30,34,1430
2020-04-28,2020-04-30,34,1464
2020-04-29,2020-04-30,34,1498
2020-04-30,2020-04-30,34,1532
2020-05-01,2020-04-30,34,1566
2020-05-02,2020-04-30,34,1600
2020-05-03,2020-04-30,34,1634
2020-05-04,2020-04-30,34,1668
2020-05-05,2020-04-30,34,1702
2020-05-06,2020-04-30,34,1736
2020-05-07,2020-04-30,34,1770
2020-05-08,2020-04-30,34,1804
2020-05-09,2020-04-30,34,1838
2020-05-10,2020-04-30,34,1872
2020-05-11,2020-04-30,35,1907
2020-05-12,2020-04-30,35,1942
2020-05-13,2020-04-30,35,1977
2020-05-14,2020-04-30,35,2012
2020-05-15,2020-04-30,35,2047
2020-05-16,2020-04-30,35,2082
2020-05-17,2020-04-30,35,2117
2020-05-18,2020-04-30,35,2152
2020-05-19,2020-04-30,35,2187
2020-05-20,2020-04-30,35,2222
2020-03-11,2020-05-01,2,3
2020-03-12,2020-05-01,22,25
2020-03-13,2020-05-01,24,49
2020-03-14,2020-05-01,25,74
2020-03-15,2020-05-01,26,100
2020-03-16,2020-05-01,26,126
2020-03-17,2020-05-01,27,153
2020-03-18,2020-05-01,27,180
2020-03-19,2020-05-01,28,208
2020-03-20,2020-05-01,28,236
2020-03-21,2020-05-01,28,264
2020-03-22,2020-05-01,28,292
2020-03-23,2020-05-01,29,321
2020-03-24,2020-05-01,29,350
2020-03-25,2020-05-01,29,379
2020-03-26,2020-05-01,29,408
2020-03-27,2020-05-01,29,437
2020-03-28,2020-05-01,30,467
2020-03-29,2020-05-01,30,497
2020-03-30,2020-05-01,30,527
2020-03-31,2020-05-01,30,557
2020-04-01,2020-05-01,30,587
2020-04-02,2020-05-01,30,617
2020-04-03,2020-05-01,30,647
2020-04-04,2020-05-01,31,678
2020-04-05,2020-05-01,31,709
2020-04-06,2020-05-01,31,740
2020-04-07,2020-05-01,31,771
2020-04-08,2020-05-01,31,802
2020-04-09,2020-05-01,31,833
2020-04-10,2020-05-01,31,864
2020-04-11,2020-05-01,31,895
2020-04-12,2020-05-01,31,926
2020-04-13,2020-05-01,31,957
2020-04-14,2020-05-01,32,989
2020-04-15,2020-05-01,32,1021
2020-04-16,2020-05-01,32,1053
2020-04-17,2020-05-01,32,1085
2020-04-18,2020-05-01,32,1117
2020-04-19,2020-05-01,32,1149
2020-04-20,2020-05-01,32,1181
2020-04-21,2020-05-01,32,1213
2020-04-22,2020-05-01,32,1245
2020-04-23,2020-05-01,32,1277
2020-04-24,2020-05-01,32,1309
2020-04-25,2020-05-01,32,1341
2020-04-26,2020-05-01,32,1373
2020-04-27,2020-05-01,33,1406
2020-04-28,2020-05-01,33,1439
2020-04-29,2020-05-01,33,1472
2020-04-30,2020-05-01,33,1505
2020-05-01,2020-05-01,33,1538
2020-05-02,2020-05-01,33,1571
2020-05-03,2020-05-01,33,1604
2020-05-04,2020-05-01,33,1637
2020-05-05,2020-05-01,33,1670
2020-05-06,2020-05-01,33,1703
2020-05-07,2020-05-01,33,1736
2020-05-08,2020-05-01,33,1769
2020-05-09,2020-05-01,33,1802
2020-05-10,2020-05-01,33,1835
2020-05-11,2020-05-01,33,1868
2020-05-12,2020-05-01,33,1901
2020-05-13,2020-05-01,33,1934
2020-05-14,2020-05-01,33,1967
2020-05-15,2020-05-01,33,2000
2020-05-16,2020-05-01,34,2034
2020-05-17,2020-05-01,34,2068
2020-05-18,2020-05-01,34,2102
2020-05-19,2020-05-01,34,2136
2020-05-20,2020-05-01,34,2170
2020-05-21,2020-05-01,34,2204
2020-03-11,2020-05-02,2,3
2020-03-12,2020-05-02,23,26
2020-03-13,2020-05-02,25,51
2020-03-14,2020-05-02,26,77
2020-03-15,2020-05-02,26,103
2020-03-16,2020-05-02,27,130
2020-03-17,2020-05-02,27,157
2020-03-18,2020-05-02,27,184
2020-03-19,2020-05-02,28,212
2020-03-20,2020-05-02,28,240
2020-03-21,2020-05-02,28,268
2020-03-22,2020-05-02,28,296
2020-03-23,2020-05-02,28,324
2020-03-24,2020-05-02,29,353
2020-03-25,2020-05-02,29,382
2020-03-26,2020-05-02,29,411
2020-03-27,2020-05-02,29,440
2020-03-28,2020-05-02,29,469
2020-03-29,2020-05-02,29,498
2020-03-30,2020-05-02,29,527
2020-03-31,2020-05-02,30,557
2020-04-01,2020-05-02,30,587
2020-04-02,2020-05-02,30,617
2020-04-03,2020-05-02,30,647
2020-04-04,2020-05-02,30,677
2020-04-05,2020-05-02,30,707
2020-04-06,2020-05-02,30,737
2020-04-07,2020-05-02,30,767
2020-04-08,2020-05-02,30,797
2020-04-09,2020-05-02,30,827
2020-04-10,2020-05-02,30,857
2020-04-11,2020-05-02,31,888
2020-04-12,2020-05-02,31,919
2020-04-13,2020-05-02,31,950
2020-04-14,2020-05-02,31,981
2020-04-15,2020-05-02,31,1012
2020-04-16,2020-05-02,31,1043
2020-04-17,2020-05-02,31,1074
2020-04-18,2020-05-02,31,1105
2020-04-19,2020-05-02,31,1136
2020-04-20,2020-05-02,31,1167
2020-04-21,2020-05-02,31,1198
2020-04-22,2020-05-02,31,1229
2020-04-23,2020-05-02,31,1260
2020-04-24,2020-05-02,31,1291
2020-04-25,2020-05-02,31,1322
2020-04-26,2020-05-02,31,1353
2020-04-27,2020-05-02,31,1384
2020-04-28,2020-05-02,32,1416
2020-04-29,2020-05-02,32,1448
2020-04-30,2020-05-02,32,1480
2020-05-01,2020-05-02,32,1512
2020-05-02,2020-05-02,32,1544
2020-05-03,2020-05-02,32,1576
2020-05-04,2020-05-02,32,1608
2020-05-05,2020-05-02,32,1640
2020-05-06,2020-05-02,32,1672
2020-05-07,2020-05-02,32,1704
2020-05-08,2020-05-02,32,1736
2020-05-09,2020-05-02,32,1768
2020-05-10,2020-05-02,32,1800
2020-05-11,2020-05-02,32,1832
2020-05-12,2020-05-02,32,1864
2020-05-13,2020-05-02,32,1896
2020-05-14,2020-05-02,32,1928
2020-05-15,2020-05-02,32,1960
2020-05-16,2020-05-02,32,1992
2020-05-17,2020-05-02,32,2024
2020-05-18,2020-05-02,32,2056
2020-05-19,2020-05-02,32,2088
2020-05-20,2020-05-02,32,2120
2020-05-21,2020-05-02,32,2152
2020-05-22,2020-05-02,32,2184
2020-03-11,2020-05-03,2,3
2020-03-12,2020-05-03,24,27
2020-03-13,2020-05-03,25,52
2020-03-14,2020-05-03,26,78
2020-03-15,2020-05-03,26,104
2020-03-16,2020-05-03,27,131
2020-03-17,2020-05-03,27,158
2020-03-18,2020-05-03,27,185
2020-03-19,2020-05-03,28,213
2020-03-20,2020-05-03,28,241
2020-03-21,2020-05-03,28,269
2020-03-22,2020-05-03,28,297
2020-03-23,2020-05-03,28,325
2020-03-24,2020-05-03,28,353
2020-03-25,2020-05-03,29,382
2020-03-26,2020-05-03,29,411
2020-03-27,2020-05-03,29,440
2020-03-28,2020-05-03,29,469
2020-03-29,2020-05-03,29,498
2020-03-30,2020-05-03,29,527
2020-03-31,2020-05-03,29,556
2020-04-01,2020-05-03,29,585
2020-04-02,2020-05-03,29,614
2020-04-03,2020-05-03,29,643
2020-04-04,2020-05-03,29,672
2020-04-05,2020-05-03,30,702
2020-04-06,2020-05-03,30,732
2020-04-07,2020-05-03,30,762
2020-04-08,2020-05-03,30,792
2020-04-09,2020-05-03,30,822
2020-04-10,2020-05-03,30,852
2020-04-11,2020-05-03,30,882
2020-04-12,2020-05-03,30,912
2020-04-13,2020-05-03,30,942
2020-04-14,2020-05-03,30,972
2020-04-15,2020-05-03,30,1002
2020-04-16,2020-05-03,30,1032
2020-04-17,2020-05-03,30,1062
2020-04-18,2020-05-03,30,1092
2020-04-19,2020-05-03,30,1122
2020-04-20,2020-05-03,30,1152
2020-04-21,2020-05-03,30,1182
2020-04-22,2020-05-03,30,1212
2020-04-23,2020-05-03,31,1243
2020-04-24,2020-05-03,31,1274
2020-04-25,2020-05-03,31,1305
2020-04-26,2020-05-03,31,1336
2020-04-27,2020-05-03,31,1367
2020-04-28,2020-05-03,31,1398
2020-04-29,2020-05-03,31,1429
2020-04-30,2020-05-03,31,1460
2020-05-01,2020-05-03,31,1491
2020-05-02,2020-05-03,31,1522
2020-05-03,2020-05-03,31,1553
2020-05-04,2020-05-03,31,1584
2020-05-05,2020-05-03,31,1615
2020-05-06,2020-05-03,31,1646
2020-05-07,2020-05-03,31,1677
2020-05-08,2020-05-03,31,1708
2020-05-09,2020-05-03,31,1739
2020-05-10,2020-05-03,31,1770
2020-05-11,2020-05-03,31,1801
2020-05-12,2020-05-03,31,1832
2020-05-13,2020-05-03,31,1863
2020-05-14,2020-05-03,31,1894
2020-05-15,2020-05-03,31,1925
2020-05-16,2020-05-03,31,1956
2020-05-17,2020-05-03,31,1987
2020-05-18,2020-05-03,31,2018
2020-05-19,2020-05-03,31,2049
2020-05-20,2020-05-03,31,2080
2020-05-21,2020-05-03,31,2111
2020-05-22,2020-05-03,31,2142
2020-05-23,2020-05-03,31,2173
2020-03-11,2020-05-04,2,3
2020-03-12,2020-05-04,25,28
2020-03-13,2020-05-04,26,54
2020-03-14,2020-05-04,26,80
2020-03-15,2020-05-04,27,107
2020-03-16,2020-05-04,27,134
2020-03-17,2020-05-04,27,161
2020-03-18,2020-05-04,27,188
2020-03-19,2020-05-04,28,216
2020-03-20,2020-05-04,28,244
2020-03-21,2020-05-04,28,272
2020-03-22,2020-05-04,28,300
2020-03-23,2020-05-04,28,328
2020-03-24,2020-05-04,28,356
2020-03-25,2020-05-04,28,384
2020-03-26,2020-05-04,28,412
2020-03-27,2020-05-04,28,440
2020-03-28,2020-05-04,29,469
2020-03-29,2020-05-04,29,498
2020-03-30,2020-05-04,29,527
2020-03-31,2020-05-04,29,556
2020-04-01,2020-05-04,29,585
2020-04-02,2020-05-04,29,614
2020-04-03,2020-05-04,29,643
2020-04-04,2020-05-04,29,672
2020-04-05,2020-05-04,29,701
2020-04-06,2020-05-04,29,730
2020-04-07,2020-05-04,29,759
2020-04-08,2020-05-04,29,788
2020-04-09,2020-05-04,29,817
2020-04-10,2020-05-04,29,846
2020-04-11,2020-05-04,29,875
2020-04-12,2020-05-04,29,904
2020-04-13,2020-05-04,29,933
2020-04-14,2020-05-04,29,962
2020-04-15,2020-05-04,29,991
2020-04-16,2020-05-04,29,1020
2020-04-17,2020-05-04,29,1049
2020-04-18,2020-05-04,30,1079
2020-04-19,2020-05-04,30,1109
2020-04-20,2020-05-04,30,1139
2020-04-21,2020-05-04,30,1169
2020-04-22,2020-05-04,30,1199
2020-04-23,2020-05-04,30,1229
2020-04-24,2020-05-04,30,1259
2020-04-25,2020-05-04,30,1289
2020-04-26,2020-05-04,30,1319
2020-04-27,2020-05-04,30,1349
2020-04-28,2020-05-04,30,1379
2020-04-29,2020-05-04,30,1409
2020-04-30,2020-05-04,30,1439
2020-05-01,2020-05-04,30,1469
2020-05-02,2020-05-04,30,1499
2020-05-03,2020-05-04,30,1529
2020-05-04,2020-05-04,30,1559
2020-05-05,2020-05-04,30,1589
2020-05-06,2020-05-04,30,1619
2020-05-07,2020-05-04,30,1649
2020-05-08,2020-05-04,30,1679
2020-05-09,2020-05-04,30,1709
2020-05-10,2020-05-04,30,1739
2020-05-11,2020-05-04,30,1769
2020-05-12,2020-05-04,30,1799
2020-05-13,2020-05-04,30,1829
2020-05-14,2020-05-04,30,1859
2020-05-15,2020-05-04,30,1889
2020-05-16,2020-05-04,30,1919
2020-05-17,2020-05-04,30,1949
2020-05-18,2020-05-04,30,1979
2020-05-19,2020-05-04,30,2009
2020-05-20,2020-05-04,30,2039
2020-05-21,2020-05-04,30,2069
2020-05-22,2020-05-04,30,2099
2020-05-23,2020-05-04,30,2129
2020-05-24,2020-05-04,30,2159
2020-03-11,2020-05-05,2,3
2020-03-12,2020-05-05,26,29
2020-03-13,2020-05-05,26,55
2020-03-14,2020-05-05,27,82
2020-03-15,2020-05-05,27,109
2020-03-16,2020-05-05,27,136
2020-03-17,2020-05-05,27,163
2020-03-18,2020-05-05,27,190
2020-03-19,2020-05-05,28,218
2020-03-20,2020-05-05,28,246
2020-03-21,2020-05-05,28,274
2020-03-22,2020-05-05,28,302
2020-03-23,2020-05-05,28,330
2020-03-24,2020-05-05,28,358
2020-03-25,2020-05-05,28,386
2020-03-26,2020-05-05,28,414
2020-03-27,2020-05-05,28,442
2020-03-28,2020-05-05,28,470
2020-03-29,2020-05-05,28,498
2020-03-30,2020-05-05,28,526
2020-03-31,2020-05-05,28,554
2020-04-01,2020-05-05,28,582
2020-04-02,2020-05-05,28,610
2020-04-03,2020-05-05,28,638
2020-04-04,2020-05-05,28,666
2020-04-05,2020-05-05,28,694
2020-04-06,2020-05-05,29,723
2020-04-07,2020-05-05,29,752
2020-04-08,2020-05-05,29,781
2020-04-09,2020-05-05,29,810
2020-04-10,2020-05-05,29,839
2020-04-11,2020-05-05,29,868
2020-04-12,2020-05-05,29,897
2020-04-13,2020-05-05,29,926
2020-04-14,2020-05-05,29,955
2020-04-15,2020-05-05,29,984
2020-04-16,2020-05-05,29,1013
2020-04-17,2020-05-05,29,1042
2020-04-18,2020-05-05,29,1071
2020-04-19,2020-05-05,29,1100
2020-04-20,2020-05-05,29,1129
2020-04-21,2020-05-05,29,1158
2020-04-22,2020-05-05,29,1187
2020-04-23,2020-05-05,29,1216
2020-04-24,2020-05-05,29,1245
2020-04-25,2020-05-05,29,1274
2020-04-26,2020-05-05,29,1303
2020-04-27,2020-05-05,29,1332
2020-04-28,2020-05-05,29,1361
2020-04-29,2020-05-05,29,1390
2020-04-30,2020-05-05,29,1419
2020-05-01,2020-05-05,29,1448
2020-05-02,2020-05-05,29,1477
2020-05-03,2020-05-05,29,1506
2020-05-04,2020-05-05,29,1535
2020-05-05,2020-05-05,29,1564
2020-05-06,2020-05-05,29,1593
2020-05-07,2020-05-05,29,1622
2020-05-08,2020-05-05,29,1651
2020-05-09,2020-05-05,29,1680
2020-05-10,2020-05-05,29,1709
2020-05-11,2020-05-05,29,1738
2020-05-12,2020-05-05,29,1767
2020-05-13,2020-05-05,29,1796
2020-05-14,2020-05-05,29,1825
2020-05-15,2020-05-05,29,1854
2020-05-16,2020-05-05,29,1883
2020-05-17,2020-05-05,29,1912
2020-05-18,2020-05-05,29,1941
2020-05-19,2020-05-05,29,1970
2020-05-20,2020-05-05,29,1999
2020-05-21,2020-05-05,29,2028
2020-05-22,2020-05-05,29,2057
2020-05-23,2020-05-05,29,2086
2020-05-24,2020-05-05,29,2115
2020-05-25,2020-05-05,29,2144
2020-03-11,2020-05-06,2,3
2020-03-12,2020-05-06,27,30
2020-03-13,2020-05-06,27,57
2020-03-14,2020-05-06,27,84
2020-03-15,2020-05-06,27,111
2020-03-16,2020-05-06,27,138
2020-03-17,2020-05-06,27,165
2020-03-18,2020-05-06,28,193
2020-03-19,2020-05-06,28,221
2020-03-20,2020-05-06,28,249
2020-03-21,2020-05-06,28,277
2020-03-22,2020-05-06,28,305
2020-03-23,2020-05-06,28,333
2020-03-24,2020-05-06,28,361
2020-03-25,2020-05-06,28,389
2020-03-26,2020-05-06,28,417
2020-03-27,2020-05-06,28,445
2020-03-28,2020-05-06,28,473
2020-03-29,2020-05-06,28,501
2020-03-30,2020-05-06,28,529
2020-03-31,2020-05-06,28,557
2020-04-01,2020-05-06,28,585
2020-04-02,2020-05-06,28,613
2020-04-03,2020-05-06,28,641
2020-04-04,2020-05-06,28,669
2020-04-05,2020-05-06,28,697
2020-04-06,2020-05-06,28,725
2020-04-07,2020-05-06,28,753
2020-04-08,2020-05-06,28,781
2020-04-09,2020-05-06,28,809
2020-04-10,2020-05-06,28,837
2020-04-11,2020-05-06,28,865
2020-04-12,2020-05-06,28,893
2020-04-13,2020-05-06,28,921
2020-04-14,2020-05-06,28,949
2020-04-15,2020-05-06,28,977
2020-04-16,2020-05-06,28,1005
2020-04-17,2020-05-06,28,1033
2020-04-18,2020-05-06,28,1061
2020-04-19,2020-05-06,28,1089
2020-04-20,2020-05-06,28,1117
2020-04-21,2020-05-06,28,1145
2020-04-22,2020-05-06,28,1173
2020-04-23,2020-05-06,28,1201
2020-04-24,2020-05-06,28,1229
2020-04-25,2020-05-06,28,1257
2020-04-26,2020-05-06,28,1285
2020-04-27,2020-05-06,28,1313
2020-04-28,2020-05-06,28,1341
2020-04-29,2020-05-06,28,1369
2020-04-30,2020-05-06,28,1397
2020-05-01,2020-05-06,28,1425
2020-05-02,2020-05-06,28,1453
2020-05-03,2020-05-06,28,1481
2020-05-04,2020-05-06,28,1509
2020-05-05,2020-05-06,28,1537
2020-05-06,2020-05-06,28,1565
2020-05-07,2020-05-06,28,1593
2020-05-08,2020-05-06,28,1621
2020-05-09,2020-05-06,28,1649
2020-05-10,2020-05-06,28,1677
2020-05-11,2020-05-06,28,1705
2020-05-12,2020-05-06,28,1733
2020-05-13,2020-05-06,28,1761
2020-05-14,2020-05-06,28,1789
2020-05-15,2020-05-06,28,1817
2020-05-16,2020-05-06,28,1845
2020-05-17,2020-05-06,28,1873
2020-05-18,2020-05-06,28,1901
2020-05-19,2020-05-06,28,1929
2020-05-20,2020-05-06,28,1957
2020-05-21,2020-05-06,28,1985
2020-05-22,2020-05-06,28,2013
2020-05-23,2020-05-06,28,2041
2020-05-24,2020-05-06,28,2069
2020-05-25,2020-05-06,28,2097
2020-05-26,2020-05-06,28,2125
2020-03-11,2020-05-07,2,3
2020-03-12,2020-05-07,28,31
2020-03-13,2020-05-07,28,59
2020-03-14,2020-05-07,28,87
2020-03-15,2020-05-07,28,115
2020-03-16,2020-05-07,28,143
2020-03-17,2020-05-07,28,171
2020-03-18,2020-05-07,28,199
2020-03-19,2020-05-07,28,227
2020-03-20,2020-05-07,28,255
2020-03-21,2020-05-07,28,283
2020-03-22,2020-05-07,28,311
2020-03-23,2020-05-07,28,339
2020-03-24,2020-05-07,28,367
2020-03-25,2020-05-07,28,395
2020-03-26,2020-05-07,28,423
2020-03-27,2020-05-07,28,451
2020-03-28,2020-05-07,28,479
2020-03-29,2020-05-07,28,507
2020-03-30,2020-05-07,28,535
2020-03-31,2020-05-07,28,563
2020-04-01,2020-05-07,28,591
2020-04-02,2020-05-07,28,619
2020-04-03,2020-05-07,28,647
2020-04-04,2020-05-07,28,675
2020-04-05,2020-05-07,28,703
2020-04-06,2020-05-07,28,731
2020-04-07,2020-05-07,28,759
2020-04-08,2020-05-07,28,787
2020-04-09,2020-05-07,28,815
2020-04-10,2020-05-07,28,843
2020-04-11,2020-05-07,28,871
2020-04-12,2020-05-07,28,899
2020-04-13,2020-05-07,28,927
2020-04-14,2020-05-07,28,955
2020-04-15,2020-05-07,28,983
2020-04-16,2020-05-07,28,1011
2020-04-17,2020-05-07,28,1039
2020-04-18,2020-05-07,28,1067
2020-04-19,2020-05-07,28,1095
2020-04-20,2020-05-07,28,1123
2020-04-21,2020-05-07,28,1151
2020-04-22,2020-05-07,28,1179
2020-04-23,2020-05-07,28,1207
2020-04-24,2020-05-07,28,1235
2020-04-25,2020-05-07,28,1263
2020-04-26,2020-05-07,28,1291
2020-04-27,2020-05-07,28,1319
2020-04-28,2020-05-07,28,1347
2020-04-29,2020-05-07,28,1375
2020-04-30,2020-05-07,28,1403
2020-05-01,2020-05-07,28,1431
2020-05-02,2020-05-07,28,1459
2020-05-03,2020-05-07,28,1487
2020-05-04,2020-05-07,28,1515
2020-05-05,2020-05-07,28,1543
2020-05-06,2020-05-07,28,1571
2020-05-07,2020-05-07,28,1599
2020-05-08,2020-05-07,28,1627
2020-05-09,2020-05-07,28,1655
2020-05-10,2020-05-07,28,1683
2020-05-11,2020-05-07,28,1711
2020-05-12,2020-05-07,28,1739
2020-05-13,2020-05-07,28,1767
2020-05-14,2020-05-07,28,1795
2020-05-15,2020-05-07,28,1823
2020-05-16,2020-05-07,28,1851
2020-05-17,2020-05-07,28,1879
2020-05-18,2020-05-07,28,1907
2020-05-19,2020-05-07,28,1935
2020-05-20,2020-05-07,28,1963
2020-05-21,2020-05-07,28,1991
2020-05-22,2020-05-07,28,2019
2020-05-23,2020-05-07,28,2047
2020-05-24,2020-05-07,28,2075
2020-05-25,2020-05-07,28,2103
2020-05-26,2020-05-07,28,2131
2020-05-27,2020-05-07,28,2159
2020-03-11,2020-05-08,2,3
2020-03-12,2020-05-08,27,30
2020-03-13,2020-05-08,27,57
2020-03-14,2020-05-08,27,84
2020-03-15,2020-05-08,27,111
2020-03-16,2020-05-08,27,138
2020-03-17,2020-05-08,27,165
2020-03-18,2020-05-08,27,192
2020-03-19,2020-05-08,27,219
2020-03-20,2020-05-08,27,246
2020-03-21,2020-05-08,27,273
2020-03-22,2020-05-08,27,300
2020-03-23,2020-05-08,27,327
2020-03-24,2020-05-08,27,354
2020-03-25,2020-05-08,27,381
2020-03-26,2020-05-08,27,408
2020-03-27,2020-05-08,27,435
2020-03-28,2020-05-08,27,462
2020-03-29,2020-05-08,27,489
2020-03-30,2020-05-08,27,516
2020-03-31,2020-05-08,27,543
2020-04-01,2020-05-08,27,570
2020-04-02,2020-05-08,27,597
2020-04-03,2020-05-08,27,624
2020-04-04,2020-05-08,27,651
2020-04-05,2020-05-08,27,678
2020-04-06,2020-05-08,27,705
2020-04-07,2020-05-08,27,732
2020-04-08,2020-05-08,27,759
2020-04-09,2020-05-08,27,786
2020-04-10,2020-05-08,27,813
2020-04-11,2020-05-08,27,840
2020-04-12,2020-05-08,27,867
2020-04-13,2020-05-08,27,894
2020-04-14,2020-05-08,27,921
2020-04-15,2020-05-08,27,948
2020-04-16,2020-05-08,27,975
2020-04-17,2020-05-08,27,1002
2020-04-18,2020-05-08,27,1029
2020-04-19,2020-05-08,27,1056
2020-04-20,2020-05-08,27,1083
2020-04-21,2020-05-08,27,1110
2020-04-22,2020-05-08,27,1137
2020-04-23,2020-05-08,27,1164
2020-04-24,2020-05-08,27,1191
2020-04-25,2020-05-08,27,1218
2020-04-26,2020-05-08,27,1245
2020-04-27,2020-05-08,27,1272
2020-04-28,2020-05-08,27,1299
2020-04-29,2020-05-08,27,1326
2020-04-30,2020-05-08,27,1353
2020-05-01,2020-05-08,27,1380
2020-05-02,2020-05-08,27,1407
2020-05-03,2020-05-08,27,1434
2020-05-04,2020-05-08,27,1461
2020-05-05,2020-05-08,27,1488
2020-05-06,2020-05-08,27,1515
2020-05-07,2020-05-08,27,1542
2020-05-08,2020-05-08,27,1569
2020-05-09,2020-05-08,27,1596
2020-05-10,2020-05-08,27,1623
2020-05-11,2020-05-08,27,1650
2020-05-12,2020-05-08,27,1677
2020-05-13,2020-05-08,27,1704
2020-05-14,2020-05-08,27,1731
2020-05-15,2020-05-08,27,1758
2020-05-16,2020-05-08,27,1785
2020-05-17,2020-05-08,27,1812
2020-05-18,2020-05-08,27,1839
2020-05-19,2020-05-08,27,1866
2020-05-20,2020-05-08,27,1893
2020-05-21,2020-05-08,27,1920
2020-05-22,2020-05-08,27,1947
2020-05-23,2020-05-08,27,1974
2020-05-24,2020-05-08,27,2001
2020-05-25,2020-05-08,27,2028
2020-05-26,2020-05-08,27,2055
2020-05-27,2020-05-08,27,2082
2020-05-28,2020-05-08,27,2109
2020-03-11,2020-05-09,2,3
2020-03-12,2020-05-09,27,30
2020-03-13,2020-05-09,27,57
2020-03-14,2020-05-09,27,84
2020-03-15,2020-05-09,27,111
2020-03-16,2020-05-09,27,138
2020-03-17,2020-05-09,27,165
2020-03-18,2020-05-09,27,192
2020-03-19,2020-05-09,27,219
2020-03-20,2020-05-09,27,246
2020-03-21,2020-05-09,27,273
2020-03-22,2020-05-09,27,300
2020-03-23,2020-05-09,27,327
2020-03-24,2020-05-09,27,354
2020-03-25,2020-05-09,27,381
2020-03-26,2020-05-09,27,408
2020-03-27,2020-05-09,27,435
2020-03-28,2020-05-09,27,462
2020-03-29,2020-05-09,27,489
2020-03-30,2020-05-09,27,516
2020-03-31,2020-05-09,27,543
2020-04-01,2020-05-09,27,570
2020-04-02,2020-05-09,27,597
2020-04-03,2020-05-09,27,624
2020-04-04,2020-05-09,27,651
2020-04-05,2020-05-09,27,678
2020-04-06,2020-05-09,27,705
2020-04-07,2020-05-09,27,732
2020-04-08,2020-05-09,27,759
2020-04-09,2020-05-09,27,786
2020-04-10,2020-05-09,27,813
2020-04-11,2020-05-09,27,840
2020-04-12,2020-05-09,27,867
2020-04-13,2020-05-09,27,894
2020-04-14,2020-05-09,27,921
2020-04-15,2020-05-09,27,948
2020-04-16,2020-05-09,27,975
2020-04-17,2020-05-09,27,1002
2020-04-18,2020-05-09,27,1029
2020-04-19,2020-05-09,27,1056
2020-04-20,2020-05-09,27,1083
2020-04-21,2020-05-09,27,1110
2020-04-22,2020-05-09,27,1137
2020-04-23,2020-05-09,27,1164
2020-04-24,2020-05-09,27,1191
2020-04-25,2020-05-09,27,1218
2020-04-26,2020-05-09,27,1245
2020-04-27,2020-05-09,27,1272
2020-04-28,2020-05-09,27,1299
2020-04-29,2020-05-09,27,1326
2020-04-30,2020-05-09,27,1353
2020-05-01,2020-05-09,27,1380
2020-05-02,2020-05-09,27,1407
2020-05-03,2020-05-09,27,1434
2020-05-04,2020-05-09,27,1461
2020-05-05,2020-05-09,27,1488
2020-05-06,2020-05-09,27,1515
2020-05-07,2020-05-09,27,1542
2020-05-08,2020-05-09,27,1569
2020-05-09,2020-05-09,27,1596
2020-05-10,2020-05-09,27,1623
2020-05-11,2020-05-09,27,1650
2020-05-12,2020-05-09,27,1677
2020-05-13,2020-05-09,27,1704
2020-05-14,2020-05-09,27,1731
2020-05-15,2020-05-09,27,1758
2020-05-16,2020-05-09,27,1785
2020-05-17,2020-05-09,27,1812
2020-05-18,2020-05-09,27,1839
2020-05-19,2020-05-09,27,1866
2020-05-20,2020-05-09,27,1893
2020-05-21,2020-05-09,27,1920
2020-05-22,2020-05-09,27,1947
2020-05-23,2020-05-09,27,1974
2020-05-24,2020-05-09,27,2001
2020-05-25,2020-05-09,27,2028
2020-05-26,2020-05-09,27,2055
2020-05-27,2020-05-09,27,2082
2020-05-28,2020-05-09,27,2109
2020-05-29,2020-05-09,27,2136
2020-03-11,2020-05-10,2,3
2020-03-12,2020-05-10,27,30
2020-03-13,2020-05-10,27,57
2020-03-14,2020-05-10,27,84
2020-03-15,2020-05-10,27,111
2020-03-16,2020-05-10,27,138
2020-03-17,2020-05-10,27,165
2020-03-18,2020-05-10,27,192
2020-03-19,2020-05-10,27,219
2020-03-20,2020-05-10,27,246
2020-03-21,2020-05-10,27,273
2020-03-22,2020-05-10,27,300
2020-03-23,2020-05-10,27,327
2020-03-24,2020-05-10,27,354
2020-03-25,2020-05-10,27,381
2020-03-26,2020-05-10,27,408
2020-03-27,2020-05-10,27,435
2020-03-28,2020-05-10,27,462
2020-03-29,2020-05-10,27,489
2020-03-30,2020-05-10,27,516
2020-03-31,2020-05-10,27,543
2020-04-01,2020-05-10,27,570
2020-04-02,2020-05-10,27,597
2020-04-03,2020-05-10,27,624
2020-04-04,2020-05-10,27,651
2020-04-05,2020-05-10,27,678
2020-04-06,2020-05-10,27,705
2020-04-07,2020-05-10,27,732
2020-04-08,2020-05-10,27,759
2020-04-09,2020-05-10,27,786
2020-04-10,2020-05-10,27,813
2020-04-11,2020-05-10,27,840
2020-04-12,2020-05-10,27,867
2020-04-13,2020-05-10,27,894
2020-04-14,2020-05-10,27,921
2020-04-15,2020-05-10,27,948
2020-04-16,2020-05-10,27,975
2020-04-17,2020-05-10,27,1002
2020-04-18,2020-05-10,27,1029
2020-04-19,2020-05-10,27,1056
2020-04-20,2020-05-10,27,1083
2020-04-21,2020-05-10,27,1110
2020-04-22,2020-05-10,27,1137
2020-04-23,2020-05-10,27,1164
2020-04-24,2020-05-10,27,1191
2020-04-25,2020-05-10,27,1218
2020-04-26,2020-05-10,27,1245
2020-04-27,2020-05-10,27,1272
2020-04-28,2020-05-10,27,1299
2020-04-29,2020-05-10,27,1326
2020-04-30,2020-05-10,27,1353
2020-05-01,2020-05-10,27,1380
2020-05-02,2020-05-10,27,1407
2020-05-03,2020-05-10,27,1434
2020-05-04,2020-05-10,27,1461
2020-05-05,2020-05-10,27,1488
2020-05-06,2020-05-10,27,1515
2020-05-07,2020-05-10,27,1542
2020-05-08,2020-05-10,27,1569
2020-05-09,2020-05-10,27,1596
2020-05-10,2020-05-10,27,1623
2020-05-11,2020-05-10,27,1650
2020-05-12,2020-05-10,27,1677
2020-05-13,2020-05-10,27,1704
2020-05-14,2020-05-10,27,1731
2020-05-15,2020-05-10,27,1758
2020-05-16,2020-05-10,27,1785
2020-05-17,2020-05-10,27,1812
2020-05-18,2020-05-10,27,1839
2020-05-19,2020-05-10,27,1866
2020-05-20,2020-05-10,27,1893
2020-05-21,2020-05-10,27,1920
2020-05-22,2020-05-10,27,1947
2020-05-23,2020-05-10,27,1974
2020-05-24,2020-05-10,27,2001
2020-05-25,2020-05-10,27,2028
2020-05-26,2020-05-10,27,2055
2020-05-27,2020-05-10,27,2082
2020-05-28,2020-05-10,27,2109
2020-05-29,2020-05-10,27,2136
2020-05-30,2020-05-10,27,2163
2020-03-11,2020-05-11,2,3
2020-03-12,2020-05-11,27,30
2020-03-13,2020-05-11,27,57
2020-03-14,2020-05-11,27,84
2020-03-15,2020-05-11,27,111
2020-03-16,2020-05-11,27,138
2020-03-17,2020-05-11,27,165
2020-03-18,2020-05-11,27,192
2020-03-19,2020-05-11,27,219
2020-03-20,2020-05-11,27,246
2020-03-21,2020-05-11,27,273
2020-03-22,2020-05-11,27,300
2020-03-23,2020-05-11,27,327
2020-03-24,2020-05-11,27,354
2020-03-25,2020-05-11,27,381
2020-03-26,2020-05-11,27,408
2020-03-27,2020-05-11,27,435
2020-03-28,2020-05-11,27,462
2020-03-29,2020-05-11,27,489
2020-03-30,2020-05-11,27,516
2020-03-31,2020-05-11,27,543
2020-04-01,2020-05-11,27,570
2020-04-02,2020-05-11,27,597
2020-04-03,2020-05-11,27,624
2020-04-04,2020-05-11,27,651
2020-04-05,2020-05-11,27,678
2020-04-06,2020-05-11,27,705
2020-04-07,2020-05-11,27,732
2020-04-08,2020-05-11,27,759
2020-04-09,2020-05-11,27,786
2020-04-10,2020-05-11,27,813
2020-04-11,2020-05-11,27,840
2020-04-12,2020-05-11,27,867
2020-04-13,2020-05-11,27,894
2020-04-14,2020-05-11,27,921
2020-04-15,2020-05-11,27,948
2020-04-16,2020-05-11,27,975
2020-04-17,2020-05-11,27,1002
2020-04-18,2020-05-11,27,1029
2020-04-19,2020-05-11,27,1056
2020-04-20,2020-05-11,27,1083
2020-04-21,2020-05-11,27,1110
2020-04-22,2020-05-11,27,1137
2020-04-23,2020-05-11,27,1164
2020-04-24,2020-05-11,27,1191
2020-04-25,2020-05-11,27,1218
2020-04-26,2020-05-11,27,1245
2020-04-27,2020-05-11,27,1272
2020-04-28,2020-05-11,27,1299
2020-04-29,2020-05-11,27,1326
2020-04-30,2020-05-11,27,1353
2020-05-01,2020-05-11,27,1380
2020-05-02,2020-05-11,27,1407
2020-05-03,2020-05-11,27,1434
2020-05-04,2020-05-11,27,1461
2020-05-05,2020-05-11,27,1488
2020-05-06,2020-05-11,27,1515
2020-05-07,2020-05-11,27,1542
2020-05-08,2020-05-11,27,1569
2020-05-09,2020-05-11,27,1596
2020-05-10,2020-05-11,27,1623
2020-05-11,2020-05-11,27,1650
2020-05-12,2020-05-11,27,1677
2020-05-13,2020-05-11,27,1704
2020-05-14,2020-05-11,27,1731
2020-05-15,2020-05-11,27,1758
2020-05-16,2020-05-11,27,1785
2020-05-17,2020-05-11,27,1812
2020-05-18,2020-05-11,27,1839
2020-05-19,2020-05-11,27,1866
2020-05-20,2020-05-11,27,1893
2020-05-21,2020-05-11,27,1920
2020-05-22,2020-05-11,27,1947
2020-05-23,2020-05-11,27,1974
2020-05-24,2020-05-11,27,2001
2020-05-25,2020-05-11,27,2028
2020-05-26,2020-05-11,27,2055
2020-05-27,2020-05-11,27,2082
2020-05-28,2020-05-11,27,2109
2020-05-29,2020-05-11,27,2136
2020-05-30,2020-05-11,27,2163
2020-05-31,2020-05-11,27,2190
2020-03-11,2020-05-12,2,3
2020-03-12,2020-05-12,27,30
2020-03-13,2020-05-12,27,57
2020-03-14,2020-05-12,27,84
2020-03-15,2020-05-12,27,111
2020-03-16,2020-05-12,27,138
2020-03-17,2020-05-12,27,165
2020-03-18,2020-05-12,27,192
2020-03-19,2020-05-12,27,219
2020-03-20,2020-05-12,27,246
2020-03-21,2020-05-12,27,273
2020-03-22,2020-05-12,27,300
2020-03-23,2020-05-12,27,327
2020-03-24,2020-05-12,27,354
2020-03-25,2020-05-12,27,381
2020-03-26,2020-05-12,27,408
2020-03-27,2020-05-12,27,435
2020-03-28,2020-05-12,27,462
2020-03-29,2020-05-12,27,489
2020-03-30,2020-05-12,27,516
2020-03-31,2020-05-12,27,543
2020-04-01,2020-05-12,27,570
2020-04-02,2020-05-12,27,597
2020-04-03,2020-05-12,27,624
2020-04-04,2020-05-12,27,651
2020-04-05,2020-05-12,27,678
2020-04-06,2020-05-12,27,705
2020-04-07,2020-05-12,27,732
2020-04-08,2020-05-12,27,759
2020-04-09,2020-05-12,27,786
2020-04-10,2020-05-12,27,813
2020-04-11,2020-05-12,27,840
2020-04-12,2020-05-12,27,867
2020-04-13,2020-05-12,27,894
2020-04-14,2020-05-12,27,921
2020-04-15,2020-05-12,27,948
2020-04-16,2020-05-12,27,975
2020-04-17,2020-05-12,27,1002
2020-04-18,2020-05-12,27,1029
2020-04-19,2020-05-12,27,1056
2020-04-20,2020-05-12,27,1083
2020-04-21,2020-05-12,27,1110
2020-04-22,2020-05-12,27,1137
2020-04-23,2020-05-12,27,1164
2020-04-24,2020-05-12,27,1191
2020-04-25,2020-05-12,27,1218
2020-04-26,2020-05-12,27,1245
2020-04-27,2020-05-12,27,1272
2020-04-28,2020-05-12,27,1299
2020-04-29,2020-05-12,27,1326
2020-04-30,2020-05-12,27,1353
2020-05-01,2020-05-12,27,1380
2020-05-02,2020-05-12,27,1407
2020-05-03,2020-05-12,27,1434
2020-05-04,2020-05-12,27,1461
2020-05-05,2020-05-12,27,1488
2020-05-06,2020-05-12,27,1515
2020-05-07,2020-05-12,27,1542
2020-05-08,2020-05-12,27,1569
2020-05-09,2020-05-12,27,1596
2020-05-10,2020-05-12,27,1623
2020-05-11,2020-05-12,27,1650
2020-05-12,2020-05-12,27,1677
2020-05-13,2020-05-12,27,1704
2020-05-14,2020-05-12,27,1731
2020-05-15,2020-05-12,27,1758
2020-05-16,2020-05-12,27,1785
2020-05-17,2020-05-12,27,1812
2020-05-18,2020-05-12,27,1839
2020-05-19,2020-05-12,27,1866
2020-05-20,2020-05-12,27,1893
2020-05-21,2020-05-12,27,1920
2020-05-22,2020-05-12,27,1947
2020-05-23,2020-05-12,27,1974
2020-05-24,2020-05-12,27,2001
2020-05-25,2020-05-12,27,2028
2020-05-26,2020-05-12,27,2055
2020-05-27,2020-05-12,27,2082
2020-05-28,2020-05-12,27,2109
2020-05-29,2020-05-12,27,2136
2020-05-30,2020-05-12,27,2163
2020-05-31,2020-05-12,27,2190
2020-06-01,2020-05-12,27,2217
