"day","confirmed","tests","deaths","other_deaths","recovered","active","vaccinated_1","vaccinated_2","confirmed_daily","tests_daily","tests_mobile_daily","deaths_daily","other_deaths_daily","recovered_daily","tests_positive_new_daily","tests_positive_repeated_daily","vaccinated_1_daily","vaccinated_2_daily","imported_daily","population","hospitalized","icu","ventilated","oxygen","tpr_confirmed","tpr_tpn","confirmed_100k","tpn_100k","deaths_100k","other_deaths_100k","all_deaths_100k","tests_100k","tests_mobile_100k","confirmed_growth_weekly","tpn_growth_weekly","tpr_confirmed_diff_weekly","tpr_tpn_diff_weekly","confirmed_100k_growth_weekly","tpn_100k_growth_weekly","deaths_growth_weekly","other_deaths_growth_weekly","all_deaths_growth_weekly","tests_growth_weekly","tests_mobile_growth_weekly","vaccinated_1_percent","vaccinated_2_percent"
2020-02-01,0,0,0,NA,0,0,0,0,0,0,0,0,NA,0,0,0,0,0,0,2794329,0,0,0,0,NA,NA,NA,NA,NA,NA,NA,NA,NA,NA,NA,NA,NA,NA,NA,NA,NA,NA,NA,NA,0,0
2020-02-02,0,0,0,NA,0,0,0,0,0,0,0,0,NA,0,0,0,0,0,0,2794329,0,0,0,0,NA,NA,NA,NA,NA,NA,NA,NA,NA,NA,NA,NA,NA,NA,NA,NA,NA,NA,NA,NA,0,0
2020-02-03,0,0,0,NA,0,0,0,0,0,0,0,0,NA,0,0,0,0,0,0,2794329,0,0,0,0,NA,NA,NA,NA,NA,NA,NA,NA,NA,NA,NA,NA,NA,NA,NA,NA,NA,NA,NA,NA,0,0
2020-02-04,0,0,0,NA,0,0,0,0,0,0,0,0,NA,0,0,0,0,0,0,2794329,0,0,0,0,NA,NA,NA,NA,NA,NA,NA,NA,NA,NA,NA,NA,NA,NA,NA,NA,NA,NA,NA,NA,0,0
2020-02-05,0,0,0,NA,0,0,0,0,0,0,0,0,NA,0,0,0,0,0,0,2794329,0,0,0,0,NA,NA,NA,NA,NA,NA,NA,NA,NA,NA,NA,NA,NA,NA,NA,NA,NA,NA,NA,NA,0,0
2020-02-06,0,0,0,NA,0,0,0,0,0,0,0,0,NA,0,0,0,0,0,0,2794329,0,0,0,0,NA,NA,NA,NA,NA,NA,NA,NA,NA,NA,NA,NA,NA,NA,NA,NA,NA,NA,NA,NA,0,0
2020-02-07,0,0,0,NA,0,0,0,0,0,0,0,0,NA,0,0,0,0,0,0,2794329,0,0,0,0,NA,NA,NA,NA,NA,NA,NA,NA,NA,NA,NA,NA,NA,NA,NA,NA,NA,NA,NA,NA,0,0
2020-02-08,0,0,0,NA,0,0,0,0,0,0,0,0,NA,0,0,0,0,0,0,2794329,0,0,0,0,NA,NA,NA,NA,NA,NA,NA,NA,NA,NA,NA,NA,NA,NA,NA,NA,NA,NA,NA,NA,0,0
2020-02-09,0,0,0,NA,0,0,0,0,0,0,0,0,NA,0,0,0,0,0,0,2794329,0,0,0,0,NA,NA,NA,NA,NA,NA,NA,NA,NA,NA,NA,NA,NA,NA,NA,NA,NA,NA,NA,NA,0,0
2020-02-10,0,0,0,NA,0,0,0,0,0,0,0,0,NA,0,0,0,0,0,0,2794329,0,0,0,0,NA,NA,NA,NA,NA,NA,NA,NA,NA,NA,NA,NA,NA,NA,NA,NA,NA,NA,NA,NA,0,0
2020-02-11,0,0,0,NA,0,0,0,0,0,0,0,0,NA,0,0,0,0,0,0,2794329,0,0,0,0,NA,NA,NA,NA,NA,NA,NA,NA,NA,NA,NA,NA,NA,NA,NA,NA,NA,NA,NA,NA,0,0
2020-02-12,0,0,0,NA,0,0,0,0,0,0,0,0,NA,0,0,0,0,0,0,2794329,0,0,0,0,NA,NA,NA,NA,NA,NA,NA,NA,NA,NA,NA,NA,NA,NA,NA,NA,NA,NA,NA,NA,0,0
2020-02-13,0,0,0,NA,0,0,0,0,0,0,0,0,NA,0,0,0,0,0,0,2794329,0,0,0,0,NA,NA,NA,NA,NA,NA,NA,NA,NA,NA,NA,NA,NA,NA,NA,NA,NA,NA,NA,NA,0,0
2020-02-14,0,0,0,NA,0,0,0,0,0,0,0,0,NA,0,0,0,0,0,0,2794329,0,0,0,0,NA,NA,0,0,0,NA,NA,0,0,NA,NA,NA,NA,NA,NA,NA,NA,NA,NA,NA,0,0
2020-02-15,0,0,0,NA,0,0,0,0,0,0,0,0,NA,0,0,0,0,0,0,2794329,0,0,0,0,NA,NA,0,0,0,NA,NA,0,0,NA,NA,NA,NA,NA,NA,NA,NA,NA,NA,NA,0,0
2020-02-16,0,0,0,NA,0,0,0,0,0,0,0,0,NA,0,0,0,0,0,0,2794329,0,0,0,0,NA,NA,0,0,0,NA,NA,0,0,NA,NA,NA,NA,NA,NA,NA,NA,NA,NA,NA,0,0
2020-02-17,0,0,0,NA,0,0,0,0,0,0,0,0,NA,0,0,0,0,0,0,2794329,0,0,0,0,NA,NA,0,0,0,NA,NA,0,0,NA,NA,NA,NA,NA,NA,NA,NA,NA,NA,NA,0,0
2020-02-18,0,0,0,NA,0,0,0,0,0,0,0,0,NA,0,0,0,0,0,0,2794329,0,0,0,0,NA,NA,0,0,0,NA,NA,0,0,NA,NA,NA,NA,NA,NA,NA,NA,NA,NA,NA,0,0
2020-02-19,0,0,0,NA,0,0,0,0,0,0,0,0,NA,0,0,0,0,0,0,2794329,0,0,0,0,NA,NA,0,0,0,NA,NA,0,0,NA,NA,NA,NA,NA,NA,NA,NA,NA,NA,NA,0,0
2020-02-20,0,0,0,NA,0,0,0,0,0,0,0,0,NA,0,0,0,0,0,0,2794329,0,0,0,0,NA,NA,0,0,0,NA,NA,0,0,NA,NA,NA,NA,NA,NA,NA,NA,NA,NA,NA,0,0
2020-02-21,0,0,0,NA,0,0,0,0,0,0,0,0,NA,0,0,0,0,0,0,2794329,0,0,0,0,NA,NA,0,0,0,NA,NA,0,0,NA,NA,NA,NA,NA,NA,NA,NA,NA,NA,NA,0,0
2020-02-22,0,0,0,NA,0,0,0,0,0,0,0,0,NA,0,0,0,0,0,0,2794329,0,0,0,0,NA,NA,0,0,0,NA,NA,0,0,NA,NA,NA,NA,NA,NA,NA,NA,NA,NA,NA,0,0
2020-02-23,0,0,0,NA,0,0,0,0,0,0,0,0,NA,0,0,0,0,0,0,2794329,0,0,0,0,NA,NA,0,0,0,NA,NA,0,0,NA,NA,NA,NA,NA,NA,NA,NA,NA,NA,NA,0,0
2020-02-24,0,0,0,NA,0,0,0,0,0,0,0,0,NA,0,0,0,0,0,0,2794329,0,0,0,0,NA,NA,0,0,0,NA,NA,0,0,NA,NA,NA,NA,NA,NA,NA,NA,NA,NA,NA,0,0
2020-02-25,0,0,0,NA,0,0,0,0,0,0,0,0,NA,0,0,0,0,0,0,2794329,0,0,0,0,NA,NA,0,0,0,NA,NA,0,0,NA,NA,NA,NA,NA,NA,NA,NA,NA,NA,NA,0,0
2020-02-26,0,0,0,NA,0,0,0,0,0,0,0,0,NA,0,0,0,0,0,0,2794329,0,0,0,0,NA,NA,0,0,0,NA,NA,0,0,NA,NA,NA,NA,NA,NA,NA,NA,NA,NA,NA,0,0
2020-02-27,0,0,0,NA,0,0,0,0,0,0,0,0,NA,0,0,0,0,0,0,2794329,0,0,0,0,NA,NA,0,0,0,NA,NA,0,0,NA,NA,NA,NA,NA,NA,NA,NA,NA,NA,NA,0,0
2020-02-28,1,0,0,NA,0,1,0,0,1,0,0,0,NA,0,0,0,0,0,1,2794329,0,0,0,0,Inf,NA,0.0357867666978369,0,0,NA,NA,0,0,Inf,NA,NA,NA,Inf,NA,NA,NA,NA,NA,NA,0,0
2020-02-29,1,0,0,NA,0,1,0,0,0,0,0,0,NA,0,0,0,0,0,0,2794329,0,0,0,0,Inf,NA,0.0357867666978369,0,0,NA,NA,0,0,Inf,NA,NA,NA,Inf,NA,NA,NA,NA,NA,NA,0,0
2020-03-01,1,0,0,NA,0,1,0,0,0,0,0,0,NA,0,0,0,0,0,0,2794329,0,0,0,0,Inf,NA,0.0357867666978369,0,0,NA,NA,0,0,Inf,NA,NA,NA,Inf,NA,NA,NA,NA,NA,NA,0,0
2020-03-02,1,0,0,NA,0,1,0,0,0,0,0,0,NA,0,0,0,0,0,0,2794329,0,0,0,0,Inf,NA,0.0357867666978369,0,0,NA,NA,0,0,Inf,NA,NA,NA,Inf,NA,NA,NA,NA,NA,NA,0,0
2020-03-03,1,0,0,NA,0,1,0,0,0,0,0,0,NA,0,0,0,0,0,0,2794329,0,0,0,0,Inf,NA,0.0357867666978369,0,0,NA,NA,0,0,Inf,NA,NA,NA,Inf,NA,NA,NA,NA,NA,NA,0,0
2020-03-04,1,0,0,NA,0,1,0,0,0,0,0,0,NA,0,0,0,0,0,0,2794329,0,0,0,0,Inf,NA,0.0357867666978369,0,0,NA,NA,0,0,Inf,NA,NA,NA,Inf,NA,NA,NA,NA,NA,NA,0,0
2020-03-05,1,0,0,NA,0,1,0,0,0,0,0,0,NA,0,0,0,0,0,0,2794329,0,0,0,0,Inf,NA,0.0357867666978369,0,0,NA,NA,0,0,Inf,NA,NA,NA,Inf,NA,NA,NA,NA,NA,NA,0,0
2020-03-06,1,0,0,NA,0,1,0,0,0,0,0,0,NA,0,0,0,0,0,0,2794329,0,0,0,0,NA,NA,0.0357867666978369,0,0,NA,NA,0,0,-100,NA,NA,NA,0,NA,NA,NA,NA,NA,NA,0,0
2020-03-07,1,0,0,NA,0,1,0,0,0,0,0,0,NA,0,0,0,0,0,0,2794329,0,0,0,0,NA,NA,0.0357867666978369,0,0,NA,NA,0,0,-100,NA,NA,NA,0,NA,NA,NA,NA,NA,NA,0,0
2020-03-08,1,0,0,NA,0,1,0,0,0,0,0,0,NA,0,0,0,0,0,0,2794329,0,0,0,0,NA,NA,0.0357867666978369,0,0,NA,NA,0,0,-100,NA,NA,NA,0,NA,NA,NA,NA,NA,NA,0,0
2020-03-09,1,0,0,NA,0,1,0,0,0,0,0,0,NA,0,0,0,0,0,0,2794329,0,0,0,0,NA,NA,0.0357867666978369,0,0,NA,NA,0,0,-100,NA,NA,NA,0,NA,NA,NA,NA,NA,NA,0,0
2020-03-10,3,0,0,NA,0,3,0,0,2,0,0,0,NA,0,0,0,0,0,2,2794329,0,0,0,0,Inf,NA,0.107360300093511,0,0,NA,NA,0,0,100,NA,NA,NA,200,NA,NA,NA,NA,NA,NA,0,0
2020-03-11,3,0,0,NA,0,3,0,0,0,0,0,0,NA,0,0,0,0,0,0,2794329,0,0,0,0,Inf,NA,0.107360300093511,0,0,NA,NA,0,0,100,NA,NA,NA,200,NA,NA,NA,NA,NA,NA,0,0
2020-03-12,4,0,0,NA,0,4,0,0,1,0,0,0,NA,0,0,0,0,0,1,2794329,0,0,0,0,Inf,NA,0.143147066791348,0,0,NA,NA,0,0,200,NA,NA,NA,300,NA,NA,NA,NA,NA,NA,0,0
2020-03-13,6,0,0,NA,1,5,0,0,2,0,0,0,NA,1,0,0,0,0,2,2794329,0,0,0,0,Inf,NA,0.178933833489185,0,0,NA,NA,0,0,Inf,NA,NA,NA,400,NA,NA,NA,NA,NA,NA,0,0
2020-03-14,9,0,0,NA,1,8,0,0,3,0,0,0,NA,0,0,0,0,0,3,2794329,0,0,0,0,Inf,NA,0.286294133582696,0,0,NA,NA,0,0,Inf,NA,NA,NA,700,NA,NA,NA,NA,NA,NA,0,0
2020-03-15,12,0,0,NA,1,11,0,0,3,0,0,0,NA,0,0,0,0,0,3,2794329,0,0,0,0,Inf,NA,0.393654433676206,0,0,NA,NA,0,0,Inf,NA,NA,NA,1000,NA,NA,NA,NA,NA,NA,0,0
2020-03-16,19,0,0,NA,1,18,0,0,7,0,0,0,NA,0,0,0,0,0,7,2794329,0,0,0,0,Inf,NA,0.644161800561065,0,0,NA,NA,0,0,Inf,NA,NA,NA,1700,NA,NA,NA,NA,NA,NA,0,0
2020-03-17,27,0,0,NA,1,26,0,0,8,0,0,0,NA,0,0,0,0,0,7,2794329,0,0,0,0,Inf,NA,0.93045593414376,0,0,NA,NA,0,0,1100,NA,NA,NA,766.67,NA,NA,NA,NA,NA,NA,0,0
2020-03-18,36,0,0,NA,1,35,0,0,9,0,0,0,NA,0,0,0,0,0,9,2794329,0,0,0,0,Inf,NA,1.25253683442429,0,0,NA,NA,0,0,1550,NA,NA,NA,1066.67,NA,NA,NA,NA,NA,NA,0,0
2020-03-19,47,45,0,NA,1,46,0,0,11,45,0,0,NA,0,1,0,0,0,8,2794329,0,0,0,0,95.56,2.22,1.6461912681005,0.0357867666978369,0,NA,NA,1.61040450140266,0,1333.33,Inf,-Inf,NA,1050,Inf,NA,NA,NA,Inf,NA,0,0
2020-03-20,69,159,0,NA,1,67,0,0,22,114,0,0,NA,0,6,0,0,0,16,2794329,0,0,0,0,39.62,4.4,2.43350013545291,0.250507366884859,0,NA,NA,5.69009590495607,0,1160,Inf,-Inf,NA,1260,Inf,NA,NA,NA,Inf,NA,0,0
2020-03-21,97,491,0,NA,1,95,0,0,28,332,0,0,NA,0,25,0,0,0,19,2794329,0,0,0,0,17.92,6.52,3.43552960299235,1.14517653433078,0,NA,NA,17.5713024486379,0,1000,Inf,-Inf,NA,1100,Inf,NA,NA,NA,Inf,NA,0,0
2020-03-22,128,798,0,NA,2,125,0,0,31,307,0,0,NA,1,27,0,0,0,20,2794329,0,0,0,0,14.54,7.39,4.54491937062529,2.11141923517238,0,NA,NA,28.5578398248739,0,954.55,Inf,-Inf,NA,1054.55,Inf,NA,NA,NA,Inf,NA,0,0
2020-03-23,166,1020,1,NA,3,162,0,0,38,222,0,1,NA,1,30,0,0,0,13,2794329,0,0,0,0,14.41,8.73,5.9048165051431,3.18502223610749,0.0357867666978369,NA,NA,36.5025020317937,0,716.67,Inf,-Inf,NA,816.67,Inf,Inf,NA,NA,Inf,NA,0,0
2020-03-24,208,1405,2,NA,5,200,0,0,42,385,0,1,NA,2,23,1,0,0,17,2794329,0,0,0,0,12.88,7.97,7.33628717305657,4.00811787015774,0.0715735333956739,NA,NA,50.2804072104609,0,654.17,Inf,-Inf,NA,688.46,Inf,Inf,NA,NA,Inf,NA,0,0
2020-03-25,263,2172,3,NA,7,252,0,0,55,767,0,1,NA,2,54,0,0,0,19,2794329,0,0,0,0,10.45,7.64,9.3045593414376,5.94060327184093,0.107360300093511,NA,NA,77.7288572677018,0,587.88,Inf,-Inf,NA,642.86,Inf,Inf,NA,NA,Inf,NA,0,0
2020-03-26,292,2597,4,NA,7,280,0,0,29,425,0,1,NA,0,16,2,0,0,11,2794329,0,0,0,0,9.6,7.09,10.306588808977,6.51319153900632,0.143147066791348,NA,NA,92.9382331142825,0,469.77,18000,-85.96,4.87,526.09,18100,Inf,NA,NA,5571.11,NA,0,0
2020-03-27,339,3757,4,NA,9,325,0,0,47,1160,0,0,NA,2,44,2,0,0,18,2794329,0,0,0,0,7.5,6.09,11.9169933103797,8.08780927371115,0.143147066791348,NA,NA,134.450882483773,0,328.57,3028.57,-32.12,1.69,389.71,3128.57,Inf,NA,NA,2162.89,NA,0,0
2020-03-28,378,4753,4,NA,11,360,0,0,39,996,0,0,NA,2,35,4,0,0,7,2794329,0,0,0,0,6.59,5.37,13.2053169115018,9.34034610813544,0.143147066791348,NA,NA,170.094502114819,0,219.32,615.62,-11.33,-1.15,284.38,715.62,Inf,NA,NA,768.02,NA,0,0
2020-03-29,424,5760,4,NA,11,406,0,0,46,1007,0,0,NA,0,17,1,0,0,10,2794329,0,0,0,0,5.97,4.41,14.7441478795088,9.94872114199867,0.143147066791348,NA,NA,206.131776179541,0,155.17,271.19,-8.57,-2.98,224.41,371.19,Inf,NA,NA,521.8,NA,0,0
2020-03-30,468,7436,4,NA,15,446,0,0,44,1676,0,0,NA,4,86,3,0,0,6,2794329,104,1,0,18,4.71,4.29,16.0682582473288,13.0263830780126,0.143147066791348,NA,NA,266.110397165116,0,105.44,208.99,-9.7,-4.44,172.12,308.99,200,NA,NA,529.02,NA,0,0
2020-03-31,512,8911,6,NA,20,484,0,0,44,1475,0,2,NA,5,39,5,0,0,7,2794329,108,8,3,28,4.05,3.88,17.3565818484509,14.4220669792283,0.214720600187022,NA,NA,318.895878044425,0,67.96,159.82,-8.83,-4.09,136.59,259.82,100,NA,NA,434.23,NA,0,0
2020-04-01,579,11204,6,NA,24,546,0,0,67,2293,0,0,NA,4,69,4,0,0,23,2794329,125,10,4,34,3.5,3.39,19.4322143169255,16.891353881379,0.214720600187022,NA,NA,400.954934082565,0,39.21,84.34,-6.95,-4.25,108.85,184.34,0,NA,NA,315.84,NA,0,0
2020-04-02,631,13707,6,NA,31,591,0,0,52,2503,0,0,NA,7,57,7,0,0,17,2794329,125,10,4,34,3.05,3.12,20.8994717515368,18.8954128164579,0.214720600187022,NA,NA,488.918806625848,0,38.37,91.71,-6.55,-3.97,102.78,190.11,-50,NA,NA,335.34,NA,0,0
2020-04-03,683,16013,7,NA,33,639,0,0,52,2306,0,1,NA,2,51,5,0,0,8,2794329,126,10,6,30,2.81,2.89,21.9730747524719,20.5058173178606,0.250507366884859,NA,NA,567.363399227507,0,27.41,61.64,-4.69,-3.2,84.38,153.54,-25,NA,NA,240.63,NA,0,0
2020-04-04,716,18338,8,NA,38,666,0,0,33,2325,0,1,NA,5,39,12,0,0,5,2794329,0,0,0,0,2.49,2.64,22.1520085859611,21.0068320516303,0.286294133582696,NA,NA,638.686425256296,0,20.28,56.33,-4.1,-2.73,67.75,124.9,0,NA,NA,218.75,NA,0,0
2020-04-05,750,20507,10,NA,46,690,0,0,34,2169,0,2,NA,8,30,3,0,0,3,2794329,138,12,7,30,2.21,2.52,22.2593688860546,21.1141923517238,0.357867666978369,NA,NA,705.321384847668,0,10.14,69.41,-3.76,-1.89,50.97,112.23,50,NA,NA,197.2,NA,0,0
2020-04-06,783,22305,11,NA,55,708,0,0,33,1798,0,1,NA,9,43,12,0,0,6,2794329,134,13,7,30,2.12,2.21,22.0804350525654,21.5794203187957,0.357867666978369,NA,NA,761.721329163459,0,4.3,19.27,-2.59,-2.08,37.42,65.66,133.33,NA,NA,131.75,NA,0,0
2020-04-07,821,24249,11,NA,64,737,0,0,38,1944,0,0,NA,9,30,16,0,0,2,2794329,134,13,8,32,2.01,2.08,21.937287985774,21.8299276856805,0.322080900280532,NA,NA,817.512898445387,0,1.64,9.62,-2.04,-1.8,26.39,51.36,25,NA,NA,104.34,NA,0,0
2020-04-08,858,26402,11,NA,82,755,0,0,37,2153,0,0,NA,18,48,14,0,0,6,2794329,128,12,8,32,1.84,1.96,21.293126185213,21.6152070854935,0.286294133582696,NA,NA,867.113357088589,0,-11.71,-2.61,-1.66,-1.43,9.58,27.97,66.67,NA,NA,68.27,NA,0,0
2020-04-09,896,29636,12,NA,104,770,0,0,38,3234,0,1,NA,22,42,12,0,0,3,2794329,130,14,9,36,1.66,1.78,21.6152070854935,22.5456630196373,0.286294133582696,NA,NA,967.638384742813,0,-21.83,-18.44,-1.39,-1.34,3.42,19.32,200,NA,NA,43.38,NA,0,0
2020-04-10,926,32405,13,NA,145,757,0,0,30,2769,0,1,NA,41,38,12,0,0,3,2794329,145,16,9,62,1.48,1.65,21.0068320516303,22.3309424194502,0.322080900280532,NA,NA,1025.21929235963,0,-29.36,-23.73,-1.33,-1.24,-4.4,8.9,100,NA,NA,33.75,NA,0,0
2020-04-11,952,35156,14,NA,163,764,0,0,26,2751,0,1,NA,18,30,31,0,0,3,2794329,136,13,8,30,1.4,1.55,20.5416040845584,22.1520085859611,0.357867666978369,NA,NA,1088.02506791434,0,-30.18,-27.09,-1.09,-1.09,-7.27,5.45,50,NA,NA,23.8,NA,0,0
2020-04-12,970,36001,15,NA,183,762,0,0,18,845,0,1,NA,20,19,12,0,0,3,2794329,136,14,7,39,1.42,1.61,19.539574617019,22.2235821193567,0.393654433676206,NA,NA,1082.22761170929,0,-32.52,-32.61,-0.79,-0.91,-12.22,5.25,-16.67,NA,NA,5.07,NA,0,0
2020-04-13,977,36755,16,NA,188,763,0,0,7,754,0,1,NA,5,7,14,0,0,0,2794329,142,14,9,38,1.34,1.48,18.215464249199,19.3964275502276,0.429441200374043,NA,NA,1049.23221281388,0,-38.41,-34.76,-0.78,-0.73,-17.5,-10.12,-28.57,NA,NA,-2.82,NA,0,0
2020-04-14,995,38376,20,NA,224,741,0,0,18,1621,0,4,NA,36,19,8,0,0,2,2794329,137,14,8,29,1.23,1.44,17.2850083150552,18.6806922162709,0.501014733769717,NA,NA,1054.45708075177,0,-43.69,-36.36,-0.78,-0.64,-21.21,-14.43,80,NA,NA,-7.9,NA,0,0
2020-04-15,1022,41389,20,NA,263,729,0,0,27,3013,0,0,NA,39,24,35,0,0,0,2794329,134,16,9,31,1.09,1.19,15.8535376471418,17.0702877148682,0.501014733769717,NA,NA,1080.22355277421,0,-41.22,-39.93,-0.75,-0.77,-25.55,-21.03,80,NA,NA,-1.39,NA,0,0
2020-04-16,1050,45647,21,NA,288,730,0,0,28,4258,2,1,NA,25,28,23,0,0,1,2794329,139,19,11,33,0.96,1.03,14.9946552463937,16.0324714806309,0.536801500467554,NA,NA,1143.02932832891,0.0715735333956739,-41.89,-41.7,-0.7,-0.75,-30.63,-28.89,50,NA,NA,0.51,Inf,0,0
2020-04-17,1091,50911,22,NA,327,731,0,0,41,5264,0,1,NA,39,81,16,0,0,2,2794329,134,18,12,31,0.89,1.12,14.6010008127175,17.1060744815661,0.536801500467554,NA,NA,1248.88658422111,0.0715735333956739,-32.1,-22.96,-0.59,-0.53,-30.49,-23.4,50,NA,NA,12.9,Inf,0,0
2020-04-18,1153,56718,23,NA,346,773,0,0,62,5807,1,1,NA,19,61,30,0,0,2,2794329,146,20,13,30,0.93,1.11,15.6388170469547,17.8933833489185,0.536801500467554,NA,NA,1373.49610586298,0.107360300093511,-14.83,-8.43,-0.47,-0.44,-23.87,-19.22,50,NA,NA,28.21,Inf,0,0
2020-04-19,1173,59486,26,NA,355,781,0,0,20,2768,0,3,NA,9,25,12,0,0,0,2794329,149,18,18,42,0.86,1.04,15.137802313185,17.7144495154293,0.572588267165391,NA,NA,1394.93237911499,0.107360300093511,-7.73,-2,-0.56,-0.57,-22.53,-20.29,120,NA,NA,51.57,Inf,0,0
2020-04-20,1226,62637,26,NA,413,775,0,0,53,3151,0,0,NA,58,21,17,0,0,1,2794329,148,18,11,36,0.96,1,15.8535376471418,16.9271406480769,0.536801500467554,NA,NA,1443.35187445716,0.107360300093511,28.35,21.03,-0.38,-0.48,-12.97,-12.73,100,NA,NA,79.11,Inf,0,0
2020-04-21,1250,68181,27,NA,446,765,0,0,24,5544,0,1,NA,33,22,24,0,0,1,2794329,143,20,10,38,0.86,0.88,15.352522913372,16.6408465144942,0.572588267165391,NA,NA,1572.18423456937,0.107360300093511,46.55,29.06,-0.37,-0.56,-11.18,-10.92,-22.22,NA,NA,110.98,Inf,0,0
2020-04-22,1272,74862,27,NA,478,755,0,0,22,6681,0,0,NA,32,20,19,0,0,1,2794329,138,18,8,34,0.75,0.77,14.8157214129045,15.6388170469547,0.572588267165391,NA,NA,1734.22671417718,0.107360300093511,52.44,44.13,-0.34,-0.42,-6.55,-8.39,-22.22,NA,NA,123.35,Inf,0,0
2020-04-23,1291,82216,28,NA,509,742,0,0,19,7354,0,1,NA,31,13,33,0,0,0,2794329,137,17,9,29,0.66,0.66,14.1357728456456,14.6010008127175,0.572588267165391,NA,NA,1881.66819297227,0.107360300093511,56.49,47.27,-0.3,-0.37,-5.73,-8.93,-22.22,NA,NA,128.4,-50,0,0
2020-04-24,1301,89645,29,NA,539,720,0,0,10,7429,0,1,NA,30,14,28,0,0,1,2794329,128,16,7,28,0.54,0.45,13.4200375116889,13.7421184119694,0.572588267165391,NA,NA,2048.43452578419,0.107360300093511,27.27,-15.38,-0.35,-0.67,-8.09,-19.67,-22.22,NA,NA,109.31,-50,0,0
2020-04-25,1316,96431,31,NA,554,718,0,0,15,6786,0,2,NA,15,11,26,0,0,2,2794329,127,16,8,23,0.41,0.32,13.0263830780126,13.0621698447105,0.608375033863228,NA,NA,2192.83412940996,0.107360300093511,-18.91,-47.28,-0.52,-0.79,-16.7,-27,-11.11,NA,NA,84.18,-100,0,0
2020-04-26,1328,99644,32,NA,564,719,0,0,12,3213,0,1,NA,10,14,19,0,0,1,2794329,129,16,8,25,0.39,0.29,12.8116624778256,12.8832360112213,0.608375033863228,NA,NA,2277.57719295044,0.107360300093511,-23.65,-53.06,-0.47,-0.75,-15.37,-27.27,-45.45,NA,NA,70.99,-100,0,0
2020-04-27,1337,102417,32,NA,609,683,0,0,9,2773,0,0,NA,45,2,20,0,0,1,2794329,117,15,9,23,0.28,0.24,12.8832360112213,12.7043021777321,0.572588267165391,NA,NA,2349.83067491337,0.107360300093511,-55.42,-62.93,-0.68,-0.76,-18.74,-24.95,-40,NA,NA,53.7,-100,0,0
2020-04-28,1364,108279,32,NA,634,684,0,0,27,5862,0,0,NA,25,30,12,0,0,1,2794329,123,15,7,32,0.28,0.26,13.2053169115018,13.0979566114083,0.429441200374043,NA,NA,2501.6023524789,0.107360300093511,-55.29,-60.31,-0.58,-0.62,-13.99,-21.29,-28.57,NA,NA,34.53,-100,0,0
2020-04-29,1375,115200,32,NA,651,677,0,0,11,6921,0,0,NA,17,18,26,0,0,1,2794329,115,18,9,26,0.26,0.25,12.6327286443364,12.8832360112213,0.429441200374043,NA,NA,2641.45703673404,0.107360300093511,-58.8,-60.47,-0.49,-0.52,-14.73,-17.62,-28.57,NA,NA,20.51,-100,0,0
2020-04-30,1389,122839,32,NA,684,656,0,0,14,7639,0,0,NA,33,6,22,0,0,1,2794329,106,17,9,22,0.24,0.23,12.1317139105667,12.0959271438689,0.393654433676206,NA,NA,2762.45209493943,0.0357867666978369,-59.34,-60.91,-0.42,-0.43,-14.18,-17.16,-42.86,NA,NA,11.09,-100,0,0
2020-05-01,1394,129919,33,NA,699,645,0,0,5,7080,12,1,NA,15,8,49,0,0,0,2794329,114,16,8,28,0.23,0.22,10.8433903094446,9.48349317492679,0.393654433676206,NA,NA,2827.4408632627,0.46522796707188,-55.71,-49.43,-0.31,-0.23,-19.2,-30.99,-42.86,NA,NA,3.98,1100,0,0
2020-05-02,1399,132631,33,NA,704,645,0,0,5,2712,605,0,NA,5,3,11,0,0,1,2794329,116,16,9,26,0.23,0.22,8.80354460766789,7.40786070645225,0.357867666978369,NA,NA,2716.6808203329,22.0804350525654,-49.08,-35.71,-0.18,-0.1,-32.42,-43.29,-75,NA,NA,-8.85,Inf,0,0
2020-05-03,1407,135009,33,NA,707,650,0,0,8,2378,1118,0,NA,3,8,11,0,0,1,2794329,119,16,9,27,0.22,0.21,8.37410340729384,6.79948567258902,0.250507366884859,NA,NA,2702.72398132074,62.0900402207471,-49.03,-34.78,-0.17,-0.08,-34.64,-47.22,-83.33,NA,NA,-11.94,Inf,0,0
2020-05-04,1410,139036,33,NA,752,608,0,0,3,4027,1073,0,NA,45,4,14,0,0,1,2794329,95,14,9,25,0.2,0.21,6.584765072402,6.19111063872579,0.250507366884859,NA,NA,2734.07318894804,100.489240887526,-34.23,-19.79,-0.08,-0.03,-48.89,-51.27,-83.33,NA,NA,-7.95,Inf,0,0
2020-05-05,1416,145420,34,NA,792,572,0,0,6,6384,635,1,NA,40,6,27,0,0,0,2794329,92,14,9,24,0.14,0.14,5.94060327184093,5.6185223715604,0.250507366884859,NA,NA,2764.13407297423,123.213837740653,-54.39,-49.04,-0.14,-0.12,-55.01,-57.1,-60,NA,NA,-7.37,Inf,0,0
2020-05-06,1421,152661,35,NA,817,551,0,0,5,7241,224,1,NA,25,7,18,0,0,0,2794329,107,13,8,21,0.12,0.11,5.3322282379777,5.15329440448852,0.286294133582696,NA,NA,2784.17466232502,131.230073480968,-55.34,-58.82,-0.14,-0.14,-57.79,-60,-40,NA,NA,-7.13,Inf,0,0
2020-05-07,1430,160822,35,NA,850,526,0,0,9,8161,18,0,NA,33,12,23,0,0,2,2794329,120,12,6,24,0.11,0.13,4.97436057099933,5.11750763779068,0.250507366884859,NA,NA,2813.05458305017,131.874235281529,-58.16,-49.47,-0.13,-0.1,-59,-57.69,-25,NA,NA,-6.5,Inf,0,0
2020-05-08,1459,168649,35,NA,893,511,0,0,29,7827,22,0,NA,43,22,19,0,0,0,2794329,105,11,5,21,0.17,0.16,5.65430913825824,5.40380177137338,0.214720600187022,NA,NA,2827.29771619591,132.661544148882,-30.11,-30.34,-0.06,-0.06,-47.85,-43.02,-50,NA,NA,-3.83,30691.67,0,0
2020-05-09,1471,174320,36,NA,904,510,0,0,12,5671,357,1,NA,11,13,14,0,0,0,2794329,113,12,5,26,0.17,0.17,5.54694883816473,5.47537530476905,0.178933833489185,NA,NA,2787.39547132782,145.437419860009,-13.25,-11.11,-0.06,-0.05,-36.99,-26.09,50,NA,NA,15.16,458.67,0,0
2020-05-10,1479,176657,36,NA,915,507,0,0,8,2337,722,0,NA,11,10,9,0,0,1,2794329,127,14,6,27,0.17,0.18,5.40380177137338,5.3322282379777,0.143147066791348,NA,NA,2756.04626370052,171.275465415848,-8.86,-1.33,-0.05,-0.03,-35.47,-21.58,200,NA,NA,17.77,75.85,0,0
2020-05-11,1488,180916,39,NA,962,466,0,0,9,4259,883,3,NA,47,8,5,0,0,1,2794329,126,12,5,41,0.19,0.19,5.40380177137338,5.54694883816473,0.250507366884859,NA,NA,2809.2253990135,202.875180410038,6.85,1.3,-0.01,-0.02,-17.93,-10.4,500,NA,NA,14.37,1.89,0,0
2020-05-12,1502,187920,39,NA,982,460,0,0,14,7004,942,0,NA,20,16,16,0,0,2,2794329,121,11,5,32,0.2,0.21,4.9385738043015,5.04593410439501,0.250507366884859,NA,NA,2850.09388658243,236.5863146394,65.38,66.04,0.06,0.07,-16.87,-10.19,150,NA,NA,14.43,-7.99,0,0
2020-05-13,1511,195863,39,NA,1005,446,0,0,9,7943,1286,0,NA,23,6,20,0,0,0,2794329,104,9,4,26,0.21,0.2,4.86700027090582,4.61649290402096,0.250507366884859,NA,NA,2886.66796214762,282.608096612818,95.65,107.14,0.09,0.09,-8.72,-10.42,33.33,NA,NA,15.33,15.35,0,0
2020-05-14,1521,203293,41,NA,1034,425,0,0,10,7430,1310,2,NA,29,12,25,0,0,0,2794329,118,10,3,33,0.21,0.2,4.72385320411448,4.83121350420799,0.322080900280532,NA,NA,2879.18852790777,329.488760986985,121.95,81.25,0.1,0.07,-5.04,-5.59,100,NA,NA,11.82,49.85,0,0
2020-05-15,1536,211567,42,NA,1053,419,0,0,15,8274,1681,1,NA,19,17,17,0,0,1,2794329,120,9,3,28,0.18,0.19,5.08172087109285,5.15329440448852,0.322080900280532,NA,NA,2921.91792734499,389.216874605675,18.46,32.26,0.00999999999999998,0.03,-10.13,-4.64,250,NA,NA,10.81,94.34,0,0
2020-05-16,1545,217279,43,NA,1062,417,0,0,9,5712,1397,1,NA,9,7,19,0,0,1,2794329,129,9,3,49,0.17,0.18,5.22486793788419,5.29644147127987,0.357867666978369,NA,NA,3029.2782274385,417.559993830361,2.78,5.56,0,0.00999999999999998,-5.81,-3.27,133.33,NA,NA,3.05,138.5,0,0
2020-05-17,1551,219781,45,NA,1066,417,0,0,6,2502,1008,2,NA,4,6,7,0,0,0,2794329,125,9,3,38,0.17,0.17,5.15329440448852,5.22486793788419,0.429441200374043,NA,NA,3033.71578650903,413.623449493599,0,-2.7,0,-0.00999999999999998,-4.64,-2.01,200,NA,NA,3.54,178.83,0,0
2020-05-18,1559,224476,45,NA,1079,412,0,0,8,4695,1731,0,NA,13,12,20,0,0,0,2794329,117,7,2,31,0.16,0.17,5.3322282379777,5.51116207146689,0.429441200374043,NA,NA,3057.62134666319,437.171141980776,-8.97,-2.56,-0.03,-0.02,-1.32,-0.65,0,NA,NA,4.01,226.98,0,0
2020-05-19,1580,232213,46,NA,1106,405,0,0,21,7737,1898,1,NA,27,16,33,0,0,0,2794329,113,7,2,35,0.18,0.17,5.86902973844526,5.86902973844526,0.429441200374043,NA,NA,3106.04084200536,482.369828320144,-9.3,-13.64,-0.02,-0.04,18.84,16.31,40,NA,NA,4.22,225.47,0,0
2020-05-20,1592,239366,46,NA,1126,397,0,0,12,7153,2009,0,NA,20,15,14,0,0,1,2794329,96,7,2,32,0.19,0.2,6.11953710533012,6.15532387202795,0.393654433676206,NA,NA,3102.89160653595,546.249206875783,-10,-2.3,-0.02,0,25.74,33.33,75,NA,NA,0.7,160.85,0,0
2020-05-21,1598,245864,46,NA,1140,389,0,0,6,6498,1923,0,NA,14,13,34,0,0,0,2794329,112,7,2,33,0.18,0.2,6.01217680523661,6.19111063872579,0.393654433676206,NA,NA,3043.37821351745,614.422997435163,-15.38,-1.15,-0.03,0,27.27,28.15,-16.67,NA,NA,0.24,110.92,0,0
2020-05-22,1612,250987,47,NA,1161,380,0,0,14,5123,1237,1,NA,21,12,13,0,0,3,2794329,108,6,2,32,0.19,0.21,5.47537530476905,5.83324297174742,0.429441200374043,NA,NA,2946.6107963665,657.903918973034,-1.3,-1.22,0.01,0.02,7.75,13.19,-28.57,NA,NA,-8.15,56.01,0,0
2020-05-23,1618,254887,48,NA,1168,378,0,0,6,3900,1283,1,NA,7,10,6,0,0,1,2794329,111,7,2,28,0.19,0.22,5.26065470458203,5.72588267165391,0.429441200374043,NA,NA,2883.23243254463,691.042464935231,-1.35,10.53,0.02,0.04,0.68,8.11,-28.57,NA,NA,-12.46,34.89,0,0
2020-05-24,1628,256827,49,NA,1171,384,0,0,10,1940,940,1,NA,3,4,20,0,0,0,2794329,92,7,2,24,0.21,0.22,5.3322282379777,5.51116207146689,0.46522796707188,NA,NA,2869.02508616559,698.84398007536,6.94,13.89,0.04,0.05,3.47,5.48,-55.56,NA,NA,-14.09,29.55,0,0
2020-05-25,1632,260743,51,NA,1191,367,0,0,4,3916,1244,2,NA,20,7,17,0,0,1,2794329,96,5,2,29,0.2,0.21,5.15329440448852,5.47537530476905,0.429441200374043,NA,NA,2856.75022518823,711.763002853279,2.82,1.32,0.04,0.04,-3.36,-0.65,0,NA,NA,-16.74,12.6,0,0
2020-05-26,1640,266270,51,NA,1210,356,0,0,8,5527,1278,0,NA,19,6,21,0,0,0,2794329,83,4,2,28,0.18,0.2,4.9385738043015,5.11750763779068,0.429441200374043,NA,NA,2803.89317077552,723.787356463752,-23.08,-11.84,0,0.03,-15.85,-12.8,-28.57,NA,NA,-23.11,-3.85,0,0
2020-05-27,1649,272538,52,NA,1221,352,0,0,9,6268,1471,1,NA,11,9,23,0,0,0,2794329,82,4,2,29,0.17,0.18,4.9385738043015,5.22486793788419,0.46522796707188,NA,NA,2743.95033655665,730.407908302852,-29.63,-28.24,-0.02,-0.02,-19.3,-15.12,-14.29,NA,NA,-23.75,-15.03,0,0
2020-05-28,1654,279157,52,NA,1243,335,0,0,5,6619,1630,0,NA,22,7,26,0,0,0,2794329,76,4,2,21,0.17,0.17,4.75963997081231,5.04593410439501,0.393654433676206,NA,NA,2714.9272687647,741.85967364616,-27.27,-36.05,-0.00999999999999998,-0.03,-20.83,-18.5,20,NA,NA,-21.79,-22.01,0,0
2020-05-29,1662,284567,54,NA,1262,321,0,0,8,5410,1233,2,NA,19,10,11,0,0,2,2794329,72,3,1,20,0.15,0.16,4.50913260392745,4.79542673751015,0.429441200374043,NA,NA,2612.4339689421,725.827202165529,-34.21,-34.57,-0.04,-0.05,-17.65,-17.79,40,NA,NA,-14.81,-18.96,0,0
2020-05-30,1667,289176,54,NA,1271,317,0,0,5,4609,1454,0,NA,9,4,10,0,0,2,2794329,71,3,1,18,0.14,0.14,4.36598553713611,4.68806643741664,0.393654433676206,NA,NA,2572.96116527438,727.867047867305,-32.88,-44.05,-0.05,-0.08,-17.01,-18.13,20,NA,NA,-8.83,-16.58,0,0
2020-05-31,1671,291318,55,NA,1278,313,0,0,4,2142,1131,1,NA,7,5,10,0,0,0,2794329,72,3,1,18,0.12,0.14,4.29441200374043,4.6522796707188,0.357867666978369,NA,NA,2560.07792926316,732.26882017114,-44.16,-41.46,-0.09,-0.08,-19.46,-15.58,50,NA,NA,-6.9,-14.34,0,0
2020-06-01,1676,295022,55,NA,1285,311,0,0,5,3704,1057,0,NA,7,4,13,0,0,1,2794329,64,2,1,14,0.13,0.13,4.18705170364692,4.36598553713611,0.357867666978369,NA,NA,2524.6132434656,708.148539416797,-39.73,-41.56,-0.07,-0.08,-18.75,-20.26,-33.33,NA,NA,-5.48,-12.15,0,0
2020-06-02,1679,301109,55,NA,1294,305,0,0,3,6087,1484,0,NA,9,2,21,0,0,1,2794329,60,3,1,15,0.11,0.12,3.54288990308586,3.86497080336639,0.322080900280532,NA,NA,2465.56507841417,693.332818003893,-35,-38.81,-0.07,-0.08,-28.26,-24.48,-20,NA,NA,2.3,-4.58,0,0
2020-06-03,1684,306698,55,NA,1302,302,0,0,5,5589,1210,0,NA,8,6,13,0,0,4,2794329,46,3,1,12,0.1,0.11,3.292382536201,3.54288990308586,0.322080900280532,NA,NA,2409.59457529876,664.739191412321,-38.6,-37.7,-0.07,-0.07,-33.33,-32.19,-50,NA,NA,2.98,-1.89,0,0
2020-06-04,1689,311659,55,NA,1330,279,0,0,5,4961,1136,0,NA,28,10,14,0,0,1,2794329,53,3,1,12,0.11,0.13,3.25659576950316,3.43552960299235,0.322080900280532,NA,NA,2354.59031488418,636.575006021123,-37.5,-25.45,-0.06,-0.04,-31.58,-31.91,-50,NA,NA,-2.38,-4.16,0,0
2020-06-05,1700,316449,55,NA,1336,284,0,0,11,4790,1148,0,NA,6,10,13,0,0,2,2794329,48,3,1,10,0.12,0.13,3.14923546940965,3.36395606959667,0.286294133582696,NA,NA,2342.6733215738,633.389983785016,-24,-22.64,-0.03,-0.03,-30.16,-29.85,-85.71,NA,NA,-5.06,-5.06,0,0
2020-06-06,1709,319388,56,NA,1340,289,0,0,9,2939,990,1,NA,4,6,5,0,0,2,2794329,46,3,1,11,0.14,0.14,3.25659576950316,3.22080900280532,0.286294133582696,NA,NA,2308.28223877718,622.90446114255,-14.29,-8.51,0,0,-25.41,-31.3,-66.67,NA,NA,-11.89,-11.83,0,0
2020-06-07,1716,321320,58,NA,1343,293,0,0,7,1932,935,2,NA,3,7,4,0,0,2,2794329,35,3,1,7,0.15,0.15,3.14923546940965,3.32816930289884,0.322080900280532,NA,NA,2307.9959446436,622.725527309061,4.65,-6.25,0.03,0.00999999999999998,-26.67,-28.46,-50,NA,NA,-13.01,-15.69,0,0
2020-06-08,1722,324794,58,NA,1355,287,0,0,6,3474,988,0,NA,12,5,13,0,0,0,2794329,40,4,1,11,0.15,0.15,3.22080900280532,3.25659576950316,0.250507366884859,NA,NA,2292.17819376315,613.564115034414,4.55,2.22,0.02,0.02,-23.08,-25.41,-25,NA,NA,-13.15,-14.73,0,0
2020-06-09,1728,329971,58,NA,1391,253,0,0,6,5177,1363,0,NA,36,17,11,0,0,1,2794329,40,3,1,10,0.17,0.21,3.14923546940965,3.65025020317937,0.250507366884859,NA,NA,2279.65282541891,616.60599020373,25.64,48.78,0.06,0.09,-11.11,-5.56,-25,NA,NA,-17.16,-17.86,0,0
2020-06-10,1747,335156,58,NA,1402,261,0,0,19,5185,1121,0,NA,11,8,5,0,0,2,2794329,39,3,1,11,0.22,0.22,3.50710313638802,3.61446343648153,0.214720600187022,NA,NA,2240.89575708515,604.080621859488,80,65.79,0.12,0.11,6.52,2.02,0,NA,NA,-16.69,-16.5,0,0
2020-06-11,1751,340221,59,NA,1415,251,0,0,4,5065,1122,1,NA,13,5,10,0,0,1,2794329,33,3,2,10,0.22,0.2,3.47131636969018,3.54288990308586,0.250507366884859,NA,NA,2185.28312163671,585.900944376986,77.14,41.46,0.11,0.07,6.59,3.12,33.33,NA,NA,-12.12,-11.92,0,0
2020-06-12,1758,344498,59,NA,1425,248,0,0,7,4277,866,0,NA,10,3,3,0,0,1,2794329,32,2,2,10,0.21,0.18,3.43552960299235,3.292382536201,0.178933833489185,NA,NA,2144.73671496807,572.76720099888,52.63,24.39,0.09,0.05,9.09,-2.13,300,NA,NA,-12.02,-14.33,0,0
2020-06-13,1763,347640,59,NA,1433,245,0,0,5,3142,872,0,NA,8,7,7,0,0,1,2794329,0,0,0,0,0.19,0.18,3.43552960299235,3.39974283629451,0.178933833489185,NA,NA,2092.23752822234,551.939302780739,28.57,20.93,0.05,0.04,5.49,5.56,50,NA,NA,-6.49,-10.9,0,0
2020-06-14,1768,349357,60,NA,1435,247,0,0,5,1717,852,1,NA,2,4,9,0,0,0,2794329,29,2,1,7,0.19,0.17,3.47131636969018,3.36395606959667,0.178933833489185,NA,NA,2077.02815237576,541.954794872043,15.56,8.89,0.04,0.02,10.23,1.08,-33.33,NA,NA,-6.55,-9.75,0,0
2020-06-15,1771,352780,60,NA,1452,233,0,0,3,3423,926,0,NA,17,2,11,0,0,0,2794329,28,2,1,8,0.18,0.16,3.39974283629451,3.292382536201,0.178933833489185,NA,NA,2066.97207093367,537.266728434626,6.52,0,0.03,0.01,5.56,1.1,-33.33,NA,NA,-6,-9.75,0,0
2020-06-16,1773,358580,60,NA,1460,227,0,0,2,5800,1467,0,NA,8,4,14,0,0,0,2794329,0,0,0,0,0.16,0.12,3.36395606959667,3.36395606959667,0.178933833489185,NA,NA,2056.70126889139,536.658353400763,-8.16,-45.9,-0.01,-0.09,6.82,-7.84,-33.33,NA,NA,-0.88,-7,0,0
2020-06-17,1779,363718,60,NA,1468,225,0,0,6,5138,1323,0,NA,8,9,20,0,0,1,2794329,27,1,1,7,0.11,0.12,3.39974283629451,3.47131636969018,0.178933833489185,NA,NA,2040.56143711066,540.702258037618,-49.21,-46.03,-0.11,-0.1,-3.06,-3.96,-33.33,NA,NA,0.37,-3.29,0,0
2020-06-18,1787,368854,60,NA,1480,221,0,0,8,5136,1208,0,NA,12,1,19,0,0,0,2794329,25,3,1,6,0.13,0.1,3.50710313638802,3.14923546940965,0.178933833489185,NA,NA,2046.82412128278,543.278905239863,-41.94,-48.28,-0.09,-0.1,1.03,-11.11,-75,NA,NA,0.25,-2,0,0
2020-06-19,1790,373267,60,NA,1486,218,0,0,3,4413,727,0,NA,6,6,4,0,0,0,2794329,25,3,1,5,0.11,0.11,3.22080900280532,3.0060884026183,0.178933833489185,NA,NA,2033.3325102377,528.212676460073,-44.83,-35.29,-0.1,-0.07,-6.25,-8.7,-75,NA,NA,2.57,-0.14,0,0
2020-06-20,1793,375836,60,NA,1490,217,0,0,3,2569,749,0,NA,4,3,8,0,0,0,2794329,24,3,1,8,0.11,0.1,3.0060884026183,2.89872810252479,0.143147066791348,NA,NA,2020.0914065595,519.588065685895,-44.44,-44.23,-0.08,-0.08,-12.5,-14.74,-66.67,NA,NA,-0.2,-0.21,0,0
2020-06-21,1796,377520,60,NA,1492,218,0,0,3,1684,650,0,NA,2,1,10,0,0,1,2794329,21,3,1,7,0.1,0.09,2.86294133582696,2.68400750233777,0.0715735333956739,NA,NA,2011.21628841844,509.388837177011,-46.15,-46.94,-0.09,-0.08,-17.53,-20.21,-100,NA,NA,0.45,-1.87,0,0
2020-06-22,1798,380662,61,NA,1507,204,0,0,2,3142,724,1,NA,15,2,3,0,0,0,2794329,0,0,0,0,0.1,0.09,2.71979426903561,2.57664720224426,0.107360300093511,NA,NA,1999.33508187475,499.941130768782,-44.9,-43.48,-0.08,-0.07,-20,-21.74,-50,NA,NA,-0.37,-3.85,0,0
2020-06-23,1799,385219,61,NA,1508,203,0,0,1,4557,976,0,NA,1,1,6,0,0,0,2794329,20,3,1,8,0.1,0.09,2.54086043554642,2.00405893507887,0.107360300093511,NA,NA,1977.1472865221,486.091652056719,-42.22,-30.3,-0.06,-0.03,-24.47,-40.43,-50,NA,NA,-6.89,-12.03,0,0
2020-06-24,1801,389220,61,NA,1511,202,0,0,2,4001,858,0,NA,3,2,2,0,0,1,2794329,18,3,1,9,0.09,0.06,1.93248540168319,1.78933833489185,0.107360300093511,NA,NA,1934.77575475186,476.679732415188,-31.25,-52.94,-0.02,-0.06,-43.16,-48.45,-50,NA,NA,-10.71,-20.68,0,0
2020-06-25,1803,392148,61,NA,1516,199,0,0,2,2928,653,0,NA,5,3,11,0,0,0,2794329,0,0,0,0,0.07,0.08,1.86091186828752,1.71776480149617,0.0715735333956739,NA,NA,1858.29943431858,459.895738833902,-55.56,-40,-0.06,-0.02,-46.94,-45.45,0,NA,NA,-18.65,-28.97,0,0
2020-06-26,1808,396610,61,NA,1522,198,0,0,5,4462,799,0,NA,6,6,14,0,0,2,2794329,12,3,1,9,0.08,0.08,1.78933833489185,1.82512510158968,0.0715735333956739,NA,NA,1864.91998615768,457.498025465147,-43.75,-45.45,-0.03,-0.03,-44.44,-39.29,0,NA,NA,-18.86,-26.66,0,0
2020-06-27,1810,399104,61,NA,1528,194,0,0,2,2494,456,0,NA,6,0,3,0,0,1,2794329,12,3,1,7,0.07,0.06,1.68197803479834,1.57461773470483,0.0715735333956739,NA,NA,1841.73016133748,442.610730518847,-43.33,-48.28,-0.04,-0.04,-44.05,-45.68,0,NA,NA,-17.48,-29.45,0,0
2020-06-28,1811,400754,61,NA,1538,185,0,0,1,1650,709,0,NA,10,1,2,0,0,1,2794329,0,0,0,0,0.06,0.06,1.53883096800699,1.46725743461131,0.0357867666978369,NA,NA,1839.33244796873,437.493222881057,-46.43,-42.31,-0.04,-0.03,-46.25,-45.33,Inf,NA,NA,-17.5,-26.6,0,0
2020-06-29,1812,404495,61,NA,1541,183,0,0,1,3741,994,0,NA,3,1,8,0,0,1,2794329,10,2,1,5,0.06,0.06,1.46725743461131,1.43147066791348,0.0357867666978369,NA,NA,1850.71263977864,439.92672301651,-48.15,-46.15,-0.04,-0.03,-46.05,-44.44,-100,NA,NA,-14.52,-20.49,0,0
2020-06-30,1813,409595,61,NA,1550,175,0,0,1,5100,1094,0,NA,9,7,3,0,0,1,2794329,10,1,1,5,0.06,0.08,1.43147066791348,1.53883096800699,0.0357867666978369,NA,NA,1825.66190309015,426.578259038216,-46.15,-13.04,-0.04,-0.01,-43.66,-23.21,-100,NA,NA,-8.5,-12.49,0,0
2020-07-01,1820,414038,62,NA,1561,169,0,0,7,4443,780,1,NA,11,3,6,0,0,5,2794329,0,0,0,0,0.08,0.08,1.46725743461131,1.32411036781997,0.0715735333956739,NA,NA,1800.79010023516,407.146044721291,-13.64,31.25,-0.01,0.02,-24.07,-26,0,NA,NA,-2.68,-6.91,0,0
2020-07-02,1823,418069,62,NA,1566,167,0,0,3,4031,940,0,NA,5,4,10,0,0,1,2794329,8,1,1,5,0.08,0.08,1.28832360112213,1.43147066791348,0.0715735333956739,NA,NA,1761.24572303404,397.555191246271,25,22.22,0.01,0,-30.77,-16.67,0,NA,NA,11.28,8.15,0,0
2020-07-03,1826,421865,62,NA,1577,159,0,0,3,3796,591,0,NA,11,5,6,0,0,1,2794329,8,1,1,5,0.07,0.08,1.28832360112213,1.39568390121564,0.0715735333956739,NA,NA,1739.16528798148,392.688190975365,0,16.67,-0.01,0,-28,-23.53,0,NA,NA,8.19,2.87,0,0
2020-07-04,1831,423749,62,NA,1584,157,0,0,5,1884,657,0,NA,7,5,0,0,0,3,2794329,10,1,1,3,0.09,0.11,1.3598971345178,1.46725743461131,0.0715735333956739,NA,NA,1714.65135279346,389.395808439164,23.53,73.33,0.02,0.05,-19.15,-6.82,0,NA,NA,5.92,12.69,0,0
2020-07-05,1836,424680,62,NA,1588,158,0,0,5,931,524,0,NA,4,4,10,0,0,0,2794329,10,1,1,2,0.1,0.12,1.43147066791348,1.57461773470483,0.0715735333956739,NA,NA,1687.70391746999,384.886675835236,66.67,93.33,0.04,0.06,-6.98,7.32,0,NA,NA,2.98,7.83,0,0
2020-07-06,1839,425773,62,NA,1588,161,0,0,3,1093,194,0,NA,0,9,2,0,0,1,2794329,12,1,1,2,0.13,0.17,1.46725743461131,1.82512510158968,0.0357867666978369,NA,NA,1614.37683250612,365.919689485383,92.86,164.29,0.07,0.11,0,27.5,Inf,NA,NA,-10.72,-12.21,0,0
2020-07-07,1849,427972,62,NA,1594,165,0,0,10,2199,338,0,NA,6,3,5,0,0,2,2794329,0,0,0,0,0.2,0.18,1.78933833489185,1.89669863498536,0.0357867666978369,NA,NA,1529.99163663262,343.087732332163,157.14,65,0.14,0.1,25,23.26,Inf,NA,NA,-24.61,-27.66,0,0
2020-07-08,1852,431927,62,NA,1603,159,0,0,3,3955,847,0,NA,9,4,10,0,0,2,2794329,14,1,1,1,0.18,0.19,1.82512510158968,1.96827216838103,0.0357867666978369,NA,NA,1528.34544536452,342.694077898487,68.42,61.9,0.1,0.11,24.39,48.65,-100,NA,NA,-27.92,-25.41,0,0
2020-07-09,1856,435371,62,NA,1604,162,0,0,4,3444,537,0,NA,1,7,3,0,0,1,2794329,13,1,1,1,0.19,0.21,1.89669863498536,2.11141923517238,0.0357867666978369,NA,NA,1546.81141698061,338.542812961537,65,68.18,0.11,0.13,47.22,47.5,-100,NA,NA,-33.25,-36.11,0,0
2020-07-10,1860,439039,62,NA,1607,162,0,0,4,3668,747,0,NA,3,3,2,0,0,1,2794329,14,1,1,2,0.2,0.2,1.86091186828752,2.00405893507887,0.0357867666978369,NA,NA,1518.39672422252,336.68190109325,88.89,66.67,0.13,0.12,44.44,43.59,-100,NA,NA,-32,-30.91,0,0
2020-07-11,1864,440706,62,NA,1609,164,0,0,4,1667,450,0,NA,2,3,3,0,0,1,2794329,13,1,1,1,0.19,0.19,1.93248540168319,2.11141923517238,0.0357867666978369,NA,NA,1488.80106816341,336.467180493063,57.14,26.92,0.1,0.08,42.11,43.9,-100,NA,NA,-31.19,-36.91,0,0
2020-07-12,1869,441613,62,NA,1609,169,0,0,5,907,282,0,NA,0,2,4,0,0,2,2794329,14,1,1,2,0.19,0.18,2.07563246847454,2.14720600187022,0.0357867666978369,NA,NA,1462.21150050692,321.186231113087,32,6.9,0.09,0.06,45,36.36,-100,NA,NA,-29.23,-39.16,0,0
2020-07-13,1870,443897,62,NA,1613,166,0,0,1,2284,365,0,NA,4,5,5,0,0,1,2794329,16,1,1,0,0.17,0.15,2.07563246847454,2.29035306866156,0.0357867666978369,NA,NA,1410.07018142817,298.676354860147,14.81,-27.03,0.04,-0.02,41.46,25.49,-100,NA,NA,-14.82,-25.4,0,0
2020-07-14,1891,446995,62,NA,1618,182,0,0,21,3098,582,0,NA,5,21,3,0,0,14,2794329,21,2,2,2,0.22,0.24,2.79136780243128,2.79136780243128,0.0357867666978369,NA,NA,1338.4250744991,280.353530310855,16.67,36.36,0.02,0.06,56,47.17,-100,NA,NA,3.52,-5.32,0,0
2020-07-15,1897,450185,62,NA,1625,180,0,0,6,3190,711,0,NA,7,5,4,0,0,0,2794329,20,2,2,2,0.25,0.25,2.75558103573344,2.86294133582696,0,NA,NA,1293.58425582671,277.884243408704,40.62,35.29,0.07,0.06,50.98,45.45,NA,NA,NA,2.06,-10.19,0,0
2020-07-16,1903,453429,62,NA,1629,182,0,0,6,3244,660,0,NA,4,9,5,0,0,1,2794329,22,2,2,2,0.26,0.27,2.86294133582696,3.04187516931614,0,NA,NA,1265.42007043551,267.863948733309,42.42,29.73,0.07,0.06,50.94,44.07,NA,NA,NA,4.37,2.96,0,0
2020-07-17,1910,456513,63,NA,1634,183,0,0,7,3084,712,1,NA,5,16,4,0,0,1,2794329,0,0,0,0,0.29,0.35,3.0060884026183,3.43552960299235,0.0357867666978369,NA,NA,1239.93989254665,272.194147503748,47.06,74.29,0.09,0.15,61.54,71.43,Inf,NA,NA,1.75,-2.13,0,0
2020-07-18,1928,458048,63,NA,1634,201,0,0,18,1535,508,0,NA,0,14,1,0,0,2,2794329,0,0,0,0,0.37,0.42,3.47131636969018,3.75761050327288,0.0357867666978369,NA,NA,1227.45031096911,266.86191926577,93.94,118.18,0.18,0.23,79.63,77.97,Inf,NA,NA,2.27,5.03,0,0
2020-07-19,1942,459048,63,NA,1639,210,0,0,14,1000,361,0,NA,5,6,1,0,0,4,2794329,23,2,1,3,0.42,0.44,3.79339726997072,3.82918403666855,0.0357867666978369,NA,NA,1229.91959787126,261.028676294023,121.21,145.16,0.23,0.26,82.76,78.33,Inf,NA,NA,2.96,14.85,0,0
2020-07-20,1944,460673,63,NA,1642,209,0,0,2,1625,429,0,NA,3,4,0,0,0,0,2794329,25,2,1,4,0.44,0.45,3.75761050327288,3.65025020317937,0.0357867666978369,NA,NA,1248.95815775451,269.438566468014,138.71,177.78,0.27,0.3,81.03,59.38,Inf,NA,NA,-7.44,11.13,0,0
2020-07-21,1946,461448,63,NA,1651,202,0,0,2,775,274,0,NA,9,3,5,0,0,1,2794329,25,2,1,5,0.38,0.39,3.47131636969018,3.65025020317937,0.0357867666978369,NA,NA,1197.99780197679,267.148213399353,30.95,26.67,0.16,0.15,24.36,30.77,Inf,NA,NA,-24.02,-4.07,0,0
2020-07-22,1956,462122,63,NA,1655,208,0,0,10,674,302,0,NA,4,4,3,0,0,3,2794329,21,2,1,4,0.49,0.47,3.72182373657504,3.65025020317937,0.0357867666978369,NA,NA,1080.58142044119,247.644425549032,31.11,21.74,0.24,0.22,35.06,27.5,Inf,NA,NA,-34.62,-11.65,0,0
2020-07-23,1982,462726,63,NA,1660,229,0,0,26,604,194,0,NA,5,4,4,0,0,2,2794329,21,2,1,3,0.85,0.55,4.50913260392745,3.54288990308586,0.0357867666978369,NA,NA,978.94700301933,235.369564571674,68.09,6.25,0.59,0.28,57.5,16.47,Inf,NA,NA,-48.52,-26.78,0,0
2020-07-24,1996,463269,63,NA,1661,242,0,0,14,543,181,0,NA,1,5,3,0,0,0,2794329,26,2,1,4,1.27,0.59,4.86700027090582,3.61446343648153,0.0357867666978369,NA,NA,867.113357088589,215.114254620698,72,-34.43,0.98,0.24,61.9,5.21,-100,NA,NA,-61.34,-40.22,0,0
2020-07-25,2003,463496,63,NA,1661,249,0,0,7,227,78,0,NA,0,6,5,0,0,2,2794329,28,2,1,5,1.38,0.59,4.97436057099933,3.72182373657504,0.0357867666978369,NA,NA,815.580413043704,201.801577409102,17.19,-55.56,1.01,0.17,43.3,-0.95,-100,NA,NA,-68.58,-52.38,0,0
2020-07-26,2014,463748,63,NA,1661,260,0,0,11,252,135,0,NA,0,0,0,0,0,5,2794329,28,2,1,5,1.53,0.55,5.18908117118636,3.65025020317937,0.0357867666978369,NA,NA,792.140080856621,196.54092270452,-1.37,-65.79,1.11,0.11,36.79,-4.67,-100,NA,NA,-73.04,-59.14,0,0
2020-07-27,2022,464278,63,NA,1661,268,0,0,8,530,148,0,NA,0,7,4,0,0,2,2794329,32,2,1,6,2.16,0.8,5.43958853807121,3.72182373657504,0.0357867666978369,NA,NA,729.370092068615,188.77519433109,5.41,-61.33,1.72,0.35,44.76,1.96,-100,NA,NA,-78.51,-66.89,0,0
2020-07-28,2037,466227,63,NA,1672,272,0,0,15,1949,711,0,NA,11,18,9,0,0,2,2794329,34,2,1,6,1.9,0.92,5.22486793788419,3.61446343648153,0.0357867666978369,NA,NA,688.2510971328,193.391687235111,65.45,-22.81,1.52,0.53,50.52,-0.98,-100,NA,NA,-66.93,-52.15,0,0
2020-07-29,2056,471917,63,NA,1682,281,0,0,19,5690,2902,0,NA,10,76,9,0,0,4,2794329,29,1,1,4,1.02,1.18,5.69009590495607,6.15532387202795,0.0357867666978369,NA,NA,777.718013877392,271.800493070072,69.49,107.14,0.53,0.71,52.88,68.63,-100,NA,NA,-17.94,33.98,0,0
2020-07-30,2069,476972,63,NA,1691,285,0,0,13,5055,1683,0,NA,9,8,3,0,0,2,2794329,28,1,1,4,0.61,0.84,5.94060327184093,6.11953710533012,0.0357867666978369,NA,NA,842.527848367175,308.410355401959,10.13,135.29,-0.24,0.29,31.75,72.73,-100,NA,NA,53.23,110,0,0
2020-07-31,2087,481902,63,NA,1693,301,0,0,18,4930,1430,0,NA,2,20,7,0,0,6,2794329,0,0,0,0,0.49,0.72,6.33425770551714,6.26268417212146,0,NA,NA,908.590219691382,334.105253891006,5.81,237.5,-0.78,0.13,30.15,73.27,NA,NA,NA,175.8,215.12,0,0
2020-08-01,2104,484201,63,NA,1699,312,0,0,17,2299,998,0,NA,6,13,3,0,0,4,2794329,30,3,1,6,0.49,0.69,6.2984709388193,6.22689740542363,0,NA,NA,935.93130944853,351.640769572946,34.67,343.75,-0.89,0.1,26.62,67.31,NA,NA,NA,280.05,340.19,0,0
2020-08-02,2114,485563,63,NA,1701,320,0,0,10,1362,826,0,NA,2,7,0,0,0,4,2794329,31,3,1,7,0.46,0.68,6.15532387202795,6.26268417212146,0,NA,NA,948.886118993146,368.28161608744,38.89,473.08,-1.07,0.13,18.62,71.57,NA,NA,NA,364.15,446.01,0,0
2020-08-03,2131,488340,63,NA,1704,334,0,0,17,2777,1187,0,NA,3,14,7,0,0,2,2794329,29,3,1,6,0.45,0.65,6.69212537249551,6.62055183909983,0,NA,NA,990.112474229055,395.4079852444,39.74,437.93,-1.71,-0.15,23.03,77.88,NA,NA,NA,567.46,642.15,0,0
2020-08-04,2141,491860,64,NA,1709,339,0,0,10,3520,836,1,NA,5,18,4,0,0,0,2794329,31,2,0,7,0.41,0.61,6.9784195060782,7.15735333956739,0.0357867666978369,NA,NA,1088.34714881462,415.520148128585,14.29,254.55,-1.49,-0.31,33.56,98.02,Inf,NA,NA,436.37,463.87,0,0
2020-08-05,2165,496165,64,NA,1715,356,0,0,24,4305,1068,0,NA,6,29,4,0,0,2,2794329,32,2,0,7,0.45,0.45,7.47943423984792,8.05202250701331,0.0357867666978369,NA,NA,1218.28889869446,442.932811419128,9,-6.03,-0.57,-0.73,31.45,30.81,Inf,NA,NA,147.55,84.59,0,0
2020-08-06,2189,500352,64,NA,1723,372,0,0,24,4187,1148,0,NA,8,19,9,0,0,5,2794329,31,1,0,7,0.51,0.51,7.40786070645225,8.58882400748086,0.0357867666978369,NA,NA,1346.51288377281,477.073386848864,37.93,0,-0.1,-0.33,24.7,40.35,Inf,NA,NA,64.12,28.35,0,0
2020-08-07,2225,504571,64,NA,1732,399,0,0,36,4219,988,0,NA,9,36,2,0,0,8,2794329,34,1,0,10,0.61,0.6,8.19516957380466,9.69821377511381,0.0357867666978369,NA,NA,1478.06503815406,505.953307574019,51.65,0.74,0.12,-0.12,29.38,54.86,Inf,NA,NA,21.66,-0.51,0,0
2020-08-08,2247,506558,64,NA,1735,418,0,0,22,1987,747,0,NA,3,17,1,0,0,3,2794329,32,1,0,11,0.64,0.63,8.73197107427221,10.09186820879,0.0357867666978369,NA,NA,1541.04974754225,529.894654494872,41.58,-1.41,0.15,-0.0599999999999999,38.64,62.07,Inf,NA,NA,7.98,-15.07,0,0
2020-08-09,2259,507986,64,NA,1739,426,0,0,12,1428,589,0,NA,4,16,3,0,0,0,2794329,35,1,0,8,0.65,0.66,8.76775784097005,10.6644564759554,0.0357867666978369,NA,NA,1583.13498517891,546.14184657569,45,0,0.19,-0.02,42.44,70.29,Inf,NA,NA,2.79,-24.55,0,0
2020-08-10,2277,511522,64,NA,1741,442,0,0,18,3536,719,0,NA,2,27,2,0,0,3,2794329,44,2,1,15,0.63,0.7,9.12562550794842,11.3801918099121,0.0357867666978369,NA,NA,1690.71000587261,566.576090360154,33.94,3.85,0.18,0.0499999999999999,36.36,71.89,Inf,NA,NA,-3.66,-37.4,0,0
2020-08-11,2303,515279,64,NA,1749,460,0,0,26,3757,1131,0,NA,8,31,10,0,0,7,2794329,46,2,1,17,0.69,0.75,9.51927994162463,11.845419776984,0.0357867666978369,NA,NA,1755.4124800623,581.606532373246,55.77,12.18,0.28,0.14,36.41,65.5,-100,NA,NA,-8.64,-35.21,0,0
2020-08-12,2324,518760,64,NA,1757,473,0,0,21,3481,745,0,NA,8,20,6,0,0,6,2794329,49,2,1,16,0.7,0.73,9.5908534750203,9.84136084190516,0.0357867666978369,NA,NA,1676.35951242678,504.414476606012,45.87,52.29,0.25,0.28,28.23,22.22,-100,NA,NA,-6.82,-24.43,0,0
2020-08-13,2346,522994,64,NA,1765,487,0,0,22,4234,960,0,NA,8,36,2,0,0,4,2794329,55,3,1,20,0.69,0.81,9.91293437530083,10.8433903094446,0.0357867666978369,NA,NA,1646.97857696785,478.540644283476,30.83,52.5,0.18,0.3,33.82,26.25,-100,NA,NA,-3.16,-21.54,0,0
2020-08-14,2379,528109,64,NA,1774,511,0,0,33,5115,1432,0,NA,9,36,10,0,0,4,2794329,54,2,2,23,0.65,0.78,10.4497358757684,11.41597857661,0.0357867666978369,NA,NA,1653.59912880695,478.612217816871,11.59,34.56,0.04,0.18,27.51,17.71,-100,NA,NA,3.83,-10.32,0,0
2020-08-15,2409,531546,64,NA,1776,539,0,0,30,3437,1872,0,NA,2,32,3,0,0,2,2794329,55,2,3,22,0.65,0.79,10.9149638428403,12.0959271438689,0.0357867666978369,NA,NA,1694.32446930909,509.889851910781,13.29,41.43,0.01,0.16,25,19.86,-100,NA,NA,11.77,9.53,0,0
2020-08-16,2430,532637,64,NA,1776,560,0,0,21,1091,426,0,NA,0,25,9,0,0,2,2794329,56,2,3,22,0.69,0.84,11.3086182765165,12.7400889444299,0.0357867666978369,NA,NA,1684.62625553398,495.575145231646,17.93,38.93,0.0399999999999999,0.18,28.98,19.46,-100,NA,NA,9.94,11,0,0
2020-08-17,2467,535698,64,NA,1793,580,0,0,37,3061,860,0,NA,17,15,8,0,0,1,2794329,62,5,3,20,0.79,0.81,12.0243536104732,12.7758757111278,0.0357867666978369,NA,NA,1694.78969727616,483.872872521453,30.14,20.37,0.16,0.11,31.76,12.26,-100,NA,NA,4.29,21.84,0,0
2020-08-18,2489,539966,64,NA,1801,594,0,0,22,4268,1374,0,NA,8,38,4,0,0,2,2794329,63,4,5,20,0.75,0.82,12.4537948108473,13.4916110450845,0,NA,NA,1721.55819876614,503.12615300489,14.81,15.43,0.0600000000000001,0.07,30.83,13.9,NA,NA,NA,5.41,20.02,0,0
2020-08-19,2521,543824,65,NA,1812,614,0,0,32,3858,1061,1,NA,11,37,22,0,0,0,2794329,70,6,4,24,0.79,0.87,12.7400889444299,13.7779051786672,0.0357867666978369,NA,NA,1705.56151405221,502.875645638005,23.9,31.93,0.0900000000000001,0.14,32.84,40,Inf,NA,NA,10.93,31.61,0,0
2020-08-20,2558,547926,66,NA,1820,643,0,0,37,4102,1639,1,NA,8,32,11,0,0,0,2794329,69,8,5,22,0.85,0.86,13.2053169115018,14.2431331457391,0.0715735333956739,NA,NA,1702.51963888289,520.446948086643,35.03,17.49,0.16,0.0499999999999999,33.21,31.35,Inf,NA,NA,10.11,47.37,0,0
2020-08-21,2588,552536,67,NA,1832,659,0,0,30,4610,1544,1,NA,12,42,20,0,0,1,2794329,60,6,21,22,0.86,0.9,12.9905963113148,14.4578537459261,0.107360300093511,NA,NA,1716.51226466175,540.34439037064,35.71,20.77,0.21,0.12,24.32,26.65,Inf,NA,NA,3.78,38.79,0,0
2020-08-22,2629,555597,67,NA,1834,698,0,0,41,3061,1204,0,NA,2,42,7,0,0,6,2794329,63,6,2,24,0.91,0.96,13.6705448785737,15.352522913372,0.107360300093511,NA,NA,1754.94725209523,556.698942751551,35.8,16.67,0.26,0.17,25.25,26.92,Inf,NA,NA,-3.75,8.86,0,0
2020-08-23,2667,557430,68,NA,1834,735,0,0,38,1833,949,1,NA,0,25,6,0,0,3,2794329,66,7,2,30,0.96,0.93,14.6010008127175,15.6746038136526,0.143147066791348,NA,NA,1769.44089260785,569.582178762773,38.6,11.59,0.27,0.0900000000000001,29.11,23.03,Inf,NA,NA,0.58,18.48,0,0
2020-08-24,2688,560669,68,NA,1850,740,0,0,21,3239,969,0,NA,16,24,22,0,0,3,2794329,59,6,2,19,0.89,0.96,14.708361112811,15.5672435135591,0.143147066791348,NA,NA,1758.81222289859,578.528870437232,16.32,23.08,0.1,0.15,22.32,21.85,Inf,NA,NA,3.29,17.69,0,0
2020-08-25,2720,565032,68,NA,1863,759,0,0,32,4363,1071,0,NA,13,37,7,0,0,6,2794329,62,7,3,22,0.92,0.95,14.923081712998,15.7819641137461,0.143147066791348,NA,NA,1780.49900351748,576.381664435362,24.19,18.32,0.17,0.13,19.83,16.98,Inf,NA,NA,1.54,10.01,0,0
2020-08-26,2756,570485,68,NA,1869,789,0,0,36,5453,1585,0,NA,6,46,16,0,0,2,2794329,63,8,3,25,0.88,0.93,15.4598832134656,16.7124200478899,0.143147066791348,NA,NA,1851.07050744562,606.442548461545,19.29,13.24,0.09,0.0600000000000001,21.35,21.3,200,NA,NA,6.37,12.22,0,0
2020-08-27,2804,575369,69,NA,1883,822,0,0,48,4884,1493,1,NA,14,25,13,0,0,3,2794329,64,8,3,25,0.9,0.88,16.3903391476093,16.3187656142136,0.178933833489185,NA,NA,1874.33190579921,625.516895111492,16.04,12.09,0.05,0.02,24.12,14.57,50,NA,NA,10.07,1.74,0,0
2020-08-28,2833,580805,69,NA,1898,836,0,0,29,5436,1794,0,NA,15,36,17,0,0,3,2794329,58,8,3,25,0.87,0.83,16.247192080818,16.3187656142136,0.178933833489185,NA,NA,1885.81945790922,638.471704656109,17.22,6.33,0.01,-0.0700000000000001,25.07,12.87,-33.33,NA,NA,15.73,3.29,0,0
2020-08-29,2868,583596,69,NA,1904,865,0,0,35,2791,1287,0,NA,6,36,11,0,0,3,2794329,57,7,2,21,0.85,0.82,16.4261259143072,16.461912681005,0.178933833489185,NA,NA,1862.70120662241,617.536446137874,8.64,-0.87,-0.0600000000000001,-0.14,20.16,7.23,-33.33,NA,NA,16.42,12.83,0,0
2020-08-30,2900,585256,69,NA,1909,892,0,0,32,1660,675,0,NA,5,15,11,0,0,1,2794329,59,8,3,25,0.84,0.79,16.8197803479834,16.1040450140266,0.178933833489185,NA,NA,1883.06387687348,626.447351045636,-1.69,-5.19,-0.12,-0.14,15.2,2.74,-75,NA,NA,12.23,2.82,0,0
2020-08-31,2923,589220,69,NA,1923,901,0,0,23,3964,1234,0,NA,14,27,13,0,0,3,2794329,60,7,3,23,0.82,0.78,16.3187656142136,16.5334862144007,0.178933833489185,NA,NA,1915.37932720163,639.831601790627,6.33,-7.5,-0.0700000000000001,-0.18,10.95,6.21,-75,NA,NA,14.34,4.57,0,0
2020-09-01,2952,593669,69,NA,1951,902,0,0,29,4449,1225,0,NA,28,34,14,0,0,4,2794329,56,7,3,19,0.81,0.76,16.5692729810985,16.3903391476093,0.178933833489185,NA,NA,1921.85673197394,634.499373552649,0.43,-8.37,-0.11,-0.19,11.03,3.85,-75,NA,NA,14.25,10.15,0,0
2020-09-02,2972,598200,69,NA,1965,908,0,0,20,4531,1157,0,NA,14,24,21,0,0,2,2794329,58,8,3,19,0.78,0.71,16.1398317807245,15.9251111805374,0.143147066791348,NA,NA,1945.94122596158,637.934903155641,-8.09,-20.56,-0.1,-0.22,4.4,-4.71,-66.67,NA,NA,3.95,-1.07,0,0
2020-09-03,2998,602456,69,NA,1989,910,0,0,26,4256,1291,0,NA,24,36,34,0,0,7,2794329,50,6,2,15,0.72,0.77,15.7461773470483,16.0682582473288,0.107360300093511,NA,NA,1951.45238803305,625.481108344794,-21.14,-13.69,-0.18,-0.11,-3.93,-1.54,-100,NA,NA,-1.3,-1.72,0,0
2020-09-04,3034,607635,69,NA,2018,917,0,0,36,5179,1387,0,NA,29,52,31,0,0,0,2794329,47,6,2,19,0.75,0.83,15.9608979472353,16.4261259143072,0.0715735333956739,NA,NA,1971.81505828412,619.862585973234,-17.96,-4.68,-0.12,0,-1.76,0.66,-100,NA,NA,-5.09,-8.92,0,0
2020-09-05,3077,610025,69,NA,2024,954,0,0,43,2390,932,0,NA,6,24,15,0,0,1,2794329,50,5,1,18,0.79,0.8,16.0324714806309,15.7819641137461,0.0715735333956739,NA,NA,1947.80213782987,610.128585431422,-12.55,-7.42,-0.0599999999999999,-0.0199999999999999,-2.4,-4.13,-100,NA,NA,-5.61,-13.63,0,0
2020-09-06,3094,611239,69,NA,2026,969,0,0,17,1214,459,0,NA,2,17,13,0,0,0,2794329,46,4,1,16,0.75,0.82,15.2809493799764,15.4956699801634,0.0357867666978369,NA,NA,1925.65012924391,592.593069749482,-16.74,-2.28,-0.09,0.0299999999999999,-9.15,-3.78,-100,NA,NA,-6.62,-13.4,0,0
2020-09-07,3126,614767,69,NA,2045,982,0,0,32,3528,818,0,NA,19,28,14,0,0,6,2794329,43,3,1,14,0.79,0.84,15.6746038136526,15.6388170469547,0.0357867666978369,NA,NA,1935.99250481958,587.189267978108,-13.62,-3.15,-0.0299999999999999,0.0599999999999999,-3.95,-5.41,-100,NA,NA,-10.52,-20.46,0,0
2020-09-08,3158,619168,69,NA,2055,1004,0,0,32,4401,993,0,NA,10,37,18,0,0,2,2794329,41,3,1,14,0.81,0.85,15.6746038136526,15.6388170469547,0.0357867666978369,NA,NA,1937.3524019541,584.397900175677,-11.21,-0.46,0,0.09,-5.4,-4.59,-100,NA,NA,-10.96,-24.28,0,0
2020-09-09,3194,625009,69,NA,2069,1026,0,0,36,5841,1353,0,NA,14,44,26,0,0,2,2794329,38,4,2,15,0.83,0.89,15.6746038136526,15.5672435135591,0.0357867666978369,NA,NA,1951.23766743286,576.095370301779,2.78,20.81,0.0499999999999999,0.18,-2.88,-2.25,-100,NA,NA,-3.27,-18.41,0,0
2020-09-10,3238,629839,70,NA,2094,1045,0,0,44,4830,1371,1,NA,25,49,27,0,0,2,2794329,0,0,0,0,0.88,0.92,15.5314567468612,16.4261259143072,0.0357867666978369,NA,NA,1949.30518203118,571.729384764643,23.71,20.67,0.16,0.15,-1.36,2.23,Inf,NA,NA,1.09,-15.58,0,0
2020-09-11,3291,635236,70,NA,2117,1075,0,0,53,5397,1634,0,NA,23,60,21,0,0,5,2794329,40,5,1,15,0.93,0.94,16.3903391476093,17.2850083150552,0.0357867666978369,NA,NA,1947.90949812996,566.003502092989,27.86,15.62,0.18,0.11,2.69,5.23,Inf,NA,NA,2.87,-8.43,0,0
2020-09-12,3330,637723,71,NA,2121,1109,0,0,39,2487,965,1,NA,4,55,6,0,0,5,2794329,41,5,1,16,0.91,1.05,16.5334862144007,17.9649568823141,0.0715735333956739,NA,NA,1937.03032105382,554.480163216286,21.05,36.79,0.12,0.25,3.12,13.83,Inf,NA,NA,4.8,-3.9,0,0
2020-09-13,3381,639291,71,NA,2125,1156,0,0,51,1568,484,0,NA,4,15,5,0,0,2,2794329,42,5,1,17,1.02,1.03,17.2134347816596,17.9649568823141,0.0715735333956739,NA,NA,1933.73793851762,547.644890776999,47.94,34.58,0.27,0.21,12.65,15.94,Inf,NA,NA,7.96,-0.87,0,0
2020-09-14,3392,642624,71,NA,2149,1142,0,0,11,3333,709,0,NA,24,28,14,0,0,0,2794329,40,5,3,14,0.95,1.03,16.7839935812855,18.000743649012,0.0715735333956739,NA,NA,1911.15648873128,528.856838260634,31.03,33.95,0.16,0.19,7.08,15.1,Inf,NA,NA,9.04,3.3,0,0
2020-09-15,3437,648187,71,NA,2170,1165,0,0,45,5563,1367,0,NA,21,60,45,0,0,4,2794329,51,5,3,17,0.96,1.07,17.3565818484509,18.9311995831557,0.0715735333956739,NA,NA,1951.02294683267,533.938559131727,35.44,42.66,0.15,0.22,10.73,21.05,Inf,NA,NA,13.8,12.02,0,0
2020-09-16,3499,653349,71,NA,2185,1212,0,0,62,5162,1273,0,NA,15,62,53,0,0,4,2794329,47,6,3,14,1.08,1.16,18.8596260497601,20.2910967176735,0.0715735333956739,NA,NA,1973.60439661901,538.089824068676,37.39,38.24,0.25,0.27,20.32,30.34,Inf,NA,NA,5.71,7.88,0,0
2020-09-17,3560,658786,71,NA,2220,1238,0,0,61,5437,1315,0,NA,35,92,26,0,0,2,2794329,70,8,3,23,1.11,1.29,20.1121628841844,22.2951556527524,0.0715735333956739,NA,NA,2015.86856808915,538.948706469424,34.17,48.21,0.23,0.37,29.49,35.73,0,NA,NA,5.71,5.93,0,0
2020-09-18,3659,664227,71,NA,2245,1309,0,0,99,5441,1374,0,NA,25,95,27,0,0,4,2794329,75,6,3,26,1.27,1.4,22.3667291861481,23.8339866207594,0.0715735333956739,NA,NA,2025.24470096399,538.483478502352,43.19,57.14,0.34,0.46,36.46,37.89,0,NA,NA,5.04,-0.97,0,0
2020-09-19,3739,667366,71,NA,2252,1382,0,0,80,3139,1091,0,NA,7,83,50,0,0,1,2794329,80,6,4,24,1.38,1.47,23.6908395539681,25.9454058559318,0.0715735333956739,NA,NA,2052.04898922067,544.173574407308,61.66,50,0.47,0.42,43.29,44.42,-100,NA,NA,7.02,0.26,0,0
2020-09-20,3809,668986,71,NA,2262,1442,0,0,70,1620,571,0,NA,10,41,10,0,0,4,2794329,83,5,3,26,1.44,1.55,25.5875381889534,26.8042882566799,0.0715735333956739,NA,NA,2066.57841649999,548.181692277466,49.13,60.07,0.42,0.52,48.65,49.2,-100,NA,NA,5.86,1.08,0,0
2020-09-21,3854,672887,71,NA,2275,1473,0,0,45,3901,828,0,NA,13,47,21,0,0,2,2794329,88,6,4,23,1.53,1.59,26.0527661560253,27.4842368239388,0.0715735333956739,NA,NA,2079.92688047828,548.539559944445,73.68,66.67,0.58,0.56,55.22,52.68,-100,NA,NA,8.64,4.13,0,0
2020-09-22,3927,678068,72,NA,2293,1528,0,0,73,5181,1118,1,NA,18,129,59,0,0,3,2794329,111,8,5,24,1.64,1.84,27.5200235906366,30.7766193601398,0.107360300093511,NA,NA,2107.8405585026,553.012905781674,75.63,76.53,0.68,0.77,58.56,62.57,-50,NA,NA,2.97,-3.97,0,0
2020-09-23,4065,684680,74,NA,2302,1654,0,0,138,6612,1931,2,NA,9,126,29,0,0,1,2794329,112,6,4,26,1.81,1.96,31.170273793816,33.7111342293624,0.178933833489185,NA,NA,2135.43215562663,573.697656933024,85.57,86.32,0.73,0.8,65.28,66.14,50,NA,NA,10.55,5.45,0,0
2020-09-24,4179,690347,74,NA,2337,1733,0,0,114,5667,1388,0,NA,35,83,23,0,0,6,2794329,113,8,5,26,1.96,1.91,33.6753474626646,34.9278842970889,0.143147066791348,NA,NA,2165.38567935272,574.306031966887,92.24,62.37,0.85,0.62,67.44,56.66,200,NA,NA,9.03,7.15,0,0
2020-09-25,4290,696946,74,NA,2361,1820,0,0,111,6599,1698,0,NA,24,156,49,0,0,1,2794329,118,9,5,30,1.93,2.03,35.7509799311391,38.3634139000812,0.143147066791348,NA,NA,2208.40137292352,576.596385035549,71.47,63.39,0.66,0.63,59.84,60.96,200,NA,NA,12.86,15.2,0,0
2020-09-26,4381,700810,76,NA,2373,1897,0,0,91,3864,1471,2,NA,12,129,32,0,0,1,2794329,120,9,6,30,1.92,2.13,37.6118917994266,41.0116346357211,0.178933833489185,NA,NA,2257.67975066644,594.704488984654,56.97,63.45,0.54,0.66,58.76,58.07,Inf,NA,NA,12.82,18.28,0,0
2020-09-27,4485,702690,77,NA,2374,2000,0,0,104,1880,925,1,NA,1,58,6,0,0,1,2794329,125,7,3,35,2.01,2.16,39.508590434412,42.5504656037281,0.214720600187022,NA,NA,2268.84522187616,610.4864530984,57.94,57.92,0.57,0.61,54.41,58.74,Inf,NA,NA,13.5,21.55,0,0
2020-09-28,4573,706983,77,NA,2397,2065,0,0,88,4293,1007,0,NA,23,71,23,0,0,4,2794329,133,7,3,38,2.11,2.21,42.2641714701454,44.0892965717351,0.214720600187022,NA,NA,2303.20051790609,621.150909574356,55.63,56.67,0.58,0.62,62.23,60.42,Inf,NA,NA,12.67,21.98,0,0
2020-09-29,4688,713303,77,NA,2419,2158,0,0,115,6320,1509,0,NA,22,140,55,0,0,5,2794329,136,8,3,44,2.16,2.17,44.769245138994,46.9522379075621,0.214720600187022,NA,NA,2330.29110029635,626.232630445449,55.31,38.98,0.52,0.33,62.68,52.56,400,NA,NA,17.92,31.16,0,0
2020-09-30,4779,719711,77,NA,2465,2203,0,0,91,6408,1725,0,NA,46,130,30,0,0,0,2794329,139,9,3,43,2.04,2.19,45.8070613732313,49.385738043015,0.214720600187022,NA,NA,2374.88141160185,642.408248992871,26.15,25.12,0.23,0.23,46.96,46.5,0,NA,NA,11.81,18.17,0,0
2020-10-01,4951,725958,78,NA,2508,2331,0,0,172,6247,1515,1,NA,43,151,36,0,0,4,2794329,143,8,4,42,2.17,2.34,49.7793924766912,51.4971572781874,0.250507366884859,NA,NA,2403.8686926271,649.565602332438,24.72,38.25,0.21,0.43,47.82,47.44,33.33,NA,NA,12.83,18.66,0,0
2020-10-02,5076,733215,80,NA,2547,2415,0,0,125,7257,1964,2,NA,39,99,27,0,0,3,2794329,145,8,3,44,2.17,2.15,50.7098484108349,51.6403043449787,0.322080900280532,NA,NA,2468.85746095037,670.679794684162,24.56,16.99,0.24,0.12,41.84,34.61,100,NA,NA,10.85,17.29,0,0
2020-10-03,5181,737390,81,NA,2553,2513,0,0,105,4175,1773,1,NA,6,104,38,0,0,4,2794329,145,8,3,44,2.19,2.06,51.6045175782809,52.3918264456333,0.357867666978369,NA,NA,2505.93255124933,695.086369572087,24.61,5.91,0.27,-0.0699999999999998,37.2,27.75,0,NA,NA,9.38,15.69,0,0
2020-10-04,5281,740442,82,NA,2562,2602,0,0,100,3052,1352,1,NA,9,95,20,0,0,3,2794329,156,7,5,57,2.11,2.09,52.678120579216,54.3243118473165,0.393654433676206,NA,NA,2557.17920116064,723.035834363097,17.75,8.52,0.1,-0.0700000000000003,33.33,27.67,-16.67,NA,NA,12.01,15.88,0,0
2020-10-05,5361,745355,84,NA,2614,2627,0,0,80,4913,1228,2,NA,52,84,34,0,0,3,2794329,156,11,5,58,2.05,2.09,53.9306574136403,55.6484222151364,0.46522796707188,NA,NA,2593.39540905885,737.350541042232,9.6,6.78,-0.0600000000000001,-0.12,27.6,26.22,16.67,NA,NA,12.54,16.02,0,0
2020-10-06,5477,751401,85,NA,2660,2695,0,0,116,6046,1551,1,NA,46,159,58,0,0,6,2794329,128,11,6,56,2.07,2.16,55.4694883816473,56.7220252160716,0.46522796707188,NA,NA,2624.35096225248,752.846211022396,3.68,7.73,-0.0900000000000003,-0.00999999999999979,23.9,20.81,60,NA,NA,8.13,11.87,0,0
2020-10-07,5619,758504,86,NA,2713,2783,0,0,142,7103,1588,1,NA,53,115,29,0,0,6,2794329,135,13,6,62,2.17,2.08,55.6126354484386,56.3283707823953,0.429441200374043,NA,NA,2641.92226470111,740.571350045038,17.65,5.22,0.13,-0.11,21.41,14.06,200,NA,NA,10.74,12.84,0,0
2020-10-08,5752,766659,87,NA,2781,2846,0,0,133,8155,2580,1,NA,68,207,55,0,0,10,2794329,139,8,7,65,1.97,2.12,56.2925840156975,60.7659298529271,0.46522796707188,NA,NA,2730.95974024533,783.229175948859,3.76,3.35,-0.2,-0.22,13.08,18,125,NA,NA,14.29,22.19,0,0
2020-10-09,5956,774103,87,NA,2816,3015,0,0,204,7444,2232,0,NA,35,175,56,0,0,5,2794329,138,12,8,65,2.15,2.3,59.6207533185963,61.445878420186,0.46522796707188,NA,NA,2761.19955810501,802.339309365504,11.96,20.69,-0.02,0.15,17.57,18.99,16.67,NA,NA,12.74,21.63,0,0
2020-10-10,6116,779334,89,NA,2849,3140,0,0,160,5231,2534,2,NA,33,180,51,0,0,2,2794329,144,15,9,66,2.23,2.42,62.0900402207471,63.2710035217757,0.46522796707188,NA,NA,2810.12006818095,840.380642365305,16.87,34.79,0.04,0.36,20.32,20.77,60,NA,NA,14.66,25.41,0,0
2020-10-11,6242,782170,89,NA,2871,3244,0,0,126,2836,1582,0,NA,22,98,28,0,0,5,2794329,150,17,8,72,2.3,2.44,62.8773490880995,64.7024741896892,0.429441200374043,NA,NA,2844.33221714408,863.892548085784,20.73,28.86,0.19,0.35,19.36,19.1,40,NA,NA,10.53,22.59,0,0
2020-10-12,6360,788214,90,NA,2906,3316,0,0,118,6044,2111,1,NA,35,101,29,0,0,2,2794329,149,22,10,80,2.33,2.41,63.9509520890346,65.7760771906243,0.46522796707188,NA,NA,2906.99484563199,903.401138520196,26.78,28.89,0.28,0.32,18.58,18.2,-14.29,NA,NA,11.69,28.12,0,0
2020-10-13,6497,796114,94,NA,2951,3405,0,0,137,7900,2210,4,NA,45,239,74,0,0,3,2794329,141,18,8,69,2.28,2.49,64.738260956387,69.3189670937102,0.608375033863228,NA,NA,2963.53793701457,928.487661975379,29.28,35.64,0.21,0.33,16.71,22.21,12.5,NA,NA,17.36,33.57,0,0
2020-10-14,6752,804829,94,NA,3035,3575,0,0,255,8715,2325,0,NA,84,244,50,0,0,9,2794329,174,17,9,80,2.45,2.69,70.6072906948323,73.3986584972636,0.608375033863228,NA,NA,3046.09800778648,949.959721994082,34.88,54.15,0.28,0.61,26.96,30.3,-11.11,NA,NA,19.42,41.96,0,0
2020-10-15,7033,812994,97,NA,3093,3795,0,0,281,8165,2167,3,NA,58,275,85,0,0,9,2794329,199,19,9,80,2.76,2.83,74.5080482648965,77.8362175677953,0.679948567258902,NA,NA,3114.73702631294,973.292693881071,59.93,52.03,0.79,0.71,32.36,28.09,11.11,NA,NA,13.84,25.96,0,0
2020-10-16,7261,821873,98,NA,3163,3950,0,0,228,8879,2506,1,NA,70,279,60,0,0,1,2794329,197,16,11,75,2.73,2.96,78.1940852347737,84.277835573406,0.644161800561065,NA,NA,3172.78316189683,992.689121431299,48.3,50.8,0.58,0.66,31.15,37.16,57.14,NA,NA,16.83,25.45,0,0
2020-10-17,7514,827141,100,NA,3167,4198,0,0,253,5268,1973,2,NA,4,255,42,0,0,5,2794329,204,18,8,82,2.92,3.12,83.4905267060536,89.6816373447794,0.679948567258902,NA,NA,3211.89809789756,999.846474770866,49.52,46.9,0.69,0.7,34.47,41.74,37.5,NA,NA,13.98,13.85,0,0
2020-10-18,7720,831048,102,NA,3185,4386,0,0,206,3907,1978,2,NA,18,214,31,0,0,3,2794329,229,20,9,87,3.02,3.29,87.2839239760243,93.940262581822,0.715735333956739,NA,NA,3242.49578342421,1022.24899072371,53.8,57.86,0.72,0.85,38.82,45.19,85.71,NA,NA,17.13,14.86,0,0
2020-10-19,7923,836494,105,NA,3377,4390,0,0,203,5446,1574,3,NA,192,220,36,0,0,6,2794329,232,23,9,92,3.24,3.57,91.6856962798582,98.8072628527278,0.751522100654576,NA,NA,3261.57013007416,1034.63121200116,56.46,66.76,0.91,1.16,43.37,50.22,150,NA,NA,12.65,3.91,0,0
2020-10-20,8236,845543,109,NA,3710,4368,0,0,313,9049,2216,4,NA,333,484,59,0,0,1,2794329,245,21,9,83,3.52,3.99,98.7356893193321,110.437962029525,0.858882400748087,NA,NA,3369.03779046777,1058.42941185523,70.49,76.77,1.24,1.5,52.52,59.32,66.67,NA,NA,10.55,-0.66,0,0
2020-10-21,8663,855588,113,NA,3854,4645,0,0,427,10045,2638,4,NA,144,434,35,0,0,8,2794329,239,18,7,88,3.76,4.26,108.934917828216,121.853940606135,0.966242700841597,NA,NA,3474.3224580928,1096.00551688795,68.67,73.71,1.31,1.57,54.28,66.02,137.5,NA,NA,9.57,-3.35,0,0
2020-10-22,9108,864766,116,NA,4029,4907,0,0,445,9178,2595,3,NA,175,461,46,0,0,5,2794329,255,26,14,94,4.01,4.53,120.100389037941,130.943779347385,1.03781623423727,NA,NA,3510.93232042469,1096.54231838842,61.98,78.89,1.25,1.7,61.19,68.23,90,NA,NA,11.73,2.1,0,0
2020-10-23,9588,874951,117,NA,4131,5282,0,0,480,10185,3067,1,NA,102,567,33,0,0,4,2794329,254,27,15,104,4.38,4.96,129.977536646544,144.972191892937,1.07360300093511,NA,NA,3609.02384794346,1126.42426858112,78.31,86.09,1.65,2,66.22,72.02,72.73,NA,NA,11.11,3.93,0,0
2020-10-24,10184,881996,123,NA,4184,5820,0,0,596,7045,2977,6,NA,53,675,31,0,0,6,2794329,270,28,14,98,4.87,5.57,145.580566926801,162.686641408367,1.21675006772646,NA,NA,3673.94104273334,1142.27780622826,90.99,104.9,1.95,2.45,74.37,81.4,109.09,NA,NA,14.74,14.6,0,0
2020-10-25,10949,886161,125,NA,4202,6565,0,0,765,4165,2133,2,NA,18,514,29,0,0,6,2794329,332,31,15,119,5.86,6.09,168.448310846718,177.573936354667,1.28832360112213,NA,NA,3721.50165567476,1161.99631467877,118.47,108.77,2.84,2.8,92.99,89.03,76.92,NA,NA,12.76,12.64,0,0
2020-10-26,11371,892582,130,NA,4459,6724,0,0,422,6421,1778,5,NA,257,453,27,0,0,0,2794329,342,32,15,133,6.15,6.4,179.327487922861,190.170878232306,1.43147066791348,NA,NA,3734.99326671985,1150.07932136839,120.6,107.88,2.91,2.83,95.59,92.47,66.67,NA,NA,16.17,18.13,0,0
2020-10-27,12142,903430,135,NA,4745,7202,0,0,771,10848,2926,5,NA,286,965,37,0,0,4,2794329,354,36,17,144,6.75,7.03,202.016298009289,216.152070854935,1.46725743461131,NA,NA,3840.49265494507,1175.70264632404,124.61,106.44,3.23,3.04,104.6,95.72,73.33,NA,NA,17.11,22.9,0,0
2020-10-28,13090,914508,139,NA,4869,8017,0,0,948,11078,2702,4,NA,124,855,35,0,0,2,2794329,370,34,14,165,7.51,7.62,226.816527330891,238.017785307313,1.61040450140266,NA,NA,3925.05678465206,1189.19425736912,131.66,107.77,3.75,3.36,108.21,95.33,36.84,NA,NA,16.08,20.77,0,0
2020-10-29,13815,926562,145,NA,4988,8615,0,0,725,12054,3327,6,NA,119,1016,48,0,0,1,2794329,415,35,22,176,7.62,8.16,242.70585174473,264.535779430411,1.71776480149617,NA,NA,4064.23152033995,1230.70690673861,126.84,114.96,3.61,3.63,102.09,102.02,52.63,NA,NA,19.36,22.16,0,0
2020-10-30,14815,937098,153,NA,5229,9366,0,0,1000,10536,2092,8,NA,241,887,47,0,0,4,2794329,470,42,22,210,8.41,8.63,270.33323563546,286.294133582696,1.96827216838103,NA,NA,4123.53019275826,1215.89118532571,124.62,103.61,4.03,3.67,107.98,97.48,89.47,NA,NA,17.09,11.81,0,0
2020-10-31,15698,946063,156,NA,5290,10187,0,0,883,8965,3269,3,NA,61,1154,55,0,0,5,2794329,501,46,23,241,8.61,9.12,292.878898655098,318.466436844051,2.00405893507887,NA,NA,4255.83386924016,1262.2708349661,106.52,91.29,3.74,3.55,101.18,95.75,43.48,NA,NA,16.79,6.93,0,0
2020-11-01,16532,949997,160,NA,5301,11003,0,0,834,3934,1810,4,NA,11,690,32,0,0,1,2794329,546,43,28,269,8.75,9.43,315.352988141339,335.500937792221,2.07563246847454,NA,NA,4256.80011194101,1256.25865816087,72.9,79.43,2.89,3.34,87.21,88.94,52.17,NA,NA,15.83,4.09,0,0
2020-11-02,17425,955744,171,NA,5335,11856,0,0,893,5747,3255,11,NA,34,717,23,0,0,2,2794329,613,51,26,286,9.58,9.95,340.045857162847,353.286960841046,2.36192660205724,NA,NA,4267.57192871706,1316.41621297993,75.58,75.14,3.43,3.55,89.62,85.77,64,NA,NA,12.61,11.36,0,0
2020-11-03,18078,964336,177,NA,5693,12142,0,0,653,8592,2190,6,NA,358,706,29,0,0,5,2794329,676,57,30,297,9.75,9.89,352.213357840111,361.231623047966,2.43350013545291,NA,NA,4251.21737633614,1315.48575704579,51.97,48.07,3,2.86,74.35,67.12,61.54,NA,NA,5.22,2.93,0,0
2020-11-04,19070,976358,179,NA,6019,12803,0,0,992,12022,3017,2,NA,326,1383,51,0,0,3,2794329,690,57,32,296,9.67,10.59,372.432881024389,395.193264644213,2.36192660205724,NA,NA,4321.96781409777,1329.04894162427,35.08,45.95,2.16,2.97,64.2,66.04,53.85,NA,NA,4.97,4.3,0,0
2020-11-05,20720,988673,186,NA,6243,14219,0,0,1650,12315,3527,7,NA,224,1456,40,0,0,6,2794329,785,64,35,389,11.12,11.26,415.555934895283,430.801097508561,2.50507366884859,NA,NA,4434.23090122888,1362.40220818665,46.7,38.61,3.5,3.1,71.22,62.85,41.38,NA,NA,0.51,1.32,0,0
2020-11-06,22659,1003124,196,NA,6820,15568,0,0,1939,14451,3535,10,NA,577,1659,73,0,0,7,2794329,785,70,42,383,11.88,11.76,467.768827507427,469.880246742599,2.82715456912912,NA,NA,4586.89724796185,1379.15041500124,50.07,44.73,3.47,3.13,73.03,64.13,19.44,NA,NA,6.24,14.88,0,0
2020-11-07,24634,1013703,205,NA,6931,17424,0,0,1975,10579,3947,9,NA,111,1636,77,0,0,8,2794329,858,74,44,410,13.21,12.19,517.118778783744,504.27132953922,2.93451486922263,NA,NA,4713.36768147201,1413.86357869814,62.06,41.12,4.6,3.07,76.56,58.34,48.48,NA,NA,5.58,16.76,0,0
2020-11-08,25672,1020273,213,NA,6965,18423,0,0,1038,6570,3170,8,NA,34,1088,27,0,0,5,2794329,944,80,50,445,13.01,12.3,526.888566092253,524.812933623779,3.14923546940965,NA,NA,4799.43485538031,1450.9744557638,63.71,43.6,4.26,2.87,67.08,56.43,51.43,NA,NA,10.09,26.46,0,0
2020-11-09,26781,1029269,230,NA,7614,18864,0,0,1109,8996,2999,17,NA,649,1093,48,0,0,3,2794329,988,81,51,417,12.72,12.27,551.474074813667,547.716464310394,3.57867666978369,NA,NA,4891.58577962724,1494.67009790186,54.54,43.56,3.14,2.32,62.18,55.03,43.9,NA,NA,16.41,15.5,0,0
2020-11-10,28216,1041557,240,NA,8213,19679,0,0,1435,12288,3327,10,NA,599,1452,74,0,0,9,2794329,1023,73,49,455,13.13,12.65,575.236487901031,565.144619692241,3.75761050327288,NA,NA,4943.11872367212,1509.02059134769,70.79,62.11,3.38,2.76,63.32,56.45,50,NA,NA,26.79,26.16,0,0
2020-11-11,29771,1053934,251,NA,8727,20707,0,0,1555,12377,3616,11,NA,514,1532,81,0,0,8,2794329,1092,83,51,484,13.79,12.78,596.959055286618,589.372260746677,4.00811787015774,NA,NA,4989.60573361261,1541.72969610951,78.95,51.32,4.12,2.19,60.29,49.14,80,NA,NA,25.43,27.22,0,0
2020-11-12,31828,1068078,265,NA,9147,22330,0,0,2057,14144,4513,14,NA,420,1866,83,0,0,6,2794329,1205,87,58,595,13.99,13,644.627028528137,619.791012439838,4.29441200374043,NA,NA,5064.40007601109,1584.17280141315,60.87,47.66,2.87,1.74,55.12,43.87,92.68,NA,NA,27.84,31.04,0,0
2020-11-13,33353,1082427,282,NA,10460,22525,0,0,1525,14349,4832,17,NA,1313,1778,113,0,0,5,2794329,1263,79,51,617,13.48,13.17,663.415081044501,651.677021567611,4.61649290402096,NA,NA,5200.85501742995,1682.22854216522,36.33,34.51,1.6,1.41,41.83,38.69,100,NA,NA,20.11,28.16,0,0
2020-11-14,34730,1091470,296,NA,10542,23804,0,0,1377,9043,3361,14,NA,82,1282,68,0,0,5,2794329,1249,92,51,674,12.98,12.98,681.093743793233,656.257727704934,5.01014733769717,NA,NA,5203.64638523238,1685.52092470142,12.98,22.36,-0.23,0.790000000000001,31.71,30.14,85.71,NA,NA,14.97,21.32,0,0
2020-11-15,35878,1097743,311,NA,10607,24875,0,0,1148,6273,3088,15,NA,65,1048,41,0,0,8,2794329,1359,100,61,641,13.17,12.97,692.330788536353,669.069390182759,5.40380177137338,NA,NA,5287.35163253862,1731.25641254126,11.66,16.26,0.16,0.67,31.4,27.49,84.91,NA,NA,10.24,13.67,0,0
2020-11-16,36844,1106867,331,NA,11784,24645,0,0,966,9124,2617,20,NA,1177,1139,58,0,0,4,2794329,1369,107,73,751,12.97,13.01,694.943222505296,684.171405729247,5.72588267165391,NA,NA,5408.20354367721,1708.42445538804,7.56,11.93,0.25,0.74,26.02,24.91,71.19,NA,NA,5.54,13.26,0,0
2020-11-17,38785,1119324,352,NA,12640,25696,0,0,1941,12457,3344,21,NA,856,1897,127,0,0,12,2794329,1363,93,67,748,13.59,13.56,741.03657801211,726.79344486637,6.26268417212146,NA,NA,5546.51939696435,1749.72238415734,4.25,7.93,0.459999999999999,0.91,28.82,28.6,77.78,NA,NA,0.71,7.86,0,0
2020-11-18,40454,1131678,375,NA,13730,26244,0,0,1669,12354,3807,23,NA,1090,1751,72,0,0,6,2794329,1437,109,66,755,13.74,13.84,765.264219066545,739.962975011174,7.01420627277604,NA,NA,5558.40060350803,1777.99392984863,-0.17,8.52,-0.0499999999999989,1.06,28.19,25.55,72.22,NA,NA,0.22,5.97,0,0
2020-11-19,42724,1145817,394,NA,14544,27677,0,0,2270,14139,4657,19,NA,814,2225,99,0,0,11,2794329,1501,117,71,798,14.02,14.3,787.452014419204,767.482998601811,7.44364747315008,NA,NA,5623.67566596489,1818.43297621719,-1.91,7.69,0.0299999999999994,1.3,22.16,23.83,63.29,NA,NA,-2.1,2.39,0,0
2020-11-20,44702,1160200,414,NA,16156,28018,0,0,1978,14383,4230,20,NA,1612,2053,96,0,0,9,2794329,1459,114,69,843,14.59,14.65,788.84769832042,781.582984680759,7.80151514012845,NA,NA,5621.24216582944,1843.30477907219,6.12,9.1,1.11,1.48,18.91,19.93,53.49,NA,NA,-1.93,-4.92,0,0
2020-11-21,47011,1171826,441,NA,16277,30192,0,0,2309,11626,5161,27,NA,121,2215,92,0,0,5,2794329,1443,124,68,747,15.28,15.34,800.800478397497,802.303522598806,8.44567694068952,NA,NA,5658.71091056207,1886.74991384336,21.64,22.17,2.3,2.36,17.58,22.25,59.34,NA,NA,3.33,4.21,0,0
2020-11-22,48201,1176870,461,NA,16379,31270,0,0,1190,5044,2762,20,NA,102,995,37,0,0,6,2794329,1629,126,73,887,15.57,15.51,806.240066935569,798.975353295907,8.87511814106356,NA,NA,5604.10030458117,1872.14891303064,20.74,22.13,2.4,2.54,16.45,19.42,53.06,NA,NA,2.14,3.27,0,0
2020-11-23,49372,1185953,479,NA,17783,31013,0,0,1171,9083,2742,18,NA,1404,1371,79,0,0,8,2794329,1654,119,78,942,15.84,15.81,808.458846470834,808.924074437906,8.9109049077614,NA,NA,5607.21375328388,1862.9517139893,24.5,23.87,2.87,2.8,16.33,18.23,46.53,NA,NA,1.92,5.32,0,0
2020-11-24,51660,1200905,501,NA,18802,32241,0,0,2288,14952,4922,22,NA,1019,2383,96,0,0,10,2794329,1707,126,82,924,15.78,15.93,838.984958464089,842.241554233592,9.34034610813544,NA,NA,5702.54969976692,1920.03160687235,21.82,23.25,2.19,2.37,13.22,15.88,33.04,NA,NA,4.9,11.47,0,0
2020-11-25,53759,1214306,528,NA,19575,33542,0,0,2099,13401,4048,27,NA,773,2015,87,0,0,3,2794329,1704,121,75,916,16.1,16.04,858.452959547712,859.526562548648,9.91293437530083,NA,NA,5739.19534886551,1935.49149008581,24.54,23.19,2.36,2.2,12.18,16.16,23.39,NA,NA,6.28,11.58,0,0
2020-11-26,56090,1228908,551,NA,20387,35020,0,0,2331,14602,5270,23,NA,812,2426,112,0,0,3,2794329,1776,126,81,917,16.09,16.2,868.25853362292,879.567151899436,10.2350152755814,NA,NA,5755.58568801312,1962.58207247608,22.67,21.03,2.07,1.9,10.26,14.6,21.71,NA,NA,6.88,13.34,0,0
2020-11-27,58216,1243600,573,NA,22196,35321,0,0,2126,14692,4983,22,NA,1809,2090,106,0,0,7,2794329,1734,132,89,947,16.2,16.18,889.76638040832,890.732623109162,10.4139491090705,NA,NA,5767.86054899047,1967.98587424745,19.08,18.43,1.61,1.53,12.79,13.97,20.45,NA,NA,7.24,19.06,0,0
2020-11-28,60183,1253558,595,NA,22283,37183,0,0,1967,9958,4700,22,NA,87,1802,67,0,0,4,2794329,1798,140,90,987,16.12,16.01,910.880572760044,909.341741792037,10.7002432426532,NA,NA,5800.60544051899,2015.90435485585,7.26,6.12,0.840000000000002,0.670000000000002,13.75,13.34,6.21,NA,NA,1.71,9.38,0,0
2020-11-29,61319,1258450,622,NA,22383,38202,0,0,1136,4892,2944,27,NA,100,1167,32,0,0,3,2794329,1858,144,93,974,16.08,16.25,910.45113155967,913.600367029079,11.1296844430273,NA,NA,5751.18391570928,2010.75106045136,6.45,7.98,0.509999999999998,0.74,12.93,14.35,7.33,NA,NA,3.1,11.4,0,0
2020-11-30,62507,1267569,642,NA,24562,37174,0,0,1188,9119,2650,20,NA,2179,1438,90,0,0,4,2794329,1887,149,90,983,16.09,16.32,918.395793766589,924.300610271733,11.1296844430273,NA,NA,5751.00498187579,2011.93202375239,4.85,6.51,0.25,0.51,13.6,14.26,10.14,NA,NA,3.2,10.54,0,0
2020-12-01,64614,1279906,676,NA,25957,37830,0,0,2107,12337,3658,34,NA,1395,2183,91,0,0,8,2794329,1885,148,82,1060,16.4,16.61,924.33639703843,934.535625547314,11.5949124100992,NA,NA,5746.71056987205,2023.16906849551,0.61,0.99,0.619999999999999,0.68,10.17,10.96,17.45,NA,NA,-3.16,-0.1,0,0
2020-12-02,67065,1294631,695,NA,27430,38784,0,0,2451,14725,5059,19,NA,1473,2510,94,0,0,5,2794329,1949,149,83,1017,16.57,16.95,952.321648596139,961.697781470972,11.4517653433078,NA,NA,5831.56099371262,2067.97410040121,0.01,2.71,0.469999999999999,0.91,10.93,11.89,9.15,NA,NA,-2.79,2.6,0,0
2020-12-03,69579,1308578,733,NA,28355,40329,0,0,2514,13947,5049,38,NA,925,2473,109,0,0,5,2794329,1940,139,78,974,16.93,17.15,961.053619670411,970.572899612036,12.1317139105667,NA,NA,5824.68993450664,2082.00251294676,0.92,1.52,0.84,0.949999999999999,10.69,10.35,15.92,NA,NA,-4.12,-0.32,0,0
2020-12-04,72428,1323547,767,NA,30970,40529,0,0,2849,14969,5033,34,NA,2615,2749,102,0,0,3,2794329,1981,147,87,1067,17.78,17.91,992.223893464227,995.48048923373,12.6327286443364,NA,NA,5845.66097979157,2110.73928660512,5.17,6.13,1.58,1.73,11.52,11.76,22.01,NA,NA,-4.14,-2.66,0,0
2020-12-05,74645,1332625,791,NA,31076,42624,0,0,2217,9078,4597,24,NA,106,2276,78,0,0,2,2794329,2054,152,88,1098,18.29,18.71,988.931510928026,997.663482002298,12.5253683442429,NA,NA,5754.47629824548,2090.55555018754,9.79,13.1,2.17,2.7,8.57,9.71,27.27,NA,NA,-3.26,-1.49,0,0
2020-12-06,76035,1338253,835,NA,31126,43948,0,0,1390,5628,3193,44,NA,50,1365,43,0,0,5,2794329,2133,153,93,1134,18.44,18.79,996.088864267593,1010.9045856805,13.384250744991,NA,NA,5775.37576999702,2105.97964663431,12.18,13.13,2.36,2.54,9.41,10.65,32.3,NA,NA,-2.18,-1.25,0,0
2020-12-07,77428,1347299,860,NA,33087,43334,0,0,1393,9046,2714,25,NA,1961,1601,74,0,0,2,2794329,2154,161,93,1160,18.71,19.01,1004.03352647451,1019.135542021,13.6347581118759,NA,NA,5774.0516596292,2104.97761716677,13.6,13.78,2.62,2.69,9.32,10.26,33.74,NA,NA,-2.31,-0.73,0,0
2020-12-08,80555,1361704,887,NA,34331,45174,0,0,3127,14405,4667,27,NA,1244,3229,115,0,0,5,2794329,2122,163,99,1161,19.49,19.81,1034.058623734,1049.41114664737,13.8136919453651,NA,NA,5754.47629824548,2095.85199165882,23.06,23.49,3.09,3.2,11.87,12.29,20.57,NA,NA,3.54,7.29,0,0
2020-12-09,83880,1377200,904,NA,35629,47152,0,0,3325,15496,5361,17,NA,1298,3212,120,0,0,7,2794329,2146,173,101,1212,20.36,20.47,1077.93319970555,1092.24790638468,13.4558242783867,NA,NA,5829.44957447745,2142.84001633308,26.37,24.16,3.79,3.52,13.19,13.57,25.15,NA,NA,2.79,4.61,0,0
2020-12-10,86951,1392401,939,NA,36818,48981,0,0,3071,15201,5592,35,NA,1189,3110,134,0,0,4,2794329,2171,178,105,1050,20.72,20.93,1104.41540706195,1116.726054806,13.8852654787607,NA,NA,5850.88584772946,2154.36335520978,28.79,28.39,3.79,3.78,14.92,15.06,13.19,NA,NA,5.21,7.28,0,0
2020-12-11,90253,1409182,987,NA,39506,49565,0,0,3302,16781,6113,48,NA,2688,3380,142,0,0,4,2794329,2110,190,116,1142,20.82,21.22,1146.5006446986,1162.89098384621,14.8157214129045,NA,NA,5925.64440336124,2194.80240157834,25.42,26.89,3.04,3.31,15.55,16.82,13.4,NA,NA,7.11,10.81,0,0
2020-12-12,93094,1419759,1041,NA,39642,52240,0,0,2841,10577,5303,54,NA,136,2761,84,0,0,3,2794329,2227,191,106,1185,21.17,21.41,1177.77827879251,1197.21049310944,15.9608979472353,NA,NA,5947.7964119472,2216.38182189714,27.57,26.1,2.88,2.7,19.1,20,27.55,NA,NA,10.2,13.64,0,0
2020-12-13,95014,1424492,1069,NA,39690,54099,0,0,1920,4733,2356,28,NA,48,1274,36,0,0,4,2794329,2328,191,112,1301,22.01,21.53,1205.83510388362,1201.03967714611,15.9966847139331,NA,NA,5942.10631604224,2195.33920307881,28.97,23.83,3.57,2.74,21.06,18.81,9.86,NA,NA,8.06,9.81,0,0
2020-12-14,96450,1435071,1114,NA,42412,52755,0,0,1436,10579,3811,45,NA,2722,1935,101,0,0,1,2794329,2372,180,111,1282,21.67,21.53,1214.71022202468,1218.82570019493,16.891353881379,NA,NA,5994.35499542108,2236.887639215,27.48,24.7,2.96,2.52,20.98,19.59,16.51,NA,NA,10.09,13.31,0,0
2020-12-15,99872,1451028,1139,NA,44117,54412,0,0,3422,15957,5079,25,NA,1705,3355,126,0,0,5,2794329,2307,184,124,1256,21.63,21.3,1261.76982023233,1260.7677907648,16.5692729810985,NA,NA,6123.90309086725,2287.74063469262,21.18,17.43,2.14,1.49,22.02,20.14,19.43,NA,NA,9.2,10.9,0,0
2020-12-16,103035,1465952,1182,NA,45869,55772,0,0,3163,14924,5086,43,NA,1752,3301,110,0,0,9,2794329,2356,184,116,1085,21.58,21.54,1287.24999812119,1289.07512322278,17.4281553818466,NA,NA,6131.02465744012,2288.70687739346,13.92,13.08,1.22,1.07,19.42,18.02,33.01,NA,NA,7.49,8.9,0,0
2020-12-17,106218,1482403,1221,NA,47314,57446,0,0,3183,16451,6016,39,NA,1445,3413,106,0,0,9,2794329,2468,197,131,1339,21.41,21.58,1311.19134504205,1322.71468391875,17.4639421485444,NA,NA,6220.63472125151,2323.31268079027,10.91,10.7,0.690000000000001,0.649999999999999,18.72,18.45,36.89,NA,NA,7.37,8.37,0,0
2020-12-18,109440,1500000,1267,NA,51387,56544,0,0,3222,17597,6719,46,NA,4073,3775,163,0,0,3,2794329,2353,198,132,1312,21.13,21.82,1324.53980902034,1359.43190655073,17.8933833489185,NA,NA,6314.68234413342,2383.64916944283,7.64,9.03,0.309999999999999,0.600000000000001,15.53,16.9,27.27,NA,NA,6.05,6.62,0,0
2020-12-19,112357,1509809,1295,NA,51509,59322,0,0,2917,9809,5255,28,NA,122,2797,85,0,0,6,2794329,2432,201,125,1177,21.39,22.04,1349.59054570883,1378.0768120003,18.0365304157098,NA,NA,6340.84247058954,2407.19686193,4.41,6.39,0.219999999999999,0.629999999999999,14.59,15.11,1.6,NA,NA,3.35,4.19,0,0
2020-12-20,114490,1516637,1341,NA,51656,61278,0,0,2133,6828,2963,46,NA,147,1763,48,0,0,8,2794329,2478,187,106,1431,21.14,22.07,1376.18011336532,1392.31994514604,18.1081039491055,NA,NA,6383.78659062694,2398.9659055895,2.62,9.54,-0.870000000000001,0.539999999999999,14.13,15.93,16.24,NA,NA,6.85,8.79,0,0
2020-12-21,116373,1528163,1397,NA,54796,59932,0,0,1883,11526,4073,56,NA,3140,2351,82,0,0,5,2794329,2451,186,111,1384,21.4,22.3,1393.71562904726,1419.16002016942,19.2174937167384,NA,NA,6472.53777203758,2447.60012153186,4.74,9.81,-0.270000000000003,0.77,14.74,16.44,11.42,NA,NA,6.06,5.99,0,0
2020-12-22,120092,1545808,1432,NA,56370,62008,0,0,3719,17645,5698,35,NA,1574,3548,128,0,0,19,2794329,2258,181,108,1262,21.33,22.1,1414.90139493238,1430.57599874603,19.5037878503211,NA,NA,6588.48689613857,2484.49627799733,4.67,10.1,-0.300000000000001,0.800000000000001,12.14,13.47,16.27,NA,NA,6.11,6.53,0,0
2020-12-23,123898,1561568,1468,NA,61284,60839,0,0,3806,15760,5985,36,NA,4914,3562,126,0,0,19,2794329,2284,186,104,1355,21.82,22.18,1432.11482971404,1443.10136709027,20.18373641758,NA,NA,6597.9346025468,2506.82722041678,8.92,10.95,0.240000000000002,0.640000000000001,11.25,11.95,2.88,NA,NA,7.73,10.1,0,0
2020-12-24,126587,1572330,1512,NA,61466,63320,0,0,2689,10762,5528,44,NA,182,2898,85,0,0,17,2794329,2312,193,112,1398,22.65,23.01,1418.44428483546,1435.51457255033,20.5058173178606,NA,NA,6439.0771451751,2504.53686734812,5.72,6.57,1.24,1.43,8.18,8.53,3.19,NA,NA,-0.08,7.28,0,0
2020-12-25,128931,1577696,1573,NA,61868,65229,1,0,2344,5366,3533,61,NA,402,1640,34,1,0,8,2794329,2300,194,170,1362,25.09,23.89,1384.16056233894,1373.2455984961,20.9710452849324,NA,NA,6030.57120331929,2412.2070092677,1.58,-6.33,3.96,2.07,4.5,1.02,9.29,NA,NA,-14.45,-3.88,0,0
2020-12-26,130596,1583520,1615,NA,62283,66439,1,0,1665,5824,3120,42,NA,415,1768,58,0,0,4,2794329,2448,199,113,1523,24.74,23.78,1342.07532470228,1337.70933916514,20.5416040845584,NA,NA,5860.47670120447,2334.08449756632,-5.32,-11.69,3.35,1.74,-0.56,-2.93,25.98,NA,NA,-18.14,-9.97,0,0
2020-12-27,132363,1589074,1654,NA,62620,67844,2417,0,1767,5554,2817,39,NA,337,1557,42,2416,0,9,2794329,2510,198,112,1521,24.67,23.92,1336.59994939751,1347.83699414063,20.9352585182346,NA,NA,5889.8576366634,2350.58219701402,-8.23,-14.82,3.53,1.85,-2.88,-3.19,15.07,NA,NA,-21.39,-11.95,0.09,0
2020-12-28,134286,1600724,1697,NA,67347,64925,5202,0,1923,11650,3650,43,NA,4727,2451,109,2785,0,5,2794329,2506,198,124,1445,24.69,24.01,1354.02810477936,1366.30296575672,20.8636849848389,NA,NA,5928.18526379678,2344.82052757567,-10.09,-16.05,3.29,1.71,-2.85,-3.72,6.01,NA,NA,-22.05,-13.81,0.19,0
2020-12-29,138197,1615328,1741,NA,69285,66795,8187,0,3911,14604,5011,44,NA,1938,3201,131,2985,0,10,2794329,2525,210,129,1556,26.04,24.56,1371.5278336946,1360.79180368525,21.5436335520978,NA,NA,5879.76576845461,2342.38702744022,-10.46,-18.48,4.71,2.46,-3.07,-4.88,5.46,NA,NA,-26.65,-17.22,0.29,0
2020-12-30,140572,1629374,1797,NA,71292,67075,9719,0,2375,14046,5382,56,NA,2007,3129,141,1532,0,10,2794329,2429,216,145,1499,24.59,24.55,1343.32786153671,1354.63647981322,22.0088615191697,NA,NA,5848.34498729391,2352.97991038278,-20.08,-21.52,2.77,2.37,-6.2,-6.13,15.03,NA,NA,-29.09,-20.89,0.35,0
2020-12-31,143894,1641908,1838,NA,76775,64705,9744,0,3322,12534,4899,41,NA,5483,2600,99,25,0,6,2794329,2480,220,142,1521,24.87,23.49,1348.3022221077,1325.54183848788,22.0804350525654,NA,NA,5708.16822213848,2313.00609198129,-15.03,-21.01,2.22,0.479999999999997,-4.94,-7.66,12.03,NA,NA,-22.63,-21.56,0.35,0
2021-01-01,145386,1646573,1889,NA,77010,65924,9744,0,1492,4665,2288,51,NA,235,1188,30,0,0,9,2794329,2406,190,115,1516,23.89,23.08,1286.39111572045,1232.96147304058,22.2593688860546,NA,NA,5245.37375520205,2154.43492874318,-15.58,-14.36,-1.2,-0.810000000000002,-7.06,-10.22,3.27,NA,NA,-11.35,-17.76,0.35,0
2021-01-02,146624,1653690,1939,NA,77628,66471,9744,0,1238,7117,2864,50,NA,618,1378,57,0,0,5,2794329,2494,185,119,1501,22.84,22.09,1226.30513443478,1182.18005109635,23.046677753407,NA,NA,5149.03577925148,2068.86876956865,-12.12,-11.56,-1.9,-1.69,-8.63,-11.63,1.25,NA,NA,-4.8,-12.91,0.35,0
2021-01-03,147986,1659092,1976,NA,78072,67319,9744,0,1362,5402,2423,37,NA,444,1218,51,0,0,6,2794329,2571,189,132,1598,22.31,21.66,1198.71353731075,1162.67626324602,22.7245968531265,NA,NA,5098.00384994036,2049.54391555182,-12.59,-12.46,-2.36,-2.26,-10.32,-13.74,2.88,NA,NA,-3.34,-13.78,0.35,0
2021-01-04,149496,1671556,2016,NA,81966,64806,9744,0,1510,12464,3271,40,NA,3894,2010,108,0,0,6,2794329,2568,196,123,1560,21.47,20.79,1185.36507333245,1150.47297580206,22.1520085859611,NA,NA,5131.57183710293,2020.84292866015,-15.09,-15.5,-3.22,-3.22,-12.46,-15.8,6.33,NA,NA,-2.38,-13.82,0.35,0
2021-01-05,152213,1688181,2050,NA,84137,65231,10362,0,2717,16625,5664,34,NA,2171,2560,124,618,0,7,2794329,2412,206,124,1258,19.24,19.33,1149.50673310122,1115.1156503046,22.1162218192632,NA,NA,5095.06933507114,2019.62617859243,-22.58,-17.53,-6.8,-5.23,-16.19,-18.05,0,NA,NA,4.79,-9.62,0.37,0
2021-01-06,154547,1703508,2093,NA,86368,65220,13829,0,2334,15327,4944,43,NA,2231,2138,121,3467,0,12,2794329,2413,199,132,1517,18.85,17.66,1096.828612522,1064.15529452688,22.3667291861481,NA,NA,5079.57366509097,1982.37215445998,-16.19,-21.34,-5.74,-6.89,-18.35,-21.44,-10.03,NA,NA,9.33,-9.26,0.49,0
2021-01-07,156540,1717197,2134,NA,88121,65398,17974,0,1993,13689,4502,41,NA,1753,1909,100,4145,0,6,2794329,2390,195,132,1380,16.8,16.47,1071.92102290031,1028.76218226272,22.2593688860546,NA,NA,5184.32153121554,1945.654931828,-26.93,-24.13,-8.07,-7.02,-20.5,-22.39,-9.2,NA,NA,8.21,-8.64,0.64,0
2021-01-08,158180,1731025,2175,NA,92428,62660,23035,0,1640,13828,4076,41,NA,4307,1660,106,5061,0,5,2794329,2235,176,123,1332,15.15,15.24,1046.72713914503,1029.47791759668,21.5436335520978,NA,NA,5487.14915101264,1965.08714614492,-22.25,-19.01,-8.74,-7.84,-18.63,-16.5,-9.49,NA,NA,22.61,2.12,0.82,0
2021-01-09,159671,1739615,2204,NA,92670,63855,23339,0,1491,8590,3015,29,NA,242,1375,66,304,0,2,2794329,2211,180,112,1316,15.18,14.98,1040.50024173961,1015.41371828443,21.078405585026,NA,NA,5586.13534769886,1961.32953564165,-18.6,-16.99,-7.66,-7.11,-15.15,-14.11,-18.21,NA,NA,22.45,3.66,0.84,0
2021-01-10,160444,1744061,2247,NA,92807,64424,23342,0,773,4446,1411,43,NA,137,593,25,3,0,1,2794329,2212,176,108,1096,14.66,14.41,1004.92819564196,980.915275187711,21.2215526518173,NA,NA,5546.48361019765,1911.01334166449,-20.26,-19.25,-7.65,-7.25,-16.17,-15.63,-15.84,NA,NA,21.35,1.38,0.84,0
2021-01-11,161348,1754123,2281,NA,95835,62235,25529,0,904,10062,2465,34,NA,3028,1216,88,2187,0,5,2794329,2155,177,112,1288,14.35,13.87,968.461480376863,936.718618315882,20.8994717515368,NA,NA,5489.65422468149,1868.60602312756,-22.08,-22.23,-7.12,-6.92,-18.3,-18.58,-16.93,NA,NA,16.57,-0.23,0.91,0
2021-01-12,163040,1767472,2318,NA,97488,62205,27539,0,1692,13349,3492,37,NA,1653,1603,103,2010,0,5,2794329,2096,156,105,1222,13.65,13.23,889.050645074363,879.531365132739,20.6489643846519,NA,NA,5444.7418324757,1814.24592451354,-22.75,-25.48,-5.59,-6.1,-22.66,-21.13,-13.27,NA,NA,8.84,-10.77,0.99,0
2021-01-13,164410,1779027,2351,NA,99279,61709,32940,0,1370,11555,3024,33,NA,1791,1242,72,5401,0,4,2794329,2038,156,108,1180,13.06,12.71,853.084944543037,812.00173637392,19.8258687506017,NA,NA,5355.59699663139,1729.86072864004,-29.42,-26.69,-5.79,-4.95,-22.22,-23.7,-12.84,NA,NA,1.87,-16.57,1.18,0
2021-01-14,165558,1790115,2386,NA,100596,61462,40309,0,1148,11088,2517,35,NA,1317,1061,82,7369,0,1,2794329,2008,147,114,1155,12.37,12,775.284513741939,756.925902425949,19.6111481504146,NA,NA,5303.84933198632,1644.61665036579,-28.69,-29.44,-4.43,-4.47,-27.67,-26.42,-14.86,NA,NA,-3.15,-22.95,1.44,0
2021-01-15,166680,1800844,2419,NA,104130,58953,46413,1,1122,10729,2678,33,NA,3534,1157,100,6104,1,3,2794329,1850,138,97,1064,12.17,11.81,762.04341006374,755.816512658316,18.9669863498536,NA,NA,5520.860285242,1658.57348937795,-33.56,-35.94,-2.98,-3.43,-27.2,-26.58,-14.69,NA,NA,-17.33,-32.95,1.66,0
2021-01-16,167516,1806799,2448,NA,104245,59623,47455,1,836,5955,1890,29,NA,115,704,55,1042,0,1,2794329,1859,147,98,1042,11.68,11.28,747.657129851209,731.696231903974,18.215464249199,NA,NA,5479.27606233912,1623.71717861426,-39.87,-41.13,-3.5,-3.7,-28.14,-27.94,-7.92,NA,NA,-21.81,-37.35,1.7,0
2021-01-17,167992,1810382,2469,NA,104297,60014,47498,1022,476,3583,1262,21,NA,52,403,32,43,1021,3,2794329,1910,148,98,1073,11.38,11.14,715.950054556926,702.530017045237,17.6428759820336,NA,NA,5414.17993371575,1582.16874247807,-39.41,-39.68,-3.28,-3.27,-28.76,-28.38,-18.08,NA,NA,-21.95,-35.54,1.7,0.04
