"day","total","oxygen_mask","ventilated","intensive","total_not_vaccinated","intensive_not_vaccinated"
2020-10-04,156,57,5,7,NA,NA
2020-10-05,156,58,5,11,NA,NA
2020-10-06,128,56,6,11,NA,NA
2020-10-07,135,62,6,13,NA,NA
2020-10-08,139,65,7,8,NA,NA
2020-10-10,139,65,7,8,NA,NA
2020-10-11,105,54,7,15,NA,NA
2020-10-12,149,80,10,22,NA,NA
2020-10-13,141,69,8,18,NA,NA
2020-10-14,174,80,9,17,NA,NA
2020-10-15,199,80,9,19,NA,NA
2020-10-16,199,80,9,19,NA,NA
2020-10-17,204,82,8,18,NA,NA
2020-10-18,229,87,9,20,NA,NA
2020-10-19,232,92,9,23,NA,NA
2020-10-20,245,83,9,21,NA,NA
2020-10-21,239,88,7,18,NA,NA
2020-10-22,255,94,14,26,NA,NA
2020-10-23,255,94,14,26,NA,NA
2020-10-24,255,94,14,26,NA,NA
2020-10-25,322,119,15,31,NA,NA
2020-10-26,342,133,15,32,NA,NA
2020-10-27,348,144,17,36,NA,NA
2020-10-28,370,165,14,34,NA,NA
2020-10-29,415,176,22,35,NA,NA
2020-10-30,386,165,19,37,NA,NA
2020-10-31,495,239,23,46,NA,NA
2020-11-01,462,233,26,39,NA,NA
2020-11-02,613,286,26,51,NA,NA
2020-11-03,676,297,26,57,NA,NA
2020-11-04,690,296,32,57,NA,NA
2020-11-05,785,389,35,64,NA,NA
2020-11-06,743,378,42,70,NA,NA
2020-11-07,818,408,44,74,NA,NA
2020-11-08,818,408,44,74,NA,NA
2020-11-09,846,354,47,75,NA,NA
2020-11-10,900,398,49,72,NA,NA
2020-11-11,1092,484,51,83,NA,NA
2020-11-12,1205,595,58,87,NA,NA
2020-11-13,1205,595,58,87,NA,NA
2020-11-14,1205,595,58,87,NA,NA
2020-11-15,1359,641,61,100,NA,NA
2020-11-16,1369,751,73,107,NA,NA
2020-11-17,1363,748,67,93,NA,NA
2020-11-18,1437,755,66,109,NA,NA
2020-11-19,1501,798,71,117,NA,NA
2020-11-20,1459,843,69,114,NA,NA
2020-11-21,1443,747,68,124,NA,NA
2020-11-22,1629,887,73,126,NA,NA
2020-11-24,1707,924,82,126,NA,NA
2020-11-25,1704,916,75,121,NA,NA
2020-11-26,1776,917,81,126,NA,NA
2020-11-27,1734,947,89,132,NA,NA
2020-11-28,1798,987,90,140,NA,NA
2020-11-29,1858,974,93,144,NA,NA
2020-11-30,1887,983,90,149,NA,NA
2020-12-01,1885,1060,82,148,NA,NA
2020-12-02,1949,1017,83,149,NA,NA
2020-12-03,1940,974,78,139,NA,NA
2020-12-04,1981,1067,87,147,NA,NA
2020-12-05,2054,1098,88,152,NA,NA
2020-12-06,2133,1134,93,153,NA,NA
2020-12-07,2154,1160,93,161,NA,NA
2020-12-08,2122,1161,99,163,NA,NA
2020-12-09,2146,1212,101,173,NA,NA
2020-12-10,2171,1050,105,178,NA,NA
2020-12-11,2110,1142,116,190,NA,NA
2020-12-12,2227,1185,106,191,NA,NA
2020-12-13,2328,1301,112,191,NA,NA
2020-12-14,2372,1282,111,180,NA,NA
2020-12-15,2307,1256,124,184,NA,NA
2020-12-16,2356,1085,116,184,NA,NA
2020-12-17,2468,1339,131,197,NA,NA
2020-12-18,2353,1312,132,198,NA,NA
2020-12-19,2432,1177,125,201,NA,NA
2020-12-20,2478,1431,106,187,NA,NA
2020-12-21,2451,1384,111,186,NA,NA
2020-12-22,2258,1262,108,181,NA,NA
2020-12-23,2284,1355,104,186,NA,NA
2020-12-24,2312,1398,112,193,NA,NA
2020-12-25,2300,1362,170,194,NA,NA
2020-12-26,2448,1523,113,199,NA,NA
2020-12-27,2510,1521,112,198,NA,NA
2020-12-28,2506,1445,124,198,NA,NA
2020-12-29,2525,1556,129,210,NA,NA
2020-12-30,2429,1499,145,216,NA,NA
2020-12-31,2480,1521,142,220,NA,NA
2021-01-01,2406,1516,115,190,NA,NA
2021-01-02,2494,1501,119,185,NA,NA
2021-01-03,2571,1598,132,189,NA,NA
2021-01-04,2568,1560,123,196,NA,NA
2021-01-05,2412,1258,124,206,NA,NA
2021-01-06,2413,1517,132,199,NA,NA
2021-01-07,2390,1380,132,195,NA,NA
2021-01-08,2235,1332,123,176,NA,NA
2021-01-09,2211,1316,112,180,NA,NA
2021-01-10,2212,1096,108,176,NA,NA
2021-01-11,2155,1288,112,177,NA,NA
2021-01-12,2096,1222,105,156,NA,NA
2021-01-13,2038,1180,108,156,NA,NA
2021-01-14,2008,1155,114,147,NA,NA
2021-01-15,1850,1064,97,138,NA,NA
2021-01-16,1859,1042,98,147,NA,NA
2021-01-17,1910,1073,98,148,NA,NA
2021-01-18,1910,1073,98,148,NA,NA
2021-01-19,1862,1089,124,183,NA,NA
2021-01-20,1745,1116,129,175,NA,NA
2021-01-21,1700,1111,124,172,NA,NA
2021-01-22,1603,1043,113,171,NA,NA
2021-01-23,1642,1085,104,166,NA,NA
2021-01-24,1690,1100,105,170,NA,NA
2021-01-25,1647,1090,102,173,NA,NA
2021-01-26,1633,1062,100,176,NA,NA
2021-01-27,1596,1049,98,163,NA,NA
2021-01-28,1582,1043,109,173,NA,NA
2021-01-29,1476,1062,107,169,NA,NA
2021-01-30,1488,1100,100,165,NA,NA
2021-01-31,1509,1109,99,163,NA,NA
2021-02-01,1460,1094,94,161,NA,NA
2021-02-02,1368,1034,84,153,NA,NA
2021-02-03,1324,1009,84,153,NA,NA
2021-02-04,1300,1001,80,140,NA,NA
2021-02-05,1247,953,81,140,NA,NA
2021-02-06,1253,972,81,143,NA,NA
2021-02-07,1289,1004,82,132,NA,NA
2021-02-08,1223,953,83,125,NA,NA
2021-02-09,1178,911,85,128,NA,NA
2021-02-10,1157,901,79,130,NA,NA
2021-02-11,1141,908,70,113,NA,NA
2021-02-12,1075,843,66,108,NA,NA
2021-02-13,1089,851,68,105,NA,NA
2021-02-14,1097,884,67,100,NA,NA
2021-02-15,1057,851,62,97,NA,NA
2021-02-16,1038,835,64,100,NA,NA
2021-02-17,992,796,62,90,NA,NA
2021-02-18,939,768,61,97,NA,NA
2021-02-19,921,748,58,97,NA,NA
2021-02-20,935,768,55,91,NA,NA
2021-02-21,992,815,58,95,NA,NA
2021-02-22,1002,821,57,98,NA,NA
2021-02-23,981,821,52,88,NA,NA
2021-02-24,983,821,52,87,NA,NA
2021-02-25,942,788,43,76,NA,NA
2021-02-26,907,760,43,80,NA,NA
2021-02-27,957,795,47,85,NA,NA
2021-02-28,970,832,47,82,NA,NA
2021-03-01,935,785,44,77,NA,NA
2021-03-02,913,766,41,76,NA,NA
2021-03-03,915,764,48,88,NA,NA
2021-03-04,900,754,47,89,NA,NA
2021-03-05,879,739,48,95,NA,NA
2021-03-06,889,746,44,91,NA,NA
2021-03-07,923,779,49,100,NA,NA
2021-03-08,885,743,52,96,NA,NA
2021-03-09,850,709,53,88,NA,NA
2021-03-10,833,700,59,84,NA,NA
2021-03-11,857,723,56,90,NA,NA
2021-03-12,804,672,54,87,NA,NA
2021-03-13,833,708,58,85,NA,NA
2021-03-14,854,743,48,76,NA,NA
2021-03-15,843,727,43,80,NA,NA
2021-03-16,850,732,50,77,NA,NA
2021-03-17,836,714,45,74,NA,NA
2021-03-18,808,682,51,78,NA,NA
2021-03-19,786,650,51,81,NA,NA
2021-03-20,811,680,41,83,NA,NA
2021-03-21,846,714,46,84,NA,NA
2021-03-22,820,691,51,93,NA,NA
2021-03-23,798,671,46,94,NA,NA
2021-03-24,794,658,49,92,NA,NA
2021-03-25,809,690,45,81,NA,NA
2021-03-26,789,661,46,82,NA,NA
2021-03-27,816,686,42,81,NA,NA
2021-03-28,840,714,49,77,NA,NA
2021-03-29,812,683,48,81,NA,NA
2021-03-30,812,691,45,82,NA,NA
2021-03-31,803,679,51,88,NA,NA
2021-04-01,816,685,49,90,NA,NA
2021-04-02,794,660,51,90,NA,NA
2021-04-03,845,708,55,89,NA,NA
2021-04-04,900,758,54,99,NA,NA
2021-04-05,961,804,58,107,NA,NA
2021-04-06,939,793,61,100,NA,NA
2021-04-07,942,814,52,92,NA,NA
2021-04-08,961,825,52,94,NA,NA
2021-04-09,941,800,57,93,NA,NA
2021-04-10,1016,873,52,92,NA,NA
2021-04-11,1075,930,51,94,NA,NA
2021-04-12,1040,903,56,88,NA,NA
2021-04-13,1040,889,52,99,NA,NA
2021-04-14,1062,905,49,104,NA,NA
2021-04-15,1087,924,58,109,NA,NA
2021-04-16,1085,912,61,117,NA,NA
2021-04-17,1101,934,57,116,NA,NA
2021-04-18,1174,994,67,126,NA,NA
2021-04-19,1148,972,72,124,NA,NA
2021-04-20,1155,965,78,128,NA,NA
2021-04-21,1190,1001,76,125,NA,NA
2021-04-22,1205,1023,69,123,NA,NA
2021-04-23,1197,1010,67,126,NA,NA
2021-04-24,1241,1050,72,129,NA,NA
2021-04-25,1303,1101,75,139,NA,NA
2021-04-26,1289,1072,78,139,NA,NA
2021-04-27,1275,1063,81,142,NA,NA
2021-04-28,1241,1010,80,145,NA,NA
2021-04-29,1247,1022,76,142,NA,NA
2021-04-30,1188,972,83,140,NA,NA
2021-05-01,1223,1013,79,138,NA,NA
2021-05-02,1272,1055,74,134,NA,NA
2021-05-03,1237,1019,74,128,NA,NA
2021-05-04,1249,1009,64,117,NA,NA
2021-05-05,1260,1026,67,116,NA,NA
2021-05-06,1241,1031,67,118,NA,NA
2021-05-07,1198,991,71,117,NA,NA
2021-05-08,1253,1043,67,125,NA,NA
2021-05-09,1293,1087,60,121,NA,NA
2021-05-10,1236,1038,50,116,NA,NA
2021-05-11,1185,994,46,106,NA,NA
2021-05-12,1193,1013,52,106,NA,NA
2021-05-13,1198,1007,48,110,NA,NA
2021-05-14,1167,964,59,110,NA,NA
2021-05-15,1222,1016,65,120,NA,NA
2021-05-16,1256,1047,62,116,NA,NA
2021-05-17,1225,1009,71,120,NA,NA
2021-05-18,1196,994,66,118,NA,NA
2021-05-19,1164,974,60,105,NA,NA
2021-05-20,1141,936,56,109,NA,NA
2021-05-21,1069,875,60,111,NA,NA
2021-05-22,1076,899,51,109,NA,NA
2021-05-23,1113,937,49,103,NA,NA
2021-05-24,1027,853,55,95,NA,NA
2021-05-25,970,808,46,92,NA,NA
2021-05-26,906,758,50,92,NA,NA
2021-05-27,867,706,54,93,NA,NA
2021-05-28,867,706,54,93,NA,NA
2021-05-29,769,621,53,89,NA,NA
2021-05-30,840,687,57,98,NA,NA
2021-05-31,727,589,46,79,NA,NA
2021-06-01,663,542,48,77,NA,NA
2021-06-02,646,542,46,74,NA,NA
2021-06-03,644,519,44,76,NA,NA
2021-06-04,644,519,44,76,NA,NA
2021-06-05,560,457,44,73,NA,NA
2021-06-06,602,492,47,74,NA,NA
2021-06-07,556,453,48,70,NA,NA
2021-06-08,547,441,43,70,NA,NA
2021-06-09,529,418,46,74,NA,NA
2021-06-10,529,418,46,74,NA,NA
2021-06-11,494,396,40,69,NA,NA
2021-06-12,453,367,34,60,NA,NA
2021-06-13,446,366,36,61,NA,NA
2021-06-14,407,322,30,58,NA,NA
2021-06-15,364,280,28,55,NA,NA
2021-06-16,316,242,22,47,NA,NA
2021-06-17,294,226,23,45,NA,NA
2021-06-18,294,226,23,45,NA,NA
2021-06-19,266,210,23,39,NA,NA
2021-06-20,267,209,19,37,NA,NA
2021-06-21,252,202,17,32,NA,NA
2021-06-22,203,158,20,28,NA,NA
2021-06-23,203,158,20,28,NA,NA
2021-06-24,180,136,20,30,NA,NA
2021-06-25,180,136,20,30,NA,NA
2021-06-26,165,125,19,28,NA,NA
2021-06-27,164,122,20,33,NA,NA
2021-06-28,154,112,19,30,NA,NA
2021-06-29,154,112,19,30,NA,NA
2021-06-30,129,90,18,27,NA,NA
2021-07-01,123,86,19,27,NA,NA
2021-07-02,103,71,16,23,NA,NA
2021-07-03,103,71,16,23,NA,NA
2021-07-04,103,69,16,23,NA,NA
2021-07-05,101,64,15,24,NA,NA
2021-07-06,81,57,12,17,NA,NA
2021-07-07,81,57,12,17,NA,NA
2021-07-08,71,48,11,14,NA,NA
2021-07-09,71,48,11,14,NA,NA
2021-07-10,70,46,11,12,NA,NA
2021-07-11,73,52,10,11,NA,NA
2021-07-12,61,43,9,9,NA,NA
2021-07-13,59,41,9,9,NA,NA
2021-07-14,55,43,6,7,NA,NA
2021-07-15,55,43,6,7,NA,NA
2021-07-16,53,40,5,7,NA,NA
2021-07-17,52,39,5,8,NA,NA
2021-07-18,53,41,5,8,NA,NA
2021-07-19,67,54,4,9,NA,NA
2021-07-20,62,49,5,9,NA,NA
2021-07-21,64,48,4,10,NA,NA
2021-07-22,64,48,4,10,NA,NA
2021-07-23,85,71,6,11,NA,NA
2021-07-24,91,75,8,11,NA,NA
2021-07-25,100,80,8,13,NA,NA
2021-07-26,106,87,8,11,NA,NA
2021-07-27,118,95,8,13,NA,NA
2021-07-28,136,111,8,15,NA,NA
2021-07-29,150,121,8,19,NA,NA
2021-07-30,145,116,12,22,NA,NA
2021-07-31,174,137,13,24,NA,NA
2021-08-01,184,149,12,21,NA,NA
2021-08-02,183,150,13,19,NA,NA
2021-08-03,200,160,12,23,NA,NA
2021-08-04,206,168,9,22,NA,NA
2021-08-05,231,182,11,27,NA,NA
2021-08-06,248,192,12,38,NA,NA
2021-08-07,261,211,16,38,NA,NA
2021-08-08,300,243,17,39,NA,NA
2021-08-09,323,265,17,41,NA,NA
2021-08-10,334,273,21,44,NA,NA
2021-08-11,362,305,22,44,NA,NA
2021-08-12,354,300,22,43,NA,NA
2021-08-13,352,301,23,44,NA,NA
2021-08-14,370,317,25,42,NA,NA
2021-08-15,382,328,26,48,NA,NA
2021-08-16,402,339,31,53,NA,NA
2021-08-17,425,363,36,55,NA,NA
2021-08-18,440,376,34,51,NA,NA
2021-08-19,432,366,36,55,NA,NA
2021-08-20,439,370,32,54,NA,NA
2021-08-21,453,383,35,58,NA,NA
2021-08-22,468,396,34,58,NA,NA
2021-08-23,480,397,36,58,NA,NA
2021-08-24,474,386,38,64,NA,NA
2021-08-25,477,389,35,66,NA,NA
2021-08-26,505,411,38,65,NA,NA
2021-08-27,517,418,38,62,NA,NA
2021-08-28,539,444,33,67,NA,NA
2021-08-29,566,472,39,64,NA,NA
2021-08-30,561,464,40,66,NA,NA
2021-08-31,593,494,41,65,NA,NA
2021-09-01,589,496,41,59,NA,NA
2021-09-02,604,510,43,62,NA,NA
2021-09-03,604,511,45,66,NA,NA
2021-09-04,637,548,45,68,NA,NA
2021-09-05,683,592,49,73,NA,NA
2021-09-06,694,595,49,74,NA,NA
2021-09-07,706,595,50,77,NA,NA
2021-09-08,736,617,54,78,NA,NA
2021-09-09,763,645,55,82,NA,NA
2021-09-10,758,639,56,83,NA,NA
2021-09-11,800,684,52,78,NA,NA
2021-09-12,847,717,49,86,NA,NA
2021-09-13,857,722,56,85,NA,NA
2021-09-14,863,728,47,80,NA,NA
2021-09-15,869,727,52,84,NA,NA
2021-09-16,910,768,55,89,NA,NA
2021-09-17,895,744,58,92,NA,NA
2021-09-18,951,791,63,99,NA,NA
2021-09-19,982,821,66,100,NA,NA
2021-09-20,997,828,69,106,NA,NA
2021-09-21,992,816,73,114,NA,NA
2021-09-22,1014,835,78,116,NA,NA
2021-09-23,1005,823,77,117,NA,NA
2021-09-24,1009,824,75,121,NA,NA
2021-09-25,1072,880,80,122,NA,NA
2021-09-26,1114,929,70,122,NA,NA
2021-09-27,1162,975,82,121,NA,NA
2021-09-28,1171,979,85,129,NA,NA
2021-09-29,1201,999,86,129,NA,NA
2021-09-30,1223,1017,90,133,NA,NA
2021-10-01,1214,1002,91,141,NA,NA
2021-10-02,1269,1066,83,128,NA,NA
2021-10-03,1303,1106,75,121,NA,NA
2021-10-04,1289,1091,72,125,NA,NA
2021-10-05,1356,1153,79,121,NA,NA
2021-10-06,1387,1166,77,125,NA,NA
2021-10-07,1444,1223,77,133,NA,NA
2021-10-08,1366,1150,74,132,NA,NA
2021-10-09,1420,1200,79,134,NA,NA
2021-10-10,1492,1267,80,130,NA,NA
2021-10-11,1461,1226,90,139,NA,NA
2021-10-12,1488,1245,90,144,NA,NA
2021-10-13,1511,1254,98,156,NA,NA
2021-10-14,1571,1307,103,159,NA,NA
2021-10-15,1599,1334,108,161,NA,NA
2021-10-16,1638,1379,95,156,NA,NA
2021-10-17,1699,1426,98,161,NA,NA
2021-10-18,1638,1371,95,145,NA,NA
2021-10-19,1669,1389,98,157,NA,NA
2021-10-20,1690,1417,90,154,NA,NA
2021-10-21,1735,1464,91,148,NA,NA
2021-10-22,1714,1434,86,150,NA,NA
2021-10-23,1781,1498,94,154,NA,NA
2021-10-24,1872,1586,94,152,NA,NA
2021-10-25,1842,1561,98,153,NA,NA
2021-10-26,1848,1561,95,146,NA,NA
2021-10-27,1822,1524,91,150,NA,NA
2021-10-28,1831,1526,88,146,NA,NA
2021-10-29,1794,1519,86,132,NA,NA
2021-10-30,1821,1537,85,140,NA,NA
2021-10-31,1882,1607,77,137,NA,NA
2021-11-01,1963,1665,86,150,NA,NA
2021-11-02,1972,1688,71,142,NA,NA
2021-11-03,1984,1664,82,155,NA,NA
2021-11-04,1955,1654,81,146,NA,NA
2021-11-05,1867,1571,83,145,NA,NA
2021-11-06,1864,1566,80,141,NA,NA
2021-11-07,1943,1642,83,139,NA,NA
2021-11-08,1914,1616,87,143,NA,NA
2021-11-09,1843,1548,82,144,1376,118
2021-11-10,1770,1485,81,135,1317,109
2021-11-11,1792,1513,83,144,1341,122
2021-11-12,1723,1456,83,143,1308,120
2021-11-13,1775,1487,88,150,1356,123
2021-11-14,1823,1524,85,152,1374,125
2021-11-15,1779,1487,87,155,1318,127
2021-11-16,1747,1454,92,154,1305,126
2021-11-17,1691,1412,86,148,1263,122
2021-11-18,1662,1386,85,147,1213,119
2021-11-19,1522,1272,84,142,1124,113
2021-11-20,1527,1260,82,138,1124,109
2021-11-21,1558,1306,74,136,1161,106
2021-11-22,1511,1277,83,137,1096,111
2021-11-23,1454,1206,83,132,1066,113
2021-11-24,1393,1149,83,131,1019,103
2021-11-25,1402,1153,83,131,1029,103
2021-11-26,1366,1108,86,141,999,117
2021-11-27,1365,1119,72,123,1001,99
2021-11-28,1385,1146,74,121,999,99
2021-11-29,1355,1110,75,127,970,105
2021-11-30,1332,1092,77,130,945,102
2021-12-01,1292,1065,73,126,916,101
2021-12-02,1295,1074,82,131,922,104
2021-12-03,1276,1061,75,122,917,97
2021-12-04,1274,1045,73,126,910,98
2021-12-05,1344,1115,74,129,960,104
2021-12-06,1321,1097,75,128,946,106
2021-12-07,1306,1083,76,130,945,110
2021-12-08,1271,1061,76,125,930,108
2021-12-09,1269,1058,78,121,936,109
2021-12-10,1261,1062,74,122,924,106
2021-12-11,1313,1114,75,125,946,105
2021-12-12,1336,1142,67,120,953,101
2021-12-13,1285,1084,66,123,926,107
2021-12-14,1292,1090,63,119,930,103
2021-12-15,1267,1077,68,113,913,96
2021-12-16,1357,1149,89,136,984,115
2021-12-17,1325,1125,89,129,963,111
2021-12-18,1323,1136,77,111,949,93
2021-12-19,1319,1144,70,104,952,85
2021-12-20,1324,1146,76,114,960,93
2021-12-21,1271,1087,77,120,927,97
2021-12-22,1222,1026,72,115,884,93
2021-12-23,1127,957,69,112,806,92
2021-12-24,1115,946,65,116,799,94
2021-12-25,1143,963,66,115,823,95
2021-12-26,1161,986,62,110,841,93
2021-12-27,1133,957,65,116,822,97
2021-12-28,1072,909,56,106,793,87
2021-12-29,1050,886,55,104,776,85
2021-12-30,1039,877,58,103,746,81
2021-12-31,967,815,50,95,698,76
2022-01-01,990,827,59,103,704,83
2022-01-02,1059,885,63,108,761,86
2022-01-03,1046,869,70,109,754,88
2022-01-04,1055,893,66,92,757,74
2022-01-05,1063,903,61,88,755,70
2022-01-06,1070,900,59,93,768,75
2022-01-07,1044,864,57,96,753,79
2022-01-08,1067,885,56,96,776,80
2022-01-09,1111,939,53,93,802,75
2022-01-10,1107,948,46,90,808,80
2022-01-11,1079,922,45,85,811,79
2022-01-12,1087,923,46,92,827,83
2022-01-13,1054,893,52,88,798,79
2022-01-14,1046,889,52,89,796,77
2022-01-15,1046,890,57,89,789,78
2022-01-16,1072,918,46,84,810,73
2022-01-17,1066,901,60,91,812,80
2022-01-18,1070,906,63,94,806,82
2022-01-19,1086,911,65,100,805,88
2022-01-20,1073,907,58,91,793,79
2022-01-21,1073,907,58,91,793,79
2022-01-22,1090,911,51,94,790,81
2022-01-23,1152,988,55,94,835,79
2022-01-24,1132,973,47,87,790,74
2022-01-25,1139,973,51,93,784,76
2022-01-26,1172,995,54,93,810,76
2022-01-27,1212,1015,48,97,837,77
2022-01-28,1200,1005,46,99,799,79
2022-01-29,1266,1087,41,88,855,71
2022-01-30,1339,1144,45,87,892,65
2022-01-31,1354,1160,39,79,909,65
2022-02-01,1377,1188,39,82,921,66
2022-02-02,1402,121,38,83,NA,67
2022-02-03,1442,116,44,92,NA,74
2022-02-04,1440,115,45,99,NA,75
2022-02-05,1499,100,44,95,NA,75
2022-02-06,1577,NA,41,102,NA,82
2022-02-07,1619,NA,46,97,NA,75
2022-02-08,1614,NA,48,101,NA,78
2022-02-09,1652,NA,44,86,NA,68
2022-02-10,1640,NA,44,94,NA,77
2022-02-11,1656,NA,48,97,NA,78
2022-02-12,1698,NA,46,96,NA,72
2022-02-13,1762,NA,43,96,NA,69
2022-02-14,1751,NA,43,92,NA,64
2022-02-15,1745,NA,40,99,NA,69
2022-02-16,1834,NA,39,98,NA,76
2022-02-17,1819,NA,40,95,NA,73
2022-02-18,1764,NA,42,104,NA,74
2022-02-19,1817,NA,47,111,NA,79
2022-02-20,1888,NA,46,104,NA,71
2022-02-21,1865,NA,47,109,NA,80
2022-02-22,1845,NA,54,108,NA,79
2022-02-23,1808,NA,52,107,NA,82
2022-02-24,1777,NA,45,99,NA,75
2022-02-25,1674,NA,46,93,NA,72
2022-02-26,1692,NA,46,93,NA,74
2022-02-27,1754,NA,49,95,NA,78
2022-02-28,1697,NA,57,96,NA,75
2022-03-01,1612,NA,48,84,NA,61
2022-03-02,1564,NA,51,87,NA,70
2022-03-03,1509,NA,53,81,NA,71
2022-03-04,1391,NA,46,69,NA,56
2022-03-05,1437,NA,45,77,NA,62
2022-03-06,1481,NA,42,82,NA,64
2022-03-07,1416,NA,41,71,NA,59
2022-03-08,1390,NA,41,70,NA,56
2022-03-09,1417,NA,36,71,NA,56
2022-03-10,1363,NA,36,74,NA,60
2022-03-11,1357,NA,36,71,NA,54
2022-03-12,1391,NA,31,74,NA,54
2022-03-13,1449,NA,32,68,NA,47
2022-03-14,1378,NA,29,63,NA,39
2022-03-15,1390,NA,28,68,NA,42
2022-03-16,1384,NA,27,61,NA,40
2022-03-17,1341,NA,29,67,NA,48
2022-03-18,1291,NA,30,73,NA,51
2022-03-19,1315,NA,24,66,NA,42
2022-03-20,1363,NA,26,68,NA,47
2022-03-21,1325,NA,28,64,NA,46
2022-03-22,1302,NA,27,64,NA,47
2022-03-23,1271,NA,26,62,NA,47
2022-03-24,1282,NA,25,66,NA,51
2022-03-25,1200,NA,29,63,NA,48
2022-03-26,1207,NA,27,58,NA,44
2022-03-27,1271,NA,24,52,NA,36
2022-03-28,1215,NA,21,45,NA,30
2022-03-29,1176,NA,23,49,NA,32
2022-03-30,1136,NA,32,62,NA,44
2022-03-31,1122,NA,31,66,NA,47
2022-04-01,1033,NA,28,56,NA,37
2022-04-02,1042,NA,26,50,NA,34
2022-04-03,1093,NA,37,58,NA,45
2022-04-04,1057,NA,41,62,NA,41
2022-04-05,1015,NA,30,60,NA,43
2022-04-06,978,NA,27,53,NA,39
2022-04-07,911,NA,26,45,NA,33
2022-04-08,858,NA,24,37,NA,26
2022-04-09,895,NA,23,44,NA,30
2022-04-10,940,NA,19,45,NA,26
2022-04-11,878,NA,19,45,NA,28
2022-04-12,833,NA,21,47,NA,34
2022-04-13,810,NA,21,47,NA,31
2022-04-14,769,NA,19,42,NA,27
2022-04-15,706,NA,21,46,NA,29
2022-04-16,685,NA,21,49,NA,32
2022-04-17,668,NA,18,44,NA,28
2022-04-18,700,NA,21,44,NA,31
2022-04-19,690,NA,22,40,NA,27
2022-04-20,678,NA,21,41,NA,28
2022-04-21,631,NA,21,40,NA,30
2022-04-22,574,NA,18,34,NA,26
2022-04-23,556,NA,13,31,NA,22
2022-04-24,578,NA,12,31,NA,25
2022-04-25,547,NA,9,27,NA,21
2022-04-26,504,NA,9,25,NA,18
2022-04-27,494,NA,10,29,NA,23
2022-04-28,503,NA,13,34,NA,25
2022-04-29,428,NA,13,35,NA,23
2022-04-30,428,NA,13,35,NA,23
2022-05-01,426,NA,12,34,NA,25
2022-05-02,387,NA,11,30,NA,20
2022-05-03,343,NA,9,28,NA,20
2022-05-04,303,NA,9,20,NA,15
2022-05-05,259,NA,8,20,NA,14
2022-05-06,259,NA,8,20,NA,14
2022-05-07,259,NA,8,20,NA,14
2022-05-08,211,NA,6,14,NA,9
2022-05-09,180,NA,5,12,NA,10
2022-05-10,159,NA,4,9,NA,7
2022-05-11,140,NA,5,12,NA,10
2022-05-12,138,NA,6,11,NA,9
2022-05-13,138,NA,6,11,NA,9
2022-05-14,138,NA,6,11,NA,9
2022-05-15,119,NA,4,9,NA,7
2022-05-16,130,NA,5,13,NA,10
2022-05-17,99,NA,5,12,NA,8
2022-05-18,93,NA,5,11,NA,8
2022-05-19,91,NA,8,12,NA,9
2022-05-20,91,NA,8,12,NA,9
2022-05-21,91,NA,8,12,NA,9
2022-05-22,85,NA,8,11,NA,7
2022-05-23,86,NA,6,9,NA,6
2022-05-24,79,NA,4,9,NA,5
2022-05-25,76,NA,4,9,NA,5
2022-05-26,78,NA,3,8,NA,6
2022-05-27,78,NA,3,8,NA,6
2022-05-28,78,NA,3,8,NA,6
2022-05-29,78,NA,3,9,NA,5
2022-05-30,70,NA,3,9,NA,6
2022-05-31,73,NA,4,10,NA,7
2022-06-01,67,NA,4,7,NA,6
2022-06-02,67,NA,4,8,NA,7
2022-06-03,67,NA,4,8,NA,7
2022-06-04,67,NA,4,8,NA,7
2022-06-05,70,NA,4,8,NA,7
2022-06-06,85,NA,5,10,NA,8
2022-06-07,92,NA,5,10,NA,8
2022-06-08,85,NA,5,7,NA,6
2022-06-09,79,NA,5,8,NA,7
2022-06-10,79,NA,5,8,NA,7
2022-06-11,79,NA,5,8,NA,7
2022-06-12,74,NA,5,5,NA,4
2022-06-13,73,NA,4,5,NA,5
2022-06-14,75,NA,4,7,NA,6
2022-06-15,65,NA,4,6,NA,5
2022-06-16,57,NA,2,5,NA,4
2022-06-17,57,NA,2,5,NA,4
2022-06-18,57,NA,2,5,NA,4
2022-06-19,57,NA,2,5,NA,4
2022-06-20,61,NA,1,3,NA,2
2022-06-21,63,NA,1,5,NA,3
2022-06-22,55,NA,1,4,NA,4
2022-06-23,55,NA,1,4,NA,4
2022-06-24,55,NA,1,4,NA,4
2022-06-25,55,NA,1,4,NA,4
2022-06-26,55,NA,1,2,NA,2
2022-06-27,64,NA,0,0,NA,0
2022-06-28,66,NA,1,2,NA,2
2022-06-29,75,NA,0,4,NA,4
2022-06-30,78,NA,1,5,NA,5
2022-07-01,78,NA,1,5,NA,5
2022-07-02,78,NA,1,5,NA,5
2022-07-03,84,NA,1,6,NA,6
2022-07-04,NA,NA,NA,NA,NA,NA
2022-07-05,88,NA,0,0,NA,0
2022-07-06,96,NA,0,5,NA,5
2022-07-07,103,NA,1,1,NA,1
2022-07-08,103,NA,1,1,NA,1
2022-07-09,103,NA,1,1,NA,1
2022-07-10,104,NA,1,2,NA,2
2022-07-11,104,NA,1,2,NA,2
2022-07-12,95,NA,1,3,NA,3
2022-07-13,100,NA,1,6,NA,6
2022-07-14,98,NA,1,5,NA,5
2022-07-15,98,NA,1,5,NA,5
2022-07-18,125,NA,2,6,NA,6
2022-07-20,122,NA,2,8,NA,6
2022-07-29,126,NA,1,4,NA,2
2022-07-30,126,NA,1,4,NA,2
2022-07-31,132,NA,2,5,NA,2
2022-08-01,160,NA,6,9,NA,6
2022-08-02,142,NA,5,8,NA,4
2022-08-03,131,NA,4,5,NA,3
2022-08-04,133,NA,4,7,NA,3
2022-08-05,133,NA,4,7,NA,3
2022-08-06,133,NA,4,7,NA,3
2022-08-07,135,NA,4,9,NA,4
2022-08-08,143,NA,3,8,NA,5
2022-08-09,135,NA,4,9,NA,6
2022-08-10,151,NA,5,10,NA,6
2022-08-11,151,NA,4,9,NA,6
2022-08-12,151,NA,4,9,NA,6
2022-08-13,151,NA,4,9,NA,6
2022-08-14,151,NA,4,9,NA,6
2022-08-15,155,NA,4,10,NA,5
2022-08-16,180,NA,6,14,NA,9
2022-08-17,175,NA,2,8,NA,4
2022-08-18,178,NA,4,9,NA,6
2022-08-19,178,NA,4,9,NA,6
2022-08-20,178,NA,4,9,NA,6
2022-08-21,175,NA,3,11,NA,6
2022-08-22,168,NA,3,8,NA,5
2022-08-23,166,NA,4,9,NA,5
2022-08-24,155,NA,3,10,NA,5
2022-08-25,151,NA,6,9,NA,5
2022-08-26,151,NA,6,9,NA,5
2022-08-27,151,NA,6,9,NA,5
2022-08-28,132,NA,5,7,NA,3
2022-08-29,139,NA,3,6,NA,3
2022-08-30,131,NA,3,7,NA,3
2022-08-31,123,NA,3,8,NA,4
2022-09-01,114,NA,2,8,NA,5
2022-09-02,114,NA,2,8,NA,5
2022-09-03,114,NA,2,8,NA,5
2022-09-04,113,NA,2,9,NA,7
2022-09-05,104,NA,0,7,NA,4
2022-09-06,107,NA,1,8,NA,5
2022-09-07,103,NA,2,6,NA,3
2022-09-08,106,NA,4,9,NA,5
2022-09-09,106,NA,4,9,NA,5
2022-09-10,106,NA,4,9,NA,5
2022-09-11,119,NA,2,7,NA,3
2022-09-12,130,NA,1,5,NA,3
2022-09-13,136,NA,1,5,NA,2
2022-09-14,147,NA,3,9,NA,5
2022-09-15,162,NA,6,9,NA,3
2022-09-16,162,NA,6,9,NA,3
2022-09-17,162,NA,6,9,NA,3
2022-09-18,158,NA,7,9,NA,5
2022-09-19,167,NA,5,12,NA,8
2022-09-20,174,NA,5,12,NA,5
2022-09-21,175,NA,7,13,NA,7
2022-09-22,192,NA,7,10,NA,6
2022-09-23,192,NA,7,10,NA,6
2022-09-24,192,NA,7,10,NA,6
2022-09-25,184,NA,5,10,NA,5
2022-09-26,188,NA,5,11,NA,7
2022-09-27,178,NA,7,11,NA,7
2022-09-28,175,NA,7,12,NA,8
2022-09-29,172,NA,7,12,NA,7
2022-09-30,172,NA,7,12,NA,7
2022-10-01,172,NA,7,12,NA,7
2022-10-02,167,NA,6,11,NA,5
2022-10-03,178,NA,5,11,NA,6
2022-10-04,165,NA,6,10,NA,4
2022-10-05,167,NA,6,9,NA,5
2022-10-06,180,NA,6,7,NA,3
2022-10-07,180,NA,6,7,NA,3
2022-10-08,180,NA,6,7,NA,3
2022-10-09,193,NA,5,8,NA,3
2022-10-10,209,NA,3,11,NA,6
2022-10-11,190,NA,2,11,NA,6
2022-10-12,199,NA,2,13,NA,7
2022-10-13,191,NA,3,12,NA,7
2022-10-14,191,NA,3,12,NA,7
2022-10-15,191,NA,3,12,NA,7
2022-10-16,173,NA,6,13,NA,8
2022-10-17,169,NA,3,11,NA,7
2022-10-18,166,NA,2,10,NA,6
2022-10-19,151,NA,2,9,NA,6
2022-10-20,139,NA,3,8,NA,6
2022-10-21,139,NA,3,8,NA,6
2022-10-22,139,NA,3,8,NA,6
2022-10-23,130,NA,3,7,NA,5
2022-10-24,136,NA,4,10,NA,6
2022-10-25,131,NA,5,9,NA,4
2022-10-26,125,NA,7,12,NA,6
2022-10-27,135,NA,8,13,NA,6
2022-10-28,135,NA,8,13,NA,6
2022-10-29,135,NA,8,13,NA,6
2022-10-30,111,NA,7,10,NA,4
2022-10-31,111,NA,7,10,NA,4
2022-11-01,111,NA,7,10,NA,4
2022-11-02,109,NA,7,9,NA,5
2022-11-03,109,NA,5,8,NA,4
2022-11-04,109,NA,5,8,NA,4
2022-11-05,109,NA,5,8,NA,4
2022-11-06,99,NA,6,7,NA,5
2022-11-07,113,NA,2,6,NA,3
2022-11-08,119,NA,3,5,NA,2
2022-11-09,108,NA,2,6,NA,4
2022-11-10,107,NA,2,7,NA,5
2022-11-11,107,NA,2,7,NA,5
2022-11-12,107,NA,2,7,NA,5
2022-11-13,106,NA,4,7,NA,6
2022-11-14,111,NA,2,5,NA,5
2022-11-15,109,NA,2,5,NA,4
2022-11-16,115,NA,2,5,NA,3
2022-11-17,116,NA,2,7,NA,6
2022-11-18,116,NA,2,7,NA,6
2022-11-19,116,NA,2,7,NA,6
2022-11-20,106,NA,1,7,NA,6
2022-11-21,114,NA,4,9,NA,8
2022-11-22,101,NA,4,6,NA,5
2022-11-23,88,NA,3,7,NA,6
2022-11-24,94,NA,5,6,NA,5
2022-11-25,94,NA,5,6,NA,5
2022-11-26,94,NA,5,6,NA,5
2022-11-27,83,NA,5,6,NA,5
2022-11-28,81,NA,2,3,NA,3
2022-11-29,97,NA,2,4,NA,4
2022-11-30,111,NA,3,5,NA,5
2022-12-01,127,NA,5,6,NA,5
2022-12-02,127,NA,5,6,NA,5
2022-12-03,127,NA,5,6,NA,5
2022-12-04,128,NA,5,7,NA,4
2022-12-05,156,NA,3,8,NA,4
2022-12-06,159,NA,2,6,NA,3
2022-12-07,181,NA,4,8,NA,5
2022-12-08,174,NA,5,10,NA,6
2022-12-09,174,NA,5,10,NA,6
2022-12-10,174,NA,5,10,NA,6
2022-12-11,163,NA,3,10,NA,7
2022-12-12,164,NA,2,7,NA,4
2022-12-13,165,NA,2,8,NA,5
2022-12-14,165,NA,2,8,NA,5
2022-12-15,172,NA,2,7,NA,6
2022-12-16,172,NA,2,7,NA,6
2022-12-17,172,NA,2,7,NA,6
2022-12-18,146,NA,2,5,NA,4
2022-12-19,146,NA,2,5,NA,4
2022-12-20,153,NA,6,9,NA,7
2022-12-21,153,NA,6,9,NA,7
2022-12-22,153,NA,6,9,NA,7
2022-12-23,153,NA,6,9,NA,7
2022-12-24,153,NA,6,9,NA,7
2022-12-25,153,NA,6,9,NA,7
2022-12-26,137,NA,4,12,NA,7
2022-12-27,162,NA,3,11,NA,6
2022-12-28,167,NA,3,9,NA,5
2022-12-29,155,NA,5,9,NA,4
2022-12-30,155,NA,5,9,NA,4
2022-12-31,155,NA,5,9,NA,4
2023-01-01,161,NA,4,12,NA,7
2023-01-02,166,NA,6,9,NA,7
2023-01-03,154,NA,6,7,NA,5
2023-01-04,162,NA,8,9,NA,7
2023-01-05,149,NA,9,10,NA,8
2023-01-06,149,NA,9,10,NA,8
2023-01-07,149,NA,9,10,NA,8
2023-01-08,141,NA,7,8,NA,6
2023-01-09,136,NA,7,8,NA,6
2023-01-10,128,NA,7,10,NA,7
2023-01-11,115,NA,5,6,NA,3
2023-01-12,112,NA,7,8,NA,4
2023-01-13,112,NA,7,8,NA,4
2023-01-14,112,NA,7,8,NA,4
2023-01-15,102,NA,6,8,NA,5
2023-01-16,101,NA,7,7,NA,5
2023-01-17,113,NA,8,8,NA,5
2023-01-18,120,NA,6,8,NA,5
2023-01-19,123,NA,7,10,NA,6
2023-01-20,123,NA,7,10,NA,6
2023-01-21,123,NA,7,10,NA,6
2023-01-22,121,NA,5,10,NA,6
2023-01-23,103,NA,4,9,NA,4
2023-01-24,112,NA,5,10,NA,6
2023-01-25,111,NA,5,9,NA,5
2023-01-26,111,NA,5,9,NA,5
2023-01-27,111,NA,5,9,NA,5
2023-01-28,111,NA,5,9,NA,5
2023-01-29,104,NA,5,9,NA,6
2023-01-30,114,NA,5,7,NA,4
2023-01-31,118,NA,4,7,NA,2
2023-02-01,122,NA,0,4,NA,3
2023-02-02,131,NA,1,6,NA,5
2023-02-03,131,NA,1,6,NA,5
2023-02-04,131,NA,1,6,NA,5
2023-02-05,136,NA,0,6,NA,3
2023-02-06,129,NA,1,4,NA,2
2023-02-07,122,NA,3,6,NA,4
2023-02-08,115,NA,1,3,NA,1
2023-02-09,130,NA,2,4,NA,2
2023-02-10,130,NA,2,4,NA,2
2023-02-11,130,NA,2,4,NA,2
2023-02-12,124,NA,1,4,NA,2
2023-02-13,130,NA,2,6,NA,2
2023-02-14,133,NA,2,4,NA,3
2023-02-15,133,NA,2,4,NA,3
2023-02-16,115,NA,2,6,NA,5
2023-02-17,115,NA,2,6,NA,5
2023-02-18,115,NA,2,6,NA,5
2023-02-19,115,NA,3,7,NA,6
2023-02-20,115,NA,3,7,NA,6
2023-02-21,116,NA,4,7,NA,2
2023-02-22,121,NA,3,8,NA,6
2023-02-23,121,NA,3,8,NA,6
2023-02-24,121,NA,3,8,NA,6
2023-02-25,121,NA,3,8,NA,6
2023-02-26,129,NA,1,5,NA,3
2023-02-27,129,NA,1,5,NA,3
2023-02-28,138,NA,3,6,NA,4
2023-03-01,124,NA,3,6,NA,4
2023-03-02,119,NA,4,7,NA,5
2023-03-03,119,NA,4,7,NA,5
2023-03-04,119,NA,4,7,NA,5
2023-03-05,124,NA,4,7,NA,5
2023-03-06,135,NA,4,6,NA,3
2023-03-07,134,NA,3,6,NA,3
2023-03-08,134,NA,3,6,NA,3
2023-03-09,138,NA,2,6,NA,3
2023-03-10,138,NA,2,6,NA,3
2023-03-11,138,NA,2,6,NA,3
2023-03-12,136,NA,2,3,NA,2
2023-03-13,128,NA,0,5,NA,4
2023-03-14,125,NA,1,5,NA,2
2023-03-15,126,NA,1,5,NA,4
2023-03-16,130,NA,2,4,NA,3
2023-03-17,130,NA,2,4,NA,3
2023-03-18,130,NA,2,4,NA,3
2023-03-19,131,NA,2,5,NA,4
2023-03-20,131,NA,2,5,NA,4
2023-03-21,131,NA,2,5,NA,4
2023-03-22,116,NA,1,3,NA,1
2023-03-23,120,NA,1,3,NA,1
2023-03-24,120,NA,1,3,NA,1
2023-03-25,120,NA,1,3,NA,1
2023-03-26,114,NA,1,6,NA,3
2023-03-27,110,NA,0,5,NA,2
2023-03-28,104,NA,1,7,NA,4
2023-03-29,102,NA,0,5,NA,3
2023-03-30,97,NA,0,6,NA,4
2023-03-31,97,NA,0,6,NA,4
2023-04-01,97,NA,0,6,NA,4
2023-04-02,90,NA,0,7,NA,6
2023-04-03,98,NA,2,5,NA,4
2023-04-04,94,NA,0,8,NA,5
2023-04-05,99,NA,2,6,NA,3
2023-04-06,102,NA,2,9,NA,6
2023-04-07,102,NA,2,9,NA,6
2023-04-08,102,NA,2,9,NA,6
2023-04-09,102,NA,2,9,NA,6
2023-04-10,96,NA,1,8,NA,5
2023-04-11,117,NA,2,7,NA,5
2023-04-12,117,NA,2,7,NA,5
2023-04-13,117,NA,2,7,NA,5
2023-04-14,117,NA,2,7,NA,5
2023-04-15,117,NA,2,7,NA,5
2023-04-16,98,NA,2,3,NA,2
2023-04-17,104,NA,2,2,NA,2
2023-04-18,100,NA,2,2,NA,2
2023-04-19,98,NA,2,2,NA,2
2023-04-20,89,NA,2,2,NA,2
2023-04-21,89,NA,2,2,NA,2
2023-04-22,89,NA,2,2,NA,2
2023-04-23,75,NA,1,3,NA,2
2023-04-24,74,NA,1,3,NA,2
2023-04-25,70,NA,1,2,NA,1
2023-04-26,72,NA,1,3,NA,2
2023-04-27,70,NA,2,3,NA,2
2023-04-28,70,NA,2,3,NA,2
2023-04-29,70,NA,2,3,NA,2
2023-04-30,70,NA,2,3,NA,2
2023-05-01,80,NA,1,4,NA,4
2023-05-02,76,NA,0,1,NA,1
2023-05-03,77,NA,0,2,NA,2
2023-05-04,77,NA,0,2,NA,2
2023-05-05,63,NA,0,1,NA,1
2023-05-06,63,NA,0,1,NA,1
2023-05-07,63,NA,0,1,NA,1
2023-05-08,64,NA,0,1,NA,0
2023-05-09,59,NA,0,2,NA,1
2023-05-10,61,NA,0,2,NA,1
2023-05-11,66,NA,0,2,NA,2
2023-05-12,66,NA,0,2,NA,2
2023-05-13,66,NA,0,2,NA,2
2023-05-14,65,NA,0,2,NA,2
2023-05-15,66,NA,0,1,NA,1
2023-05-16,63,NA,0,3,NA,3
2023-05-17,70,NA,0,3,NA,3
2023-05-18,70,NA,0,3,NA,2
2023-05-19,70,NA,0,3,NA,2
2023-05-20,70,NA,0,3,NA,2
2023-05-21,64,NA,0,2,NA,2
2023-05-22,67,NA,1,3,NA,1
2023-05-23,64,NA,1,3,NA,1
2023-05-24,61,NA,1,2,NA,0
2023-05-25,64,NA,1,2,NA,0
2023-05-26,64,NA,1,2,NA,0
2023-05-27,64,NA,1,2,NA,0
2023-05-28,38,NA,1,2,NA,1
2023-05-29,62,NA,1,1,NA,0
2023-05-30,49,NA,1,1,NA,0
2023-05-31,40,NA,1,1,NA,0
2023-06-01,44,NA,1,1,NA,0
2023-06-02,44,NA,1,1,NA,0
2023-06-04,42,NA,1,1,NA,0
2023-06-05,44,NA,0,1,NA,1
2023-06-06,49,NA,0,3,NA,3
2023-06-07,50,NA,0,3,NA,3
2023-06-08,55,NA,0,2,NA,2
2023-06-09,55,NA,0,2,NA,2
2023-06-10,55,NA,0,2,NA,2
2023-06-11,57,NA,1,4,NA,4
2023-06-12,53,NA,1,5,NA,5
2023-06-13,53,NA,1,3,NA,3
2023-06-14,54,NA,1,4,NA,4
2023-06-15,54,NA,0,4,NA,2
2023-06-16,54,NA,0,4,NA,2
2023-06-17,54,NA,0,4,NA,2
2023-06-18,53,NA,0,3,NA,1
2023-06-19,45,NA,0,3,NA,2
2023-06-20,47,NA,0,4,NA,3
2023-06-21,47,NA,0,4,NA,3
2023-06-22,40,NA,1,3,NA,1
2023-06-23,40,NA,1,3,NA,1
2023-06-24,40,NA,1,3,NA,1
2023-06-25,37,NA,0,1,NA,0
2023-06-26,35,NA,0,0,NA,0
2023-06-27,31,NA,0,0,NA,0
2023-06-28,32,NA,0,1,NA,0
2023-06-29,30,NA,0,0,NA,0
2023-06-30,30,NA,0,0,NA,0
2023-07-01,30,NA,0,0,NA,0
2023-07-02,25,NA,0,0,NA,0
2023-07-03,23,NA,0,1,NA,1
2023-07-04,18,NA,0,0,NA,0
2023-07-05,18,NA,0,0,NA,0
2023-07-06,17,NA,0,0,NA,0
2023-07-07,17,NA,0,0,NA,0
2023-07-08,17,NA,0,0,NA,0
2023-07-09,16,NA,0,0,NA,0
2023-07-10,16,NA,0,0,NA,0
2023-07-11,17,NA,0,0,NA,0
2023-07-12,14,NA,0,0,NA,0
2023-07-13,13,NA,0,0,NA,0
2023-07-14,13,NA,0,0,NA,0
2023-07-15,13,NA,0,0,NA,0
2023-07-16,13,NA,0,0,NA,0
2023-07-17,15,NA,0,0,NA,0
2023-07-18,12,NA,0,0,NA,0
2023-07-19,13,NA,0,1,NA,1
2023-07-20,18,NA,0,1,NA,1
2023-07-21,18,NA,0,1,NA,1
2023-07-22,18,NA,0,1,NA,1
2023-07-23,18,NA,0,0,NA,0
2023-07-24,20,NA,0,1,NA,0
2023-07-25,18,NA,0,1,NA,0
2023-07-26,8,NA,0,1,NA,0
2023-07-27,8,NA,0,1,NA,0
2023-07-28,8,NA,0,1,NA,0
2023-07-29,8,NA,0,1,NA,0
2023-07-30,6,NA,0,0,NA,0
2023-07-31,6,NA,0,0,NA,0
2023-08-01,21,NA,0,1,NA,1
2023-08-02,19,NA,0,0,NA,0
2023-08-03,20,NA,0,0,NA,0
2023-08-04,20,NA,0,0,NA,0
2023-08-05,20,NA,0,0,NA,0
2023-08-06,20,NA,0,0,NA,0
2023-08-07,17,NA,0,1,NA,0
2023-08-08,13,NA,0,0,NA,0
2023-08-09,15,NA,0,0,NA,0
2023-08-10,15,NA,0,0,NA,0
2023-08-11,15,NA,0,0,NA,0
2023-08-12,15,NA,0,0,NA,0
2023-08-13,16,NA,0,0,NA,0
2023-08-14,16,NA,0,0,NA,0
2023-08-15,15,NA,0,0,NA,0
2023-08-16,17,NA,0,1,NA,0
2023-08-17,18,NA,0,1,NA,0
2023-08-18,18,NA,0,1,NA,0
2023-08-19,18,NA,0,1,NA,0
2023-08-20,22,NA,1,1,NA,0
2023-08-21,26,NA,0,1,NA,0
2023-08-22,25,NA,0,2,NA,0
2023-08-23,26,NA,1,2,NA,0
2023-08-24,30,NA,0,2,NA,0
2023-08-25,30,NA,0,2,NA,0
2023-08-26,30,NA,0,2,NA,0
2023-08-27,34,NA,0,1,NA,0
2023-08-28,37,NA,0,0,NA,0
2023-08-29,41,NA,0,0,NA,0
2023-08-30,41,NA,0,0,NA,0
2023-08-31,41,NA,0,0,NA,0
2023-09-01,37,NA,0,0,NA,0
2023-09-02,37,NA,0,0,NA,0
2023-09-03,38,NA,0,0,NA,0
2023-09-04,38,NA,0,0,NA,0
2023-09-05,31,NA,0,0,NA,0
2023-09-06,37,NA,1,1,NA,1
2023-09-07,35,NA,1,1,NA,1
2023-09-08,35,NA,1,1,NA,1
2023-09-09,35,NA,1,1,NA,1
2023-09-10,37,NA,1,1,NA,1
2023-09-11,35,NA,1,1,NA,1
2023-09-12,35,NA,1,2,NA,2
2023-09-13,38,NA,1,2,NA,2
2023-09-14,38,NA,2,2,NA,2
2023-09-15,38,NA,2,2,NA,2
2023-09-16,38,NA,2,2,NA,2
2023-09-17,34,NA,2,2,NA,2
2023-09-18,42,NA,2,2,NA,2
2023-09-19,41,NA,2,2,NA,2
2023-09-20,41,NA,2,2,NA,2
2023-09-21,47,NA,2,3,NA,3
2023-09-22,47,NA,2,3,NA,3
2023-09-23,47,NA,2,3,NA,3
2023-09-24,44,NA,0,2,NA,1
2023-09-25,44,NA,0,3,NA,2
2023-09-26,44,NA,0,3,NA,2
2023-09-27,51,NA,0,1,NA,0
2023-09-28,45,NA,0,0,NA,0
2023-09-29,45,NA,0,0,NA,0
2023-09-30,45,NA,0,0,NA,0
2023-10-01,45,NA,0,0,NA,0
2023-10-02,45,NA,0,0,NA,0
2023-10-03,45,NA,0,0,NA,0
2023-10-04,45,NA,0,0,NA,0
2023-10-05,53,NA,0,2,NA,1
2023-10-06,53,NA,0,2,NA,1
2023-10-07,53,NA,0,2,NA,1
2023-10-08,48,NA,1,3,NA,1
2023-10-09,48,NA,1,3,NA,1
2023-10-10,46,NA,0,2,NA,1
2023-10-11,47,NA,0,2,NA,1
2023-10-12,46,NA,0,2,NA,1
2023-10-13,46,NA,0,2,NA,1
2023-10-14,46,NA,0,2,NA,1
2023-10-15,55,NA,0,2,NA,0
2023-10-16,60,NA,0,2,NA,0
2023-10-17,56,NA,0,1,NA,0
2023-10-18,56,NA,0,1,NA,0
2023-10-19,62,NA,0,1,NA,0
2023-10-20,62,NA,0,1,NA,0
2023-10-21,62,NA,0,1,NA,0
2023-10-22,64,NA,0,1,NA,0
2023-10-23,81,NA,0,1,NA,0
2023-10-24,73,NA,0,2,NA,1
2023-10-25,87,NA,0,2,NA,1
2023-10-26,99,NA,0,4,NA,2
2023-10-27,99,NA,0,4,NA,2
2023-10-28,99,NA,0,4,NA,2
2023-10-29,94,NA,0,3,NA,1
2023-10-30,94,NA,0,3,NA,1
2023-10-31,113,NA,0,5,NA,1
2023-11-01,113,NA,0,5,NA,1
2023-11-02,113,NA,1,6,NA,0
2023-11-03,113,NA,1,6,NA,0
2023-11-04,113,NA,1,6,NA,0
2023-11-05,120,NA,2,10,NA,1
2023-11-06,142,NA,1,9,NA,3
2023-11-07,150,NA,2,10,NA,5
2023-11-08,150,NA,2,10,NA,5
2023-11-09,137,NA,3,10,NA,5
2023-11-10,137,NA,3,10,NA,5
2023-11-11,137,NA,3,10,NA,5
2023-11-12,137,NA,3,10,NA,5
2023-11-13,124,NA,2,6,NA,4
2023-11-14,124,NA,2,6,NA,4
2023-11-15,126,NA,4,7,NA,4
2023-11-16,124,NA,2,7,NA,3
2023-11-17,124,NA,2,7,NA,3
2023-11-18,124,NA,2,7,NA,3
2023-11-19,122,NA,2,11,NA,5
2023-11-20,137,NA,7,11,NA,8
2023-11-21,137,NA,7,11,NA,8
2023-11-22,137,NA,7,11,NA,8
2023-11-23,137,NA,7,11,NA,8
2023-11-24,137,NA,7,11,NA,8
2023-11-25,137,NA,7,11,NA,8
2023-11-26,137,NA,7,11,NA,8
2023-11-27,137,NA,7,11,NA,8
2023-11-28,137,NA,7,11,NA,8
2023-11-29,137,NA,7,11,NA,8
2023-11-30,137,NA,7,11,NA,8
2023-12-01,137,NA,7,11,NA,8
2023-12-02,137,NA,7,11,NA,8
2023-12-03,137,NA,7,11,NA,8
2023-12-04,137,NA,7,11,NA,8
2023-12-05,137,NA,7,11,NA,8
2023-12-06,137,NA,7,11,NA,8
2023-12-07,137,NA,7,11,NA,8
2023-12-08,137,NA,7,11,NA,8
2023-12-09,137,NA,7,11,NA,8
2023-12-10,137,NA,7,11,NA,8
2023-12-11,137,NA,7,11,NA,8
2023-12-12,137,NA,7,11,NA,8
2023-12-13,137,NA,7,11,NA,8
2023-12-14,137,NA,7,11,NA,8
2023-12-15,137,NA,7,11,NA,8
2023-12-16,137,NA,7,11,NA,8
2023-12-17,137,NA,7,11,NA,8
2023-12-18,137,NA,7,11,NA,8
2023-12-19,137,NA,7,11,NA,8
2023-12-20,137,NA,7,11,NA,8
2023-12-21,137,NA,7,11,NA,8
2023-12-22,137,NA,7,11,NA,8
2023-12-23,137,NA,7,11,NA,8
2023-12-24,137,NA,7,11,NA,8
2023-12-25,137,NA,7,11,NA,8
2023-12-26,137,NA,7,11,NA,8
2023-12-27,137,NA,7,11,NA,8
2023-12-28,137,NA,7,11,NA,8
2023-12-29,137,NA,7,11,NA,8
2023-12-30,137,NA,7,11,NA,8
2023-12-31,137,NA,7,11,NA,8
2024-01-01,137,NA,7,11,NA,8
2024-01-02,137,NA,7,11,NA,8
2024-01-03,137,NA,7,11,NA,8
2024-01-04,137,NA,7,11,NA,8
2024-01-05,137,NA,7,11,NA,8
2024-01-06,137,NA,7,11,NA,8
2024-01-07,137,NA,7,11,NA,8
2024-01-08,137,NA,7,11,NA,8
2024-01-09,137,NA,7,11,NA,8
2024-01-10,137,NA,7,11,NA,8
2024-01-11,137,NA,7,11,NA,8
2024-01-12,137,NA,7,11,NA,8
2024-01-13,137,NA,7,11,NA,8
2024-01-14,137,NA,7,11,NA,8
2024-01-15,137,NA,7,11,NA,8
2024-01-16,137,NA,7,11,NA,8
2024-01-17,137,NA,7,11,NA,8
2024-01-18,137,NA,7,11,NA,8
2024-01-19,137,NA,7,11,NA,8
2024-01-20,137,NA,7,11,NA,8
2024-01-21,137,NA,7,11,NA,8
2024-01-22,137,NA,7,11,NA,8
2024-01-23,137,NA,7,11,NA,8
2024-01-24,137,NA,7,11,NA,8
2024-01-25,137,NA,7,11,NA,8
2024-01-26,137,NA,7,11,NA,8
2024-01-27,137,NA,7,11,NA,8
2024-01-28,137,NA,7,11,NA,8
2024-01-29,137,NA,7,11,NA,8
2024-01-30,137,NA,7,11,NA,8
2024-01-31,137,NA,7,11,NA,8
2024-02-01,137,NA,7,11,NA,8
2024-02-02,137,NA,7,11,NA,8
2024-02-03,137,NA,7,11,NA,8
2024-02-04,137,NA,7,11,NA,8
2024-02-05,137,NA,7,11,NA,8
2024-02-06,137,NA,7,11,NA,8
2024-02-07,137,NA,7,11,NA,8
2024-02-08,137,NA,7,11,NA,8
2024-02-09,137,NA,7,11,NA,8
2024-02-10,137,NA,7,11,NA,8
2024-02-11,137,NA,7,11,NA,8
2024-02-12,137,NA,7,11,NA,8
2024-02-13,137,NA,7,11,NA,8
2024-02-14,137,NA,7,11,NA,8
2024-02-15,137,NA,7,11,NA,8
2024-02-16,137,NA,7,11,NA,8
2024-02-17,137,NA,7,11,NA,8
2024-02-18,137,NA,7,11,NA,8
2024-02-19,137,NA,7,11,NA,8
2024-02-20,137,NA,7,11,NA,8
2024-02-21,137,NA,7,11,NA,8
2024-02-22,137,NA,7,11,NA,8
2024-02-23,137,NA,7,11,NA,8
2024-02-24,137,NA,7,11,NA,8
2024-02-25,137,NA,7,11,NA,8
2024-02-26,137,NA,7,11,NA,8
2024-02-27,137,NA,7,11,NA,8
2024-02-28,137,NA,7,11,NA,8
2024-02-29,137,NA,7,11,NA,8
2024-03-01,137,NA,7,11,NA,8
2024-03-02,137,NA,7,11,NA,8
2024-03-03,137,NA,7,11,NA,8
2024-03-04,137,NA,7,11,NA,8
2024-03-05,137,NA,7,11,NA,8
2024-03-06,137,NA,7,11,NA,8
2024-03-07,137,NA,7,11,NA,8
2024-03-08,137,NA,7,11,NA,8
2024-03-09,137,NA,7,11,NA,8
2024-03-10,137,NA,7,11,NA,8
2024-03-11,137,NA,7,11,NA,8
2024-03-12,137,NA,7,11,NA,8
2024-03-13,137,NA,7,11,NA,8
2024-03-14,137,NA,7,11,NA,8
2024-03-15,137,NA,7,11,NA,8
2024-03-16,137,NA,7,11,NA,8
2024-03-17,137,NA,7,11,NA,8
2024-03-18,137,NA,7,11,NA,8
2024-03-19,137,NA,7,11,NA,8
2024-03-20,137,NA,7,11,NA,8
2024-03-21,137,NA,7,11,NA,8
2024-03-22,137,NA,7,11,NA,8
2024-03-23,137,NA,7,11,NA,8
2024-03-24,137,NA,7,11,NA,8
2024-03-25,137,NA,7,11,NA,8
2024-03-26,137,NA,7,11,NA,8
2024-03-27,137,NA,7,11,NA,8
2024-03-28,137,NA,7,11,NA,8
2024-03-29,137,NA,7,11,NA,8
2024-03-30,137,NA,7,11,NA,8
2024-03-31,137,NA,7,11,NA,8
2024-04-01,137,NA,7,11,NA,8
2024-04-02,137,NA,7,11,NA,8
2024-04-03,137,NA,7,11,NA,8
2024-04-04,137,NA,7,11,NA,8
2024-04-05,137,NA,7,11,NA,8
2024-04-06,137,NA,7,11,NA,8
2024-04-07,137,NA,7,11,NA,8
2024-04-08,137,NA,7,11,NA,8
2024-04-09,137,NA,7,11,NA,8
2024-04-10,137,NA,7,11,NA,8
2024-04-11,137,NA,7,11,NA,8
2024-04-12,137,NA,7,11,NA,8
2024-04-13,137,NA,7,11,NA,8
2024-04-14,137,NA,7,11,NA,8
2024-04-15,137,NA,7,11,NA,8
2024-04-16,137,NA,7,11,NA,8
2024-04-17,137,NA,7,11,NA,8
2024-04-18,137,NA,7,11,NA,8
2024-04-19,137,NA,7,11,NA,8
2024-04-20,137,NA,7,11,NA,8
2024-04-21,137,NA,7,11,NA,8
2024-04-22,137,NA,7,11,NA,8
2024-04-23,137,NA,7,11,NA,8
2024-04-24,137,NA,7,11,NA,8
2024-04-25,137,NA,7,11,NA,8
2024-04-26,137,NA,7,11,NA,8
2024-04-27,137,NA,7,11,NA,8
2024-04-28,137,NA,7,11,NA,8
2024-04-29,137,NA,7,11,NA,8
2024-04-30,137,NA,7,11,NA,8
2024-05-01,137,NA,7,11,NA,8
2024-05-02,137,NA,7,11,NA,8
2024-05-03,137,NA,7,11,NA,8
2024-05-04,137,NA,7,11,NA,8
2024-05-05,137,NA,7,11,NA,8
2024-05-06,137,NA,7,11,NA,8
2024-05-07,137,NA,7,11,NA,8
2024-05-08,137,NA,7,11,NA,8
2024-05-09,137,NA,7,11,NA,8
2024-05-10,137,NA,7,11,NA,8
2024-05-11,137,NA,7,11,NA,8
2024-05-12,137,NA,7,11,NA,8
2024-05-13,137,NA,7,11,NA,8
2024-05-14,137,NA,7,11,NA,8
2024-05-15,137,NA,7,11,NA,8
2024-05-16,137,NA,7,11,NA,8
2024-05-17,137,NA,7,11,NA,8
2024-05-18,137,NA,7,11,NA,8
2024-05-19,137,NA,7,11,NA,8
2024-05-20,137,NA,7,11,NA,8
2024-05-21,137,NA,7,11,NA,8
2024-05-22,137,NA,7,11,NA,8
2024-05-23,137,NA,7,11,NA,8
2024-05-24,137,NA,7,11,NA,8
2024-05-25,137,NA,7,11,NA,8
2024-05-26,137,NA,7,11,NA,8
2024-05-27,137,NA,7,11,NA,8
2024-05-28,137,NA,7,11,NA,8
2024-05-29,137,NA,7,11,NA,8
2024-05-30,137,NA,7,11,NA,8
2024-05-31,137,NA,7,11,NA,8
2024-06-01,137,NA,7,11,NA,8
2024-06-02,137,NA,7,11,NA,8
2024-06-03,137,NA,7,11,NA,8
2024-06-04,137,NA,7,11,NA,8
2024-06-05,137,NA,7,11,NA,8
2024-06-06,137,NA,7,11,NA,8
2024-06-07,137,NA,7,11,NA,8
2024-06-08,137,NA,7,11,NA,8
2024-06-09,137,NA,7,11,NA,8
2024-06-10,137,NA,7,11,NA,8
2024-06-11,137,NA,7,11,NA,8
2024-06-12,137,NA,7,11,NA,8
2024-06-13,137,NA,7,11,NA,8
2024-06-14,137,NA,7,11,NA,8
2024-06-15,137,NA,7,11,NA,8
2024-06-16,137,NA,7,11,NA,8
2024-06-17,137,NA,7,11,NA,8
2024-06-18,137,NA,7,11,NA,8
2024-06-19,137,NA,7,11,NA,8
2024-06-20,137,NA,7,11,NA,8
2024-06-21,137,NA,7,11,NA,8
2024-06-22,137,NA,7,11,NA,8
2024-06-23,137,NA,7,11,NA,8
2024-06-24,137,NA,7,11,NA,8
2024-06-25,137,NA,7,11,NA,8
2024-06-26,137,NA,7,11,NA,8
2024-06-27,137,NA,7,11,NA,8
2024-06-28,137,NA,7,11,NA,8
2024-06-29,137,NA,7,11,NA,8
2024-06-30,137,NA,7,11,NA,8
2024-07-01,137,NA,7,11,NA,8
2024-07-02,137,NA,7,11,NA,8
2024-07-03,137,NA,7,11,NA,8
2024-07-04,137,NA,7,11,NA,8
2024-07-05,137,NA,7,11,NA,8
2024-07-06,137,NA,7,11,NA,8
2024-07-07,137,NA,7,11,NA,8
2024-07-08,137,NA,7,11,NA,8
2024-07-09,137,NA,7,11,NA,8
2024-07-10,137,NA,7,11,NA,8
2024-07-11,137,NA,7,11,NA,8
2024-07-12,137,NA,7,11,NA,8
2024-07-13,137,NA,7,11,NA,8
2024-07-14,137,NA,7,11,NA,8
2024-07-15,137,NA,7,11,NA,8
2024-07-16,137,NA,7,11,NA,8
2024-07-17,137,NA,7,11,NA,8
2024-07-18,137,NA,7,11,NA,8
2024-07-19,137,NA,7,11,NA,8
2024-07-20,137,NA,7,11,NA,8
2024-07-21,137,NA,7,11,NA,8
2024-07-22,137,NA,7,11,NA,8
2024-07-23,137,NA,7,11,NA,8
2024-07-24,137,NA,7,11,NA,8
2024-07-25,137,NA,7,11,NA,8
2024-07-26,137,NA,7,11,NA,8
2024-07-27,137,NA,7,11,NA,8
2024-07-28,137,NA,7,11,NA,8
2024-07-29,137,NA,7,11,NA,8
2024-07-30,137,NA,7,11,NA,8
2024-07-31,137,NA,7,11,NA,8
2024-08-01,137,NA,7,11,NA,8
2024-08-02,137,NA,7,11,NA,8
2024-08-03,137,NA,7,11,NA,8
2024-08-04,137,NA,7,11,NA,8
2024-08-05,137,NA,7,11,NA,8
2024-08-06,137,NA,7,11,NA,8
2024-08-07,137,NA,7,11,NA,8
2024-08-08,137,NA,7,11,NA,8
2024-08-09,137,NA,7,11,NA,8
2024-08-10,137,NA,7,11,NA,8
2024-08-11,137,NA,7,11,NA,8
2024-08-12,137,NA,7,11,NA,8
2024-08-13,137,NA,7,11,NA,8
2024-08-14,137,NA,7,11,NA,8
2024-08-15,137,NA,7,11,NA,8
