"day","confirmed_cases","active_cases","active_cases_de_jure","confirmed_cases_cumulative","recovered_cases_cumulative","dead_cases_cumulative","recovered_cases_de_jure_cumulative","deaths_1_daily","deaths_2_daily","deaths_3_daily","deaths_population_daily","tests_positive","tests_total","tests_mobile","tests_pcr","tests_ag","tests_ab","tests_pcr_positive","tests_ag_positive","tests_ab_positive","cumulative_tests","deaths_1","deaths_2","deaths_3"
2020-03-20,0,0,0,0,0,0,0,0,0,0,0,0,0,0,0,0,0,0,0,0,0,0,0,0
2020-03-21,0,0,0,0,0,0,0,0,0,0,1,0,0,0,0,0,0,0,0,0,0,0,0,0
2020-03-22,0,0,0,0,0,0,0,0,0,0,2,0,0,0,0,0,0,0,0,0,0,0,0,0
2020-03-23,0,0,0,0,0,0,0,0,0,0,1,0,0,0,0,0,0,0,0,0,0,0,0,0
2020-03-24,0,0,0,0,0,0,0,0,0,0,1,0,0,0,0,0,0,0,0,0,0,0,0,0
2020-03-25,0,0,0,0,0,0,0,0,0,0,2,0,0,0,0,0,0,0,0,0,0,0,0,0
2020-03-26,0,0,0,0,0,0,0,0,0,0,1,0,0,0,0,0,0,0,0,0,0,0,0,0
2020-03-27,0,0,0,0,0,0,0,0,0,0,0,0,0,0,0,0,0,0,0,0,0,0,0,0
2020-03-28,0,0,0,0,0,0,0,0,0,0,1,0,0,0,0,0,0,0,0,0,0,0,0,0
2020-03-29,0,0,0,0,0,0,0,0,0,0,0,0,0,0,0,0,0,0,0,0,0,0,0,0
2020-03-30,0,0,0,0,0,0,0,0,0,0,0,0,0,0,0,0,0,0,0,0,0,0,0,0
2020-03-31,0,0,0,0,0,0,0,0,0,0,2,0,0,0,0,0,0,0,0,0,0,0,0,0
2020-04-01,0,0,0,0,0,0,0,0,0,0,1,0,0,0,0,0,0,0,0,0,0,0,0,0
2020-04-02,0,0,0,0,0,0,0,0,0,0,1,0,0,0,0,0,0,0,0,0,0,0,0,0
2020-04-03,0,0,0,0,0,0,0,0,0,0,0,0,0,0,0,0,0,0,0,0,0,0,0,0
2020-04-04,0,0,0,0,0,0,0,0,0,0,1,0,0,0,0,0,0,0,0,0,0,0,0,0
2020-04-05,0,0,0,0,0,0,0,0,0,0,0,0,0,0,0,0,0,0,0,0,0,0,0,0
2020-04-06,0,0,0,0,0,0,0,0,0,0,2,0,0,0,0,0,0,0,0,0,0,0,0,0
2020-04-07,0,0,0,0,0,0,0,0,0,0,0,0,0,0,0,0,0,0,0,0,0,0,0,0
2020-04-08,0,0,0,0,0,0,0,0,0,0,0,0,0,0,0,0,0,0,0,0,0,0,0,0
2020-04-09,0,0,0,0,0,0,0,0,0,0,1,0,0,0,0,0,0,0,0,0,0,0,0,0
2020-04-10,0,0,0,0,0,0,0,0,0,0,0,0,0,0,0,0,0,0,0,0,0,0,0,0
2020-04-11,0,0,0,0,0,0,0,0,0,0,1,0,0,0,0,0,0,0,0,0,0,0,0,0
2020-04-12,0,0,0,0,0,0,0,0,0,0,0,0,0,0,0,0,0,0,0,0,0,0,0,0
2020-04-13,0,0,0,0,0,0,0,0,0,0,0,0,0,0,0,0,0,0,0,0,0,0,0,0
2020-04-14,0,0,0,0,0,0,0,0,0,0,0,0,0,0,0,0,0,0,0,0,0,0,0,0
2020-04-15,0,0,0,0,0,0,0,0,0,0,0,0,0,0,0,0,0,0,0,0,0,0,0,0
2020-04-16,0,0,0,0,0,0,0,0,0,0,1,0,0,0,0,0,0,0,0,0,0,0,0,0
2020-04-17,0,0,0,0,0,0,0,0,0,0,0,0,0,0,0,0,0,0,0,0,0,0,0,0
2020-04-18,0,0,0,0,0,0,0,0,0,0,0,0,0,0,0,0,0,0,0,0,0,0,0,0
2020-04-19,0,0,0,0,0,0,0,0,0,0,0,0,0,0,0,0,0,0,0,0,0,0,0,0
2020-04-20,0,0,0,0,0,0,0,0,0,0,1,0,0,0,0,0,0,0,0,0,0,0,0,0
2020-04-21,0,0,0,0,0,0,0,0,0,0,0,0,0,0,0,0,0,0,0,0,0,0,0,0
2020-04-22,0,0,0,0,0,0,0,0,0,0,0,0,0,0,0,0,0,0,0,0,0,0,0,0
2020-04-23,0,0,0,0,0,0,0,0,0,0,0,0,0,0,0,0,0,0,0,0,0,0,0,0
2020-04-24,0,0,0,0,0,0,0,0,0,0,2,0,0,0,0,0,0,0,0,0,0,0,0,0
2020-04-25,0,0,0,0,0,0,0,0,0,0,1,0,0,0,0,0,0,0,0,0,0,0,0,0
2020-04-26,0,0,0,0,0,0,0,0,0,0,0,0,0,0,0,0,0,0,0,0,0,0,0,0
2020-04-27,0,0,0,0,0,0,0,0,0,0,0,0,0,0,0,0,0,0,0,0,0,0,0,0
2020-04-28,0,0,0,0,0,0,0,0,0,0,1,0,0,0,0,0,0,0,0,0,0,0,0,0
2020-04-29,0,0,0,0,0,0,0,0,0,0,0,0,0,0,0,0,0,0,0,0,0,0,0,0
2020-04-30,0,0,0,0,0,0,0,0,0,0,0,0,0,0,0,0,0,0,0,0,0,0,0,0
2020-05-01,0,0,0,0,0,0,0,0,0,0,0,0,0,0,0,0,0,0,0,0,0,0,0,0
2020-05-02,0,0,0,0,0,0,0,0,0,0,1,0,0,0,0,0,0,0,0,0,0,0,0,0
2020-05-03,0,0,0,0,0,0,0,0,0,0,2,0,0,0,0,0,0,0,0,0,0,0,0,0
2020-05-04,0,0,0,0,0,0,0,0,0,0,0,0,0,0,0,0,0,0,0,0,0,0,0,0
2020-05-05,0,0,0,0,0,0,0,0,0,0,0,0,0,0,0,0,0,0,0,0,0,0,0,0
2020-05-06,0,0,0,0,0,0,0,0,0,0,0,0,0,0,0,0,0,0,0,0,0,0,0,0
2020-05-07,0,0,0,0,0,0,0,0,0,0,1,0,0,0,0,0,0,0,0,0,0,0,0,0
2020-05-08,0,0,0,0,0,0,0,0,0,0,1,0,0,0,0,0,0,0,0,0,0,0,0,0
2020-05-09,0,0,0,0,0,0,0,0,0,0,1,0,0,0,0,0,0,0,0,0,0,0,0,0
2020-05-10,0,0,0,0,0,0,0,0,0,0,0,0,0,0,0,0,0,0,0,0,0,0,0,0
2020-05-11,0,0,0,0,0,0,0,0,0,0,0,0,0,0,0,0,0,0,0,0,0,0,0,0
2020-05-12,0,0,0,0,0,0,0,0,0,0,0,0,0,0,0,0,0,0,0,0,0,0,0,0
2020-05-13,0,0,0,0,0,0,0,0,0,0,0,0,0,0,0,0,0,0,0,0,0,0,0,0
2020-05-14,0,0,0,0,0,0,0,0,0,0,0,0,0,0,0,0,0,0,0,0,0,0,0,0
2020-05-15,0,0,0,0,0,0,0,0,0,0,0,0,0,0,0,0,0,0,0,0,0,0,0,0
2020-05-16,0,0,0,0,0,0,0,0,0,0,2,0,0,0,0,0,0,0,0,0,0,0,0,0
2020-05-17,0,0,0,0,0,0,0,0,0,0,0,0,0,0,0,0,0,0,0,0,0,0,0,0
2020-05-18,0,0,0,0,0,0,0,0,0,0,0,0,0,0,0,0,0,0,0,0,0,0,0,0
2020-05-19,0,0,0,0,0,0,0,0,0,0,0,0,0,0,0,0,0,0,0,0,0,0,0,0
2020-05-20,0,0,0,0,0,0,0,0,0,0,0,0,0,0,0,0,0,0,0,0,0,0,0,0
2020-05-21,0,0,0,0,0,0,0,0,0,0,1,0,0,0,0,0,0,0,0,0,0,0,0,0
2020-05-22,0,0,0,0,0,0,0,0,0,0,1,0,0,0,0,0,0,0,0,0,0,0,0,0
2020-05-23,0,0,0,0,0,0,0,0,0,0,2,0,0,0,0,0,0,0,0,0,0,0,0,0
2020-05-24,0,0,0,0,0,0,0,0,0,0,0,0,0,0,0,0,0,0,0,0,0,0,0,0
2020-05-25,0,0,0,0,0,0,0,0,0,0,0,0,0,0,0,0,0,0,0,0,0,0,0,0
2020-05-26,0,0,0,0,0,0,0,0,0,0,1,0,0,0,0,0,0,0,0,0,0,0,0,0
2020-05-27,0,0,0,0,0,0,0,0,0,0,0,0,0,0,0,0,0,0,0,0,0,0,0,0
2020-05-28,0,0,0,0,0,0,0,0,0,0,0,0,0,0,0,0,0,0,0,0,0,0,0,0
2020-05-29,0,0,0,0,0,0,0,0,0,0,0,0,0,0,0,0,0,0,0,0,0,0,0,0
2020-05-30,0,0,0,0,0,0,0,0,0,0,0,0,0,0,0,0,0,0,0,0,0,0,0,0
2020-05-31,0,0,0,0,0,0,0,0,0,0,0,0,0,0,0,0,0,0,0,0,0,0,0,0
2020-06-01,0,0,0,0,0,0,0,0,0,0,1,0,0,0,0,0,0,0,0,0,0,0,0,0
2020-06-02,0,0,0,0,0,0,0,0,0,0,0,0,0,0,0,0,0,0,0,0,0,0,0,0
2020-06-03,0,0,0,0,0,0,0,0,0,0,2,0,0,0,0,0,0,0,0,0,0,0,0,0
2020-06-04,0,0,0,0,0,0,0,0,0,0,0,0,0,0,0,0,0,0,0,0,0,0,0,0
2020-06-05,0,0,0,0,0,0,0,0,0,0,1,0,0,0,0,0,0,0,0,0,0,0,0,0
2020-06-06,0,0,0,0,0,0,0,0,0,0,0,0,0,0,0,0,0,0,0,0,0,0,0,0
2020-06-07,0,0,0,0,0,0,0,0,0,0,1,0,0,0,0,0,0,0,0,0,0,0,0,0
2020-06-08,0,0,0,0,0,0,0,0,0,0,1,0,0,0,0,0,0,0,0,0,0,0,0,0
2020-06-09,0,0,0,0,0,0,0,0,0,0,0,0,0,0,0,0,0,0,0,0,0,0,0,0
2020-06-10,0,0,0,0,0,0,0,0,0,0,1,0,0,0,0,0,0,0,0,0,0,0,0,0
2020-06-11,0,0,0,0,0,0,0,0,0,0,0,0,0,0,0,0,0,0,0,0,0,0,0,0
2020-06-12,0,0,0,0,0,0,0,0,0,0,0,0,0,0,0,0,0,0,0,0,0,0,0,0
2020-06-13,0,0,0,0,0,0,0,0,0,0,0,0,0,0,0,0,0,0,0,0,0,0,0,0
2020-06-14,0,0,0,0,0,0,0,0,0,0,0,0,0,0,0,0,0,0,0,0,0,0,0,0
2020-06-15,0,0,0,0,0,0,0,0,0,0,2,0,0,0,0,0,0,0,0,0,0,0,0,0
2020-06-16,0,0,0,0,0,0,0,0,0,0,0,0,0,0,0,0,0,0,0,0,0,0,0,0
2020-06-17,0,0,0,0,0,0,0,0,0,0,2,0,0,0,0,0,0,0,0,0,0,0,0,0
2020-06-18,0,0,0,0,0,0,0,0,0,0,0,0,0,0,0,0,0,0,0,0,0,0,0,0
2020-06-19,0,0,0,0,0,0,0,0,0,0,1,0,0,0,0,0,0,0,0,0,0,0,0,0
2020-06-20,0,0,0,0,0,0,0,0,0,0,0,0,0,0,0,0,0,0,0,0,0,0,0,0
2020-06-21,0,0,0,0,0,0,0,0,0,0,0,0,0,0,0,0,0,0,0,0,0,0,0,0
2020-06-22,0,0,0,0,0,0,0,0,0,0,1,0,0,0,0,0,0,0,0,0,0,0,0,0
2020-06-23,0,0,0,0,0,0,0,0,0,0,0,0,0,0,0,0,0,0,0,0,0,0,0,0
2020-06-24,0,0,0,0,0,0,0,0,0,0,2,0,0,0,0,0,0,0,0,0,0,0,0,0
2020-06-25,0,0,0,0,0,0,0,0,0,0,0,0,0,0,0,0,0,0,0,0,0,0,0,0
2020-06-26,0,0,0,0,0,0,0,0,0,0,2,0,0,0,0,0,0,0,0,0,0,0,0,0
2020-06-27,0,0,0,0,0,0,0,0,0,0,0,0,0,0,0,0,0,0,0,0,0,0,0,0
2020-06-28,0,0,0,0,0,0,0,0,0,0,2,0,0,0,0,0,0,0,0,0,0,0,0,0
2020-06-29,0,0,0,0,0,0,0,0,0,0,2,0,0,0,0,0,0,0,0,0,0,0,0,0
2020-06-30,0,0,0,0,0,0,0,0,0,0,0,0,0,0,0,0,0,0,0,0,0,0,0,0
2020-07-01,0,0,0,0,0,0,0,0,0,0,0,0,0,0,0,0,0,0,0,0,0,0,0,0
2020-07-02,0,0,0,0,0,0,0,0,0,0,0,0,0,0,0,0,0,0,0,0,0,0,0,0
2020-07-03,0,0,0,0,0,0,0,0,0,0,0,0,0,0,0,0,0,0,0,0,0,0,0,0
2020-07-04,0,0,0,0,0,0,0,0,0,0,1,0,0,0,0,0,0,0,0,0,0,0,0,0
2020-07-05,0,0,0,0,0,0,0,0,0,0,0,0,0,0,0,0,0,0,0,0,0,0,0,0
2020-07-06,0,0,0,0,0,0,0,0,0,0,0,0,0,0,0,0,0,0,0,0,0,0,0,0
2020-07-07,0,0,0,0,0,0,0,0,0,0,0,0,0,0,0,0,0,0,0,0,0,0,0,0
2020-07-08,0,0,0,0,0,0,0,0,0,0,0,0,0,0,0,0,0,0,0,0,0,0,0,0
2020-07-09,0,0,0,0,0,0,0,0,0,0,0,0,0,0,0,0,0,0,0,0,0,0,0,0
2020-07-10,0,0,0,0,0,0,0,0,0,0,1,0,0,0,0,0,0,0,0,0,0,0,0,0
2020-07-11,0,0,0,0,0,0,0,0,0,0,1,0,0,0,0,0,0,0,0,0,0,0,0,0
2020-07-12,0,0,0,0,0,0,0,0,0,0,1,0,0,0,0,0,0,0,0,0,0,0,0,0
2020-07-13,0,0,0,0,0,0,0,0,0,0,0,0,0,0,0,0,0,0,0,0,0,0,0,0
2020-07-14,0,0,0,0,0,0,0,0,0,0,1,0,0,0,0,0,0,0,0,0,0,0,0,0
2020-07-15,0,0,0,0,0,0,0,0,0,0,0,0,0,0,0,0,0,0,0,0,0,0,0,0
2020-07-16,0,0,0,0,0,0,0,0,0,0,0,0,0,0,0,0,0,0,0,0,0,0,0,0
2020-07-17,0,0,0,0,0,0,0,0,0,0,2,0,0,0,0,0,0,0,0,0,0,0,0,0
2020-07-18,0,0,0,0,0,0,0,0,0,0,1,0,0,0,0,0,0,0,0,0,0,0,0,0
2020-07-19,0,0,0,0,0,0,0,0,0,0,0,0,0,0,0,0,0,0,0,0,0,0,0,0
2020-07-20,0,0,0,0,0,0,0,0,0,0,0,0,0,0,0,0,0,0,0,0,0,0,0,0
2020-07-21,0,0,0,0,0,0,0,0,0,0,0,0,0,0,0,0,0,0,0,0,0,0,0,0
2020-07-22,0,0,0,0,0,0,0,0,0,0,1,0,0,0,0,0,0,0,0,0,0,0,0,0
2020-07-23,0,0,0,0,0,0,0,0,0,0,0,0,0,0,0,0,0,0,0,0,0,0,0,0
2020-07-24,0,0,0,0,0,0,0,0,0,0,0,0,0,0,0,0,0,0,0,0,0,0,0,0
2020-07-25,0,0,0,0,0,0,0,0,0,0,0,0,0,0,0,0,0,0,0,0,0,0,0,0
2020-07-26,0,0,0,0,0,0,0,0,0,0,0,0,0,0,0,0,0,0,0,0,0,0,0,0
2020-07-27,0,0,0,0,0,0,0,0,0,0,0,0,0,0,0,0,0,0,0,0,0,0,0,0
2020-07-28,0,0,0,0,0,0,0,0,0,0,2,0,0,0,0,0,0,0,0,0,0,0,0,0
2020-07-29,0,0,0,0,0,0,0,0,0,0,1,0,0,0,0,0,0,0,0,0,0,0,0,0
2020-07-30,0,0,0,0,0,0,0,0,0,0,0,0,0,0,0,0,0,0,0,0,0,0,0,0
2020-07-31,0,0,0,0,0,0,0,0,0,0,0,0,0,0,0,0,0,0,0,0,0,0,0,0
2020-08-01,0,0,0,0,0,0,0,0,0,0,0,0,0,0,0,0,0,0,0,0,0,0,0,0
2020-08-02,0,0,0,0,0,0,0,0,0,0,1,0,0,0,0,0,0,0,0,0,0,0,0,0
2020-08-03,0,0,0,0,0,0,0,0,0,0,1,0,0,0,0,0,0,0,0,0,0,0,0,0
2020-08-04,0,0,0,0,0,0,0,0,0,0,1,0,0,0,0,0,0,0,0,0,0,0,0,0
2020-08-05,0,0,0,0,0,0,0,0,0,0,0,0,0,0,0,0,0,0,0,0,0,0,0,0
2020-08-06,0,0,0,0,0,0,0,0,0,0,0,0,0,0,0,0,0,0,0,0,0,0,0,0
2020-08-07,0,0,0,0,0,0,0,0,0,0,0,0,0,0,0,0,0,0,0,0,0,0,0,0
2020-08-08,0,0,0,0,0,0,0,0,0,0,1,0,0,0,0,0,0,0,0,0,0,0,0,0
2020-08-09,0,0,0,0,0,0,0,0,0,0,0,0,0,0,0,0,0,0,0,0,0,0,0,0
2020-08-10,0,0,0,0,0,0,0,0,0,0,0,0,0,0,0,0,0,0,0,0,0,0,0,0
2020-08-11,0,0,0,0,0,0,0,0,0,0,1,0,0,0,0,0,0,0,0,0,0,0,0,0
2020-08-12,0,0,0,0,0,0,0,0,0,0,0,0,0,0,0,0,0,0,0,0,0,0,0,0
2020-08-13,0,0,0,0,0,0,0,0,0,0,0,0,0,0,0,0,0,0,0,0,0,0,0,0
2020-08-14,0,0,0,0,0,0,0,0,0,0,2,0,0,0,0,0,0,0,0,0,0,0,0,0
2020-08-15,0,0,0,0,0,0,0,0,0,0,1,0,0,0,0,0,0,0,0,0,0,0,0,0
2020-08-16,0,0,0,0,0,0,0,0,0,0,1,0,0,0,0,0,0,0,0,0,0,0,0,0
2020-08-17,0,0,0,0,0,0,0,0,0,0,1,0,0,0,0,0,0,0,0,0,0,0,0,0
2020-08-18,0,0,0,0,0,0,0,0,0,0,1,0,0,0,0,0,0,0,0,0,0,0,0,0
2020-08-19,0,0,0,0,0,0,0,0,0,0,2,0,0,0,0,0,0,0,0,0,0,0,0,0
2020-08-20,0,0,0,0,0,0,0,0,0,0,1,0,0,0,0,0,0,0,0,0,0,0,0,0
2020-08-21,0,0,0,0,0,0,0,0,0,0,1,0,0,0,0,0,0,0,0,0,0,0,0,0
2020-08-22,0,0,0,0,0,0,0,0,0,0,0,0,0,0,0,0,0,0,0,0,0,0,0,0
2020-08-23,0,0,0,0,0,0,0,0,0,0,0,0,0,0,0,0,0,0,0,0,0,0,0,0
2020-08-24,0,0,0,0,0,0,0,0,0,0,2,0,0,0,0,0,0,0,0,0,0,0,0,0
2020-08-25,0,0,0,0,0,0,0,0,0,0,0,0,0,0,0,0,0,0,0,0,0,0,0,0
2020-08-26,0,0,0,0,0,0,0,0,0,0,0,0,0,0,0,0,0,0,0,0,0,0,0,0
2020-08-27,0,0,0,0,0,0,0,0,0,0,0,0,0,0,0,0,0,0,0,0,0,0,0,0
2020-08-28,0,0,0,0,0,0,0,0,0,0,1,0,0,0,0,0,0,0,0,0,0,0,0,0
2020-08-29,0,0,0,0,0,0,0,0,0,0,0,0,0,0,0,0,0,0,0,0,0,0,0,0
2020-08-30,0,0,0,0,0,0,0,0,0,0,2,0,0,0,0,0,0,0,0,0,0,0,0,0
2020-08-31,0,0,0,0,0,0,0,0,0,0,0,0,0,0,0,0,0,0,0,0,0,0,0,0
2020-09-01,0,0,0,0,0,0,0,0,0,0,0,0,0,0,0,0,0,0,0,0,0,0,0,0
2020-09-02,0,0,0,0,0,0,0,0,0,0,1,0,0,0,0,0,0,0,0,0,0,0,0,0
2020-09-03,0,0,0,0,0,0,0,0,0,0,1,0,0,0,0,0,0,0,0,0,0,0,0,0
2020-09-04,0,0,0,0,0,0,0,0,0,0,0,0,0,0,0,0,0,0,0,0,0,0,0,0
2020-09-05,0,0,0,0,0,0,0,0,0,0,1,0,0,0,0,0,0,0,0,0,0,0,0,0
2020-09-06,0,0,0,0,0,0,0,0,0,0,1,0,0,0,0,0,0,0,0,0,0,0,0,0
2020-09-07,0,0,0,0,0,0,0,0,0,0,1,0,0,0,0,0,0,0,0,0,0,0,0,0
2020-09-08,0,0,0,0,0,0,0,0,0,0,0,0,0,0,0,0,0,0,0,0,0,0,0,0
2020-09-09,0,0,0,0,0,0,0,0,0,0,1,0,0,0,0,0,0,0,0,0,0,0,0,0
2020-09-10,0,0,0,0,0,0,0,0,0,0,0,0,0,0,0,0,0,0,0,0,0,0,0,0
2020-09-11,0,0,0,0,0,0,0,0,0,0,1,0,0,0,0,0,0,0,0,0,0,0,0,0
2020-09-12,0,0,0,0,0,0,0,0,0,0,2,0,0,0,0,0,0,0,0,0,0,0,0,0
2020-09-13,0,0,0,0,0,0,0,0,0,0,0,0,0,0,0,0,0,0,0,0,0,0,0,0
2020-09-14,0,0,0,0,0,0,0,0,0,0,0,0,0,0,0,0,0,0,0,0,0,0,0,0
2020-09-15,0,0,0,0,0,0,0,0,0,0,0,0,0,0,0,0,0,0,0,0,0,0,0,0
2020-09-16,0,0,0,0,0,0,0,0,0,0,1,0,0,0,0,0,0,0,0,0,0,0,0,0
2020-09-17,0,0,0,0,0,0,0,0,0,0,1,0,0,0,0,0,0,0,0,0,0,0,0,0
2020-09-18,0,0,0,0,0,0,0,0,0,0,1,0,0,0,0,0,0,0,0,0,0,0,0,0
2020-09-19,0,0,0,0,0,0,0,0,0,0,2,0,0,0,0,0,0,0,0,0,0,0,0,0
2020-09-20,0,0,0,0,0,0,0,0,0,0,1,0,0,0,0,0,0,0,0,0,0,0,0,0
2020-09-21,0,0,0,0,0,0,0,0,0,0,0,0,0,0,0,0,0,0,0,0,0,0,0,0
2020-09-22,0,0,0,0,0,0,0,0,0,0,1,0,0,0,0,0,0,0,0,0,0,0,0,0
2020-09-23,0,0,0,0,0,0,0,0,0,0,0,0,0,0,0,0,0,0,0,0,0,0,0,0
2020-09-24,0,0,0,0,0,0,0,0,0,0,0,0,0,0,0,0,0,0,0,0,0,0,0,0
2020-09-25,0,0,0,0,0,0,0,0,0,0,0,0,0,0,0,0,0,0,0,0,0,0,0,0
2020-09-26,0,0,0,0,0,0,0,0,0,0,0,0,0,0,0,0,0,0,0,0,0,0,0,0
2020-09-27,0,0,0,0,0,0,0,0,0,0,1,0,0,0,0,0,0,0,0,0,0,0,0,0
2020-09-28,0,0,0,0,0,0,0,0,0,0,0,0,0,0,0,0,0,0,0,0,0,0,0,0
2020-09-29,0,0,0,0,0,0,0,0,0,0,0,0,0,0,0,0,0,0,0,0,0,0,0,0
2020-09-30,2,2,2,2,0,0,0,0,0,0,0,0,0,0,0,0,0,0,0,0,0,0,0,0
2020-10-01,0,2,2,2,0,0,0,0,0,0,1,0,0,0,0,0,0,0,0,0,0,0,0,0
2020-10-02,0,2,2,2,0,0,0,0,0,0,0,0,0,0,0,0,0,0,0,0,0,0,0,0
2020-10-03,0,2,2,2,0,0,0,0,0,0,0,0,0,0,0,0,0,0,0,0,0,0,0,0
2020-10-04,0,2,2,2,0,0,0,0,0,0,0,0,0,0,0,0,0,0,0,0,0,0,0,0
2020-10-05,0,2,2,2,0,0,0,0,0,0,1,0,0,0,0,0,0,0,0,0,0,0,0,0
2020-10-06,1,3,3,3,0,0,0,0,0,0,0,0,0,0,0,0,0,0,0,0,0,0,0,0
2020-10-07,0,3,3,3,0,0,0,0,0,0,0,0,0,0,0,0,0,0,0,0,0,0,0,0
2020-10-08,0,3,3,3,0,0,0,0,0,0,0,0,0,0,0,0,0,0,0,0,0,0,0,0
2020-10-09,0,3,3,3,0,0,0,0,0,0,1,0,0,0,0,0,0,0,0,0,0,0,0,0
2020-10-10,0,3,3,3,0,0,0,0,0,0,0,0,0,0,0,0,0,0,0,0,0,0,0,0
2020-10-11,0,3,3,3,0,0,0,0,0,0,0,0,0,0,0,0,0,0,0,0,0,0,0,0
2020-10-12,1,4,4,4,0,0,0,0,0,0,1,0,0,0,0,0,0,0,0,0,0,0,0,0
2020-10-13,1,5,5,5,0,0,0,0,0,0,0,0,0,0,0,0,0,0,0,0,0,0,0,0
2020-10-14,2,7,7,7,0,0,0,0,0,0,0,0,0,0,0,0,0,0,0,0,0,0,0,0
2020-10-15,1,8,8,8,0,0,0,0,0,0,0,0,0,0,0,0,0,0,0,0,0,0,0,0
2020-10-16,2,10,10,10,0,0,0,0,0,0,0,0,0,0,0,0,0,0,0,0,0,0,0,0
2020-10-17,0,10,10,10,0,0,0,0,0,0,1,0,0,0,0,0,0,0,0,0,0,0,0,0
2020-10-18,0,10,10,10,0,0,0,0,0,0,0,0,0,0,0,0,0,0,0,0,0,0,0,0
2020-10-19,2,12,12,12,0,0,0,0,0,0,0,0,0,0,0,0,0,0,0,0,0,0,0,0
2020-10-20,0,10,12,12,2,0,0,0,0,0,2,0,0,0,0,0,0,0,0,0,0,0,0,0
2020-10-21,1,11,13,13,2,0,0,0,0,0,1,0,0,0,0,0,0,0,0,0,0,0,0,0
2020-10-22,2,13,15,15,2,0,0,0,0,0,0,0,0,0,0,0,0,0,0,0,0,0,0,0
2020-10-23,1,14,16,16,2,0,0,0,0,0,1,0,0,0,0,0,0,0,0,0,0,0,0,0
2020-10-24,1,15,17,17,2,0,0,0,0,0,0,0,0,0,0,0,0,0,0,0,0,0,0,0
2020-10-25,0,15,17,17,2,0,0,0,0,0,2,0,0,0,0,0,0,0,0,0,0,0,0,0
2020-10-26,0,12,15,17,5,0,2,0,0,0,0,0,0,0,0,0,0,0,0,0,0,0,0,0
2020-10-27,4,16,19,21,5,0,2,0,0,0,1,0,0,0,0,0,0,0,0,0,0,0,0,0
2020-10-28,2,17,20,23,6,0,3,0,0,0,0,0,0,0,0,0,0,0,0,0,0,0,0,0
2020-10-29,1,18,21,24,6,0,3,0,0,0,0,0,0,0,0,0,0,0,0,0,0,0,0,0
2020-10-30,1,19,22,25,6,0,3,0,0,0,0,0,0,0,0,0,0,0,0,0,0,0,0,0
2020-10-31,0,19,22,25,6,0,3,0,0,0,1,0,0,0,0,0,0,0,0,0,0,0,0,0
2020-11-01,0,18,22,25,7,0,3,0,0,0,0,0,0,0,0,0,0,0,0,0,0,0,0,0
2020-11-02,0,17,22,25,8,0,3,0,0,0,0,0,0,0,0,0,0,0,0,0,0,0,0,0
2020-11-03,2,18,24,27,9,0,3,0,0,0,0,0,0,0,0,0,0,0,0,0,0,0,0,0
2020-11-04,6,23,30,33,10,0,3,0,0,0,0,0,0,0,0,0,0,0,0,0,0,0,0,0
2020-11-05,3,24,32,36,12,0,4,0,0,0,0,0,0,0,0,0,0,0,0,0,0,0,0,0
2020-11-06,1,25,33,37,12,0,4,0,0,0,3,0,0,0,0,0,0,0,0,0,0,0,0,0
2020-11-07,0,25,33,37,12,0,4,0,0,0,0,0,0,0,0,0,0,0,0,0,0,0,0,0
2020-11-08,0,23,33,37,14,0,4,0,0,0,0,0,0,0,0,0,0,0,0,0,0,0,0,0
2020-11-09,7,26,36,44,18,0,8,0,0,0,0,0,0,0,0,0,0,0,0,0,0,0,0,0
2020-11-10,7,28,38,51,23,0,13,0,0,0,0,0,0,0,0,0,0,0,0,0,0,0,0,0
2020-11-11,0,22,33,51,29,0,18,0,0,0,0,0,0,0,0,0,0,0,0,0,0,0,0,0
2020-11-12,2,18,30,53,35,0,23,0,0,0,0,0,0,0,0,0,0,0,0,0,0,0,0,0
2020-11-13,1,17,30,54,37,0,24,0,0,0,2,0,0,0,0,0,0,0,0,0,0,0,0,0
2020-11-14,0,17,30,54,37,0,24,0,0,0,0,0,0,0,0,0,0,0,0,0,0,0,0,0
2020-11-15,0,17,30,54,37,0,24,1,1,1,3,0,0,0,0,0,0,0,0,0,0,1,1,1
2020-11-16,1,13,30,55,42,0,25,0,0,0,0,0,0,0,0,0,0,0,0,0,0,1,1,1
2020-11-17,5,16,35,60,44,0,25,0,0,0,0,0,0,0,0,0,0,0,0,0,0,1,1,1
2020-11-18,5,20,40,65,45,0,25,0,0,0,0,0,0,0,0,0,0,0,0,0,0,1,1,1
2020-11-19,0,20,40,65,45,0,25,0,0,0,1,0,0,0,0,0,0,0,0,0,0,1,1,1
2020-11-20,0,19,39,65,46,0,26,0,0,0,1,0,0,0,0,0,0,0,0,0,0,1,1,1
2020-11-21,0,19,39,65,46,0,26,0,0,0,0,0,0,0,0,0,0,0,0,0,0,1,1,1
2020-11-22,0,19,39,65,46,0,26,0,0,0,0,0,0,0,0,0,0,0,0,0,0,1,1,1
2020-11-23,3,21,41,68,47,0,27,0,0,0,1,0,0,0,0,0,0,0,0,0,0,1,1,1
2020-11-24,1,19,40,69,50,0,29,0,0,0,1,0,0,0,0,0,0,0,0,0,0,1,1,1
2020-11-25,3,20,43,72,52,0,29,0,0,0,1,0,0,0,0,0,0,0,0,0,0,1,1,1
2020-11-26,0,19,43,72,53,0,29,0,0,0,0,0,0,0,0,0,0,0,0,0,0,1,1,1
2020-11-27,0,19,43,72,53,0,29,0,0,0,0,0,0,0,0,0,0,0,0,0,0,1,1,1
2020-11-28,0,19,43,72,53,0,29,0,0,0,0,0,0,0,0,0,0,0,0,0,0,1,1,1
2020-11-29,2,18,45,74,56,0,29,0,0,0,0,0,0,0,0,0,0,0,0,0,0,1,1,1
2020-11-30,1,19,46,75,56,0,29,0,0,0,0,0,0,0,0,0,0,0,0,0,0,1,1,1
2020-12-01,0,19,46,75,56,0,29,0,0,0,0,0,0,0,0,0,0,0,0,0,0,1,1,1
2020-12-02,1,18,46,76,58,0,30,0,0,0,0,0,0,0,0,0,0,0,0,0,0,1,1,1
2020-12-03,3,20,49,79,59,0,30,0,0,0,1,0,0,0,0,0,0,0,0,0,0,1,1,1
2020-12-04,2,22,51,81,59,0,30,0,0,0,1,0,0,0,0,0,0,0,0,0,0,1,1,1
2020-12-05,1,23,52,82,59,0,30,0,0,0,2,0,0,0,0,0,0,0,0,0,0,1,1,1
2020-12-06,0,23,52,82,59,0,30,0,0,0,0,0,0,0,0,0,0,0,0,0,0,1,1,1
2020-12-07,2,20,54,84,64,0,30,0,0,0,0,0,0,0,0,0,0,0,0,0,0,1,1,1
2020-12-08,2,19,56,86,67,0,30,0,0,0,1,0,0,0,0,0,0,0,0,0,0,1,1,1
2020-12-09,0,19,56,86,67,0,30,0,0,0,3,0,0,0,0,0,0,0,0,0,0,1,1,1
2020-12-10,2,21,58,88,67,0,30,0,0,0,0,0,0,0,0,0,0,0,0,0,0,1,1,1
2020-12-11,0,21,58,88,67,0,30,1,1,1,1,0,0,0,0,0,0,0,0,0,0,2,2,2
2020-12-12,1,22,59,89,67,0,30,0,0,0,0,0,0,0,0,0,0,0,0,0,0,2,2,2
2020-12-13,0,20,59,89,69,0,30,1,1,1,2,0,0,0,0,0,0,0,0,0,0,3,3,3
2020-12-14,1,20,60,90,70,0,30,0,0,0,0,0,0,0,0,0,0,0,0,0,0,3,3,3
2020-12-15,3,19,62,93,74,0,31,0,0,0,1,0,0,0,0,0,0,0,0,0,0,3,3,3
2020-12-16,1,20,63,94,74,0,31,0,0,0,0,0,0,0,0,0,0,0,0,0,0,3,3,3
2020-12-17,2,21,64,96,75,0,32,0,0,0,0,0,0,0,0,0,0,0,0,0,0,3,3,3
2020-12-18,2,22,65,98,76,0,33,0,0,0,0,0,0,0,0,0,0,0,0,0,0,3,3,3
2020-12-19,1,21,66,99,78,0,33,0,0,0,0,0,0,0,0,0,0,0,0,0,0,3,3,3
2020-12-20,0,20,66,99,79,0,33,0,0,0,0,0,0,0,0,0,0,0,0,0,0,3,3,3
2020-12-21,2,22,68,101,79,0,33,0,0,0,0,0,0,0,0,0,0,0,0,0,0,3,3,3
2020-12-22,1,23,69,102,79,0,33,0,0,0,2,0,0,0,0,0,0,0,0,0,0,3,3,3
2020-12-23,2,22,71,104,82,0,33,0,0,0,0,0,0,0,0,0,0,0,0,0,0,3,3,3
2020-12-24,0,21,71,104,83,0,33,0,0,0,0,0,0,0,0,0,0,0,0,0,0,3,3,3
2020-12-25,0,20,71,104,84,0,33,0,0,0,0,0,0,0,0,0,0,0,0,0,0,3,3,3
2020-12-26,0,20,71,104,84,0,33,0,0,0,0,0,0,0,0,0,0,0,0,0,0,3,3,3
2020-12-27,0,18,71,104,86,0,33,0,0,0,0,0,0,0,0,0,0,0,0,0,0,3,3,3
2020-12-28,4,19,74,108,89,0,34,0,0,0,0,0,0,0,0,0,0,0,0,0,0,3,3,3
2020-12-29,1,19,74,109,90,0,35,0,0,0,1,0,0,0,0,0,0,0,0,0,0,3,3,3
2020-12-30,1,18,75,110,92,0,35,0,0,0,1,0,0,0,0,0,0,0,0,0,0,3,3,3
2020-12-31,2,18,75,112,94,0,37,0,0,0,0,0,0,0,0,0,0,0,0,0,0,3,3,3
2021-01-01,0,17,75,112,95,0,37,0,0,0,1,0,0,0,0,0,0,0,0,0,0,3,3,3
2021-01-02,3,20,78,115,95,0,37,0,0,0,1,0,0,0,0,0,0,0,0,0,0,3,3,3
2021-01-03,5,25,83,120,95,0,37,0,0,0,1,0,0,0,0,0,0,0,0,0,0,3,3,3
2021-01-04,3,26,85,123,97,0,38,0,1,1,1,0,0,0,0,0,0,0,0,0,0,3,4,4
2021-01-05,0,24,84,123,99,0,39,0,0,0,0,0,0,0,0,0,0,0,0,0,0,3,4,4
2021-01-06,1,23,85,124,101,0,39,0,0,0,0,0,0,0,0,0,0,0,0,0,0,3,4,4
2021-01-07,0,20,84,124,104,0,40,0,0,0,1,0,0,0,0,0,0,0,0,0,0,3,4,4
2021-01-08,2,20,85,126,106,0,41,0,0,0,0,0,0,0,0,0,0,0,0,0,0,3,4,4
2021-01-09,1,21,86,127,106,0,41,0,0,0,0,0,0,0,0,0,0,0,0,0,0,3,4,4
2021-01-10,1,21,87,128,107,0,41,0,0,0,0,0,0,0,0,0,0,0,0,0,0,3,4,4
2021-01-11,2,22,88,130,108,0,42,0,0,0,0,0,0,0,0,0,0,0,0,0,0,3,4,4
2021-01-12,2,22,90,132,110,0,42,0,0,0,1,0,0,0,0,0,0,0,0,0,0,3,4,4
2021-01-13,1,23,91,133,110,0,42,0,0,0,1,0,0,0,0,0,0,0,0,0,0,3,4,4
2021-01-14,3,26,94,136,110,0,42,0,0,0,0,0,0,0,0,0,0,0,0,0,0,3,4,4
2021-01-15,8,34,102,144,110,0,42,0,0,0,1,0,0,0,0,0,0,0,0,0,0,3,4,4
2021-01-16,0,34,102,144,110,0,42,0,0,0,1,0,0,0,0,0,0,0,0,0,0,3,4,4
2021-01-17,0,32,102,144,112,0,42,0,0,0,0,0,0,0,0,0,0,0,0,0,0,3,4,4
2021-01-18,1,30,101,145,115,0,44,0,0,0,1,0,0,0,0,0,0,0,0,0,0,3,4,4
2021-01-19,0,28,100,145,117,0,45,0,0,0,0,0,0,0,0,0,0,0,0,0,0,3,4,4
2021-01-20,2,26,100,147,121,0,47,1,1,1,1,0,0,0,0,0,0,0,0,0,0,4,5,5
2021-01-21,3,29,103,150,121,0,47,0,0,0,2,0,0,0,0,0,0,0,0,0,0,4,5,5
2021-01-22,0,22,99,150,128,0,51,0,0,0,0,0,0,0,0,0,0,0,0,0,0,4,5,5
2021-01-23,0,18,99,150,132,0,51,0,0,0,0,0,0,0,0,0,0,0,0,0,0,4,5,5
2021-01-24,0,16,99,150,134,0,51,0,0,0,2,0,0,0,0,0,0,0,0,0,0,4,5,5
2021-01-25,1,17,100,151,134,0,51,0,0,0,1,0,0,0,0,0,0,0,0,0,0,4,5,5
2021-01-26,1,17,100,152,135,0,52,0,0,0,0,0,0,0,0,0,0,0,0,0,0,4,5,5
2021-01-27,3,20,103,155,135,0,52,0,0,0,0,0,0,0,0,0,0,0,0,0,0,4,5,5
2021-01-28,0,18,102,155,137,0,53,0,0,0,0,0,0,0,0,0,0,0,0,0,0,4,5,5
2021-01-29,0,17,102,155,138,0,53,0,0,0,0,0,0,0,0,0,0,0,0,0,0,4,5,5
2021-01-30,0,16,102,155,139,0,53,0,0,0,0,0,0,0,0,0,0,0,0,0,0,4,5,5
2021-01-31,0,15,102,155,140,0,53,0,0,0,1,0,0,0,0,0,0,0,0,0,0,4,5,5
2021-02-01,1,16,103,156,140,0,53,0,0,0,1,0,0,0,0,0,0,0,0,0,0,4,5,5
2021-02-02,2,18,105,158,140,0,53,0,0,0,0,0,0,0,0,0,0,0,0,0,0,4,5,5
2021-02-03,2,17,105,160,143,0,55,0,0,0,0,0,0,0,0,0,0,0,0,0,0,4,5,5
2021-02-04,1,11,105,161,150,0,56,0,0,0,1,0,0,0,0,0,0,0,0,0,0,4,5,5
2021-02-05,0,11,104,161,150,0,57,0,0,0,0,0,0,0,0,0,0,0,0,0,0,4,5,5
2021-02-06,0,11,104,161,150,0,57,0,0,0,0,0,0,0,0,0,0,0,0,0,0,4,5,5
2021-02-07,0,11,104,161,150,0,57,0,0,0,0,0,0,0,0,0,0,0,0,0,0,4,5,5
2021-02-08,1,11,104,162,151,0,58,0,1,1,1,0,0,0,0,0,0,0,0,0,0,4,6,6
2021-02-09,0,10,104,162,152,0,58,0,0,0,1,0,0,0,0,0,0,0,0,0,0,4,6,6
2021-02-10,2,10,106,164,154,0,58,0,0,0,0,0,0,0,0,0,0,0,0,0,0,4,6,6
2021-02-11,0,9,105,164,155,0,59,0,0,0,1,0,0,0,0,0,0,0,0,0,0,4,6,6
2021-02-12,0,9,105,164,155,0,59,0,0,0,0,0,0,0,0,0,0,0,0,0,0,4,6,6
2021-02-13,0,9,105,164,155,0,59,0,0,0,0,0,0,0,0,0,0,0,0,0,0,4,6,6
2021-02-14,0,8,105,164,156,0,59,0,0,0,0,0,0,0,0,0,0,0,0,0,0,4,6,6
2021-02-15,1,8,106,165,157,0,59,0,0,0,0,0,0,0,0,0,0,0,0,0,0,4,6,6
2021-02-16,0,8,106,165,157,0,59,0,0,0,0,0,0,0,0,0,0,0,0,0,0,4,6,6
2021-02-17,1,9,107,166,157,0,59,0,0,0,0,0,0,0,0,0,0,0,0,0,0,4,6,6
2021-02-18,1,10,108,167,157,0,59,0,0,0,1,0,0,0,0,0,0,0,0,0,0,4,6,6
2021-02-19,1,11,109,168,157,0,59,0,0,0,1,0,0,0,0,0,0,0,0,0,0,4,6,6
2021-02-20,0,11,109,168,157,0,59,0,0,0,1,0,0,0,0,0,0,0,0,0,0,4,6,6
2021-02-21,0,11,109,168,157,0,59,0,0,0,1,0,0,0,0,0,0,0,0,0,0,4,6,6
2021-02-22,1,10,110,169,159,0,59,0,0,0,0,0,0,0,0,0,0,0,0,0,0,4,6,6
2021-02-23,0,9,110,169,160,0,59,0,0,0,0,0,0,0,0,0,0,0,0,0,0,4,6,6
2021-02-24,0,8,110,169,161,0,59,0,0,0,0,0,0,0,0,0,0,0,0,0,0,4,6,6
2021-02-25,0,7,109,169,162,0,60,0,0,0,0,0,0,0,0,0,0,0,0,0,0,4,6,6
2021-02-26,2,9,111,171,162,0,60,0,0,0,0,0,0,0,0,0,0,0,0,0,0,4,6,6
2021-02-27,1,10,112,172,162,0,60,0,0,0,1,0,0,0,0,0,0,0,0,0,0,4,6,6
2021-02-28,0,9,112,172,163,0,60,0,0,0,0,0,0,0,0,0,0,0,0,0,0,4,6,6
2021-03-01,1,10,113,173,163,0,60,0,0,0,0,0,0,0,0,0,0,0,0,0,0,4,6,6
2021-03-02,0,8,112,173,165,0,61,0,0,0,0,0,0,0,0,0,0,0,0,0,0,4,6,6
2021-03-03,0,8,112,173,165,0,61,0,0,0,0,0,0,0,0,0,0,0,0,0,0,4,6,6
2021-03-04,1,9,113,174,165,0,61,0,0,0,0,0,0,0,0,0,0,0,0,0,0,4,6,6
2021-03-05,1,10,114,175,165,0,61,0,0,0,1,0,0,0,0,0,0,0,0,0,0,4,6,6
2021-03-06,0,10,114,175,165,0,61,0,0,0,0,0,0,0,0,0,0,0,0,0,0,4,6,6
2021-03-07,1,10,115,176,166,0,61,0,0,0,0,0,0,0,0,0,0,0,0,0,0,4,6,6
2021-03-08,9,17,122,185,168,0,63,0,0,0,0,0,0,0,0,0,0,0,0,0,0,4,6,6
2021-03-09,1,18,123,186,168,0,63,0,0,0,0,0,0,0,0,0,0,0,0,0,0,4,6,6
2021-03-10,5,22,128,191,169,0,63,0,0,0,0,0,0,0,0,0,0,0,0,0,0,4,6,6
2021-03-11,0,21,128,191,170,0,63,0,0,0,0,0,0,0,0,0,0,0,0,0,0,4,6,6
2021-03-12,2,23,130,193,170,0,63,0,0,0,1,0,0,0,0,0,0,0,0,0,0,4,6,6
2021-03-13,1,24,131,194,170,0,63,0,0,0,0,0,0,0,0,0,0,0,0,0,0,4,6,6
2021-03-14,0,23,131,194,171,0,63,0,0,0,0,0,0,0,0,0,0,0,0,0,0,4,6,6
2021-03-15,6,29,137,200,171,0,63,0,0,0,0,0,0,0,0,0,0,0,0,0,0,4,6,6
2021-03-16,7,35,143,207,172,0,64,0,0,0,0,0,0,0,0,0,0,0,0,0,0,4,6,6
2021-03-17,2,37,145,209,172,0,64,0,0,0,1,0,0,0,0,0,0,0,0,0,0,4,6,6
2021-03-18,1,36,146,210,174,0,64,0,0,0,0,0,0,0,0,0,0,0,0,0,0,4,6,6
2021-03-19,2,37,148,212,175,0,64,0,0,0,0,0,0,0,0,0,0,0,0,0,0,4,6,6
2021-03-20,0,37,148,212,175,0,64,0,0,0,0,0,0,0,0,0,0,0,0,0,0,4,6,6
2021-03-21,0,37,148,212,175,0,64,0,0,0,1,0,0,0,0,0,0,0,0,0,0,4,6,6
2021-03-22,1,27,138,213,186,0,75,0,0,0,0,0,0,0,0,0,0,0,0,0,0,4,6,6
2021-03-23,0,26,137,213,187,0,76,0,0,0,0,0,0,0,0,0,0,0,0,0,0,4,6,6
2021-03-24,1,26,137,214,188,0,77,0,0,0,0,0,0,0,0,0,0,0,0,0,0,4,6,6
2021-03-25,2,23,135,216,193,0,81,0,0,0,0,0,0,0,0,0,0,0,0,0,0,4,6,6
2021-03-26,2,17,129,218,201,0,89,0,0,0,0,0,0,0,0,0,0,0,0,0,0,4,6,6
2021-03-27,0,16,129,218,202,0,89,0,0,0,2,0,0,0,0,0,0,0,0,0,0,4,6,6
2021-03-28,0,14,129,218,204,0,89,0,0,0,0,0,0,0,0,0,0,0,0,0,0,4,6,6
2021-03-29,2,15,131,220,205,0,89,0,0,0,0,0,0,0,0,0,0,0,0,0,0,4,6,6
2021-03-30,1,13,132,221,208,0,89,0,0,0,0,0,0,0,0,0,0,0,0,0,0,4,6,6
2021-03-31,3,15,134,224,209,0,90,0,0,0,0,0,0,0,0,0,0,0,0,0,0,4,6,6
2021-04-01,0,13,133,224,211,0,91,0,0,0,0,0,0,0,0,0,0,0,0,0,0,4,6,6
2021-04-02,2,15,135,226,211,0,91,0,0,0,1,0,0,0,0,0,0,0,0,0,0,4,6,6
2021-04-03,2,16,136,228,212,0,92,0,0,0,0,0,0,0,0,0,0,0,0,0,0,4,6,6
2021-04-04,0,15,136,228,213,0,92,0,0,0,1,0,0,0,0,0,0,0,0,0,0,4,6,6
2021-04-05,0,15,136,228,213,0,92,0,0,0,0,0,0,0,0,0,0,0,0,0,0,4,6,6
2021-04-06,7,19,140,235,216,0,95,0,0,0,0,0,0,0,0,0,0,0,0,0,0,4,6,6
2021-04-07,3,22,143,238,216,0,95,0,0,0,0,0,0,0,0,0,0,0,0,0,0,4,6,6
2021-04-08,6,21,143,244,223,0,101,0,0,0,0,0,0,0,0,0,0,0,0,0,0,4,6,6
2021-04-09,0,21,143,244,223,0,101,0,0,0,0,0,0,0,0,0,0,0,0,0,0,4,6,6
2021-04-10,0,21,143,244,223,0,101,0,0,0,0,0,0,0,0,0,0,0,0,0,0,4,6,6
2021-04-11,0,20,143,244,224,0,101,0,0,0,0,0,0,0,0,0,0,0,0,0,0,4,6,6
2021-04-12,1,18,141,245,226,1,103,1,1,1,4,0,0,0,0,0,0,0,0,0,0,5,7,7
2021-04-13,0,15,138,245,229,1,106,0,0,0,0,0,0,0,0,0,0,0,0,0,0,5,7,7
2021-04-14,0,14,138,245,230,1,106,0,0,0,0,0,0,0,0,0,0,0,0,0,0,5,7,7
2021-04-15,1,11,136,246,234,1,109,0,1,1,1,0,0,0,0,0,0,0,0,0,0,5,8,8
2021-04-16,5,14,139,251,236,1,111,0,0,0,1,0,0,0,0,0,0,0,0,0,0,5,8,8
2021-04-17,0,14,139,251,236,1,111,0,0,0,0,0,0,0,0,0,0,0,0,0,0,5,8,8
2021-04-18,0,14,139,251,236,1,111,0,0,0,0,0,0,0,0,0,0,0,0,0,0,5,8,8
2021-04-19,2,15,141,253,237,1,111,0,0,0,0,0,0,0,0,0,0,0,0,0,0,5,8,8
2021-04-20,3,17,143,256,238,1,112,0,0,0,0,0,0,0,0,0,0,0,0,0,0,5,8,8
2021-04-21,2,18,144,258,239,1,113,0,0,0,0,0,0,0,0,0,0,0,0,0,0,5,8,8
2021-04-22,3,19,145,261,241,1,115,0,0,0,1,0,0,0,0,0,0,0,0,0,0,5,8,8
2021-04-23,1,18,146,262,243,1,115,0,0,0,0,0,0,0,0,0,0,0,0,0,0,5,8,8
2021-04-24,1,19,147,263,243,1,115,0,0,0,0,0,0,0,0,0,0,0,0,0,0,5,8,8
2021-04-25,0,19,147,263,243,1,115,0,0,0,1,0,0,0,0,0,0,0,0,0,0,5,8,8
2021-04-26,4,20,149,267,246,1,117,0,0,0,0,0,0,0,0,0,0,0,0,0,0,5,8,8
2021-04-27,4,23,153,271,247,1,117,0,0,0,0,0,0,0,0,0,0,0,0,0,0,5,8,8
2021-04-28,2,22,154,273,250,1,118,0,0,0,0,0,0,0,0,0,0,0,0,0,0,5,8,8
2021-04-29,4,25,157,277,251,1,119,0,0,0,1,0,0,0,0,0,0,0,0,0,0,5,8,8
2021-04-30,0,25,157,277,251,1,119,0,0,0,0,0,0,0,0,0,0,0,0,0,0,5,8,8
2021-05-01,1,26,158,278,251,1,119,0,0,0,1,0,0,0,0,0,0,0,0,0,0,5,8,8
2021-05-02,0,26,158,278,251,1,119,0,0,0,2,0,0,0,0,0,0,0,0,0,0,5,8,8
2021-05-03,2,28,160,280,251,1,119,0,0,0,1,0,0,0,0,0,0,0,0,0,0,5,8,8
2021-05-04,4,31,163,284,252,1,120,0,0,0,0,0,0,0,0,0,0,0,0,0,0,5,8,8
2021-05-05,6,35,168,290,254,1,121,1,1,1,1,0,0,0,0,0,0,0,0,0,0,6,9,9
2021-05-06,8,41,176,298,256,1,121,0,0,0,0,0,0,0,0,0,0,0,0,0,0,6,9,9
2021-05-07,0,39,174,298,258,1,123,0,0,0,0,0,0,0,0,0,0,0,0,0,0,6,9,9
2021-05-08,0,39,174,298,258,1,123,0,0,0,0,0,0,0,0,0,0,0,0,0,0,6,9,9
2021-05-09,0,37,174,298,260,1,123,0,0,0,0,0,0,0,0,0,0,0,0,0,0,6,9,9
2021-05-10,4,34,174,302,267,1,127,0,0,0,0,0,0,0,0,0,0,0,0,0,0,6,9,9
2021-05-11,3,35,177,305,269,1,127,0,0,0,0,0,0,0,0,0,0,0,0,0,0,6,9,9
2021-05-12,4,34,177,309,274,1,131,0,0,0,0,0,0,0,0,0,0,0,0,0,0,6,9,9
2021-05-13,4,37,180,313,275,1,132,0,1,1,1,0,0,0,0,0,0,0,0,0,0,6,10,10
2021-05-14,3,38,182,316,277,1,133,0,0,0,2,0,0,0,0,0,0,0,0,0,0,6,10,10
2021-05-15,0,38,182,316,277,1,133,0,0,0,0,0,0,0,0,0,0,0,0,0,0,6,10,10
2021-05-16,0,35,182,316,280,1,133,0,0,0,1,0,0,0,0,0,0,0,0,0,0,6,10,10
2021-05-17,2,30,180,318,287,1,137,0,0,0,0,0,0,0,0,0,0,0,0,0,0,6,10,10
2021-05-18,3,30,182,321,290,1,138,0,0,0,0,0,0,0,0,0,0,0,0,0,0,6,10,10
2021-05-19,2,28,182,323,294,1,140,0,0,0,0,0,0,0,0,0,0,0,0,0,0,6,10,10
2021-05-20,0,26,180,323,296,1,142,0,0,0,1,0,0,0,0,0,0,0,0,0,0,6,10,10
2021-05-21,0,22,177,323,300,1,145,0,0,0,0,0,0,0,0,0,0,0,0,0,0,6,10,10
2021-05-22,2,24,179,325,300,1,145,0,0,0,0,0,0,0,0,0,0,0,0,0,0,6,10,10
2021-05-23,1,23,180,326,302,1,145,0,0,0,0,0,0,0,0,0,0,0,0,0,0,6,10,10
2021-05-24,2,22,180,328,305,1,147,0,0,0,0,0,0,0,0,0,0,0,0,0,0,6,10,10
2021-05-25,0,17,178,328,310,1,149,0,0,0,0,0,0,0,0,0,0,0,0,0,0,6,10,10
2021-05-26,0,13,178,328,314,1,149,0,0,0,2,0,0,0,0,0,0,0,0,0,0,6,10,10
2021-05-27,0,13,178,328,314,1,149,0,0,0,1,0,0,0,0,0,0,0,0,0,0,6,10,10
2021-05-28,0,13,178,328,314,1,149,0,0,0,0,0,0,0,0,0,0,0,0,0,0,6,10,10
2021-05-29,0,13,178,328,314,1,149,0,0,0,0,0,0,0,0,0,0,0,0,0,0,6,10,10
2021-05-30,0,11,178,328,316,1,149,0,0,0,0,0,0,0,0,0,0,0,0,0,0,6,10,10
2021-05-31,2,13,180,330,316,1,149,0,0,0,0,0,0,0,0,0,0,0,0,0,0,6,10,10
2021-06-01,0,13,180,330,316,1,149,0,0,0,0,0,0,0,0,0,0,0,0,0,0,6,10,10
2021-06-02,2,11,182,332,320,1,149,0,0,0,0,0,0,0,0,0,0,0,0,0,0,6,10,10
2021-06-03,0,11,182,332,320,1,149,0,0,0,2,0,0,0,0,0,0,0,0,0,0,6,10,10
2021-06-04,0,11,182,332,320,1,149,0,0,0,0,0,0,0,0,0,0,0,0,0,0,6,10,10
2021-06-05,0,11,182,332,320,1,149,0,0,0,0,0,0,0,0,0,0,0,0,0,0,6,10,10
2021-06-06,0,10,182,332,321,1,149,0,0,0,0,0,0,0,0,0,0,0,0,0,0,6,10,10
2021-06-07,0,10,182,332,321,1,149,0,0,0,0,0,0,0,0,0,0,0,0,0,0,6,10,10
2021-06-08,1,9,182,333,323,1,150,0,0,0,0,0,0,0,0,0,0,0,0,0,0,6,10,10
2021-06-09,0,9,182,333,323,1,150,0,0,0,0,0,0,0,0,0,0,0,0,0,0,6,10,10
2021-06-10,0,9,182,333,323,1,150,0,0,0,0,0,0,0,0,0,0,0,0,0,0,6,10,10
2021-06-11,1,8,183,334,325,1,150,0,0,0,0,0,0,0,0,0,0,0,0,0,0,6,10,10
2021-06-12,0,7,183,334,326,1,150,0,0,0,0,0,0,0,0,0,0,0,0,0,0,6,10,10
2021-06-13,1,6,184,335,328,1,150,0,0,0,0,0,0,0,0,0,0,0,0,0,0,6,10,10
2021-06-14,0,6,184,335,328,1,150,0,0,0,1,0,0,0,0,0,0,0,0,0,0,6,10,10
2021-06-15,2,8,186,337,328,1,150,0,0,0,0,0,0,0,0,0,0,0,0,0,0,6,10,10
2021-06-16,0,8,185,337,328,1,151,0,0,0,1,0,0,0,0,0,0,0,0,0,0,6,10,10
2021-06-17,0,8,185,337,328,1,151,0,0,0,0,0,0,0,0,0,0,0,0,0,0,6,10,10
2021-06-18,0,8,185,337,328,1,151,0,0,0,1,0,0,0,0,0,0,0,0,0,0,6,10,10
2021-06-19,0,8,185,337,328,1,151,0,0,0,0,0,0,0,0,0,0,0,0,0,0,6,10,10
2021-06-20,0,7,185,337,329,1,151,0,0,0,1,0,0,0,0,0,0,0,0,0,0,6,10,10
2021-06-21,4,11,189,341,329,1,151,0,0,0,0,0,0,0,0,0,0,0,0,0,0,6,10,10
2021-06-22,0,9,189,341,331,1,151,0,0,0,0,0,0,0,0,0,0,0,0,0,0,6,10,10
2021-06-23,0,9,189,341,331,1,151,0,0,0,0,0,0,0,0,0,0,0,0,0,0,6,10,10
2021-06-24,0,9,189,341,331,1,151,0,0,0,1,0,0,0,0,0,0,0,0,0,0,6,10,10
2021-06-25,0,9,189,341,331,1,151,0,0,0,0,0,0,0,0,0,0,0,0,0,0,6,10,10
2021-06-26,0,9,189,341,331,1,151,0,0,0,1,0,0,0,0,0,0,0,0,0,0,6,10,10
2021-06-27,0,9,189,341,331,1,151,0,0,0,0,0,0,0,0,0,0,0,0,0,0,6,10,10
2021-06-28,2,10,191,343,332,1,151,0,0,0,0,0,0,0,0,0,0,0,0,0,0,6,10,10
2021-06-29,0,10,191,343,332,1,151,0,0,0,0,0,0,0,0,0,0,0,0,0,0,6,10,10
2021-06-30,0,10,191,343,332,1,151,0,0,0,1,0,0,0,0,0,0,0,0,0,0,6,10,10
2021-07-01,0,8,190,343,334,1,152,0,0,0,0,0,0,0,0,0,0,0,0,0,0,6,10,10
2021-07-02,0,8,190,343,334,1,152,0,0,0,0,0,0,0,0,0,0,0,0,0,0,6,10,10
2021-07-03,0,7,190,343,335,1,152,0,0,0,0,0,0,0,0,0,0,0,0,0,0,6,10,10
2021-07-04,0,7,190,343,335,1,152,0,0,0,0,0,0,0,0,0,0,0,0,0,0,6,10,10
2021-07-05,1,6,191,344,337,1,152,0,0,0,0,0,0,0,0,0,0,0,0,0,0,6,10,10
2021-07-06,0,6,191,344,337,1,152,0,0,0,0,0,0,0,0,0,0,0,0,0,0,6,10,10
2021-07-07,1,6,191,345,338,1,153,0,0,0,0,0,0,0,0,0,0,0,0,0,0,6,10,10
2021-07-08,0,6,191,345,338,1,153,0,0,0,0,0,0,0,0,0,0,0,0,0,0,6,10,10
2021-07-09,0,6,190,345,338,1,154,0,0,0,0,0,0,0,0,0,0,0,0,0,0,6,10,10
2021-07-10,0,6,190,345,338,1,154,0,0,0,0,0,0,0,0,0,0,0,0,0,0,6,10,10
2021-07-11,0,2,190,345,342,1,154,0,0,0,0,0,0,0,0,0,0,0,0,0,0,6,10,10
2021-07-12,3,5,193,348,342,1,154,1,1,1,1,0,0,0,0,0,0,0,0,0,0,7,11,11
2021-07-13,0,5,193,348,342,1,154,0,0,0,0,0,0,0,0,0,0,0,0,0,0,7,11,11
2021-07-14,3,8,196,351,342,1,154,0,0,0,0,0,0,0,0,0,0,0,0,0,0,7,11,11
2021-07-15,4,12,200,355,342,1,154,0,0,0,2,0,0,0,0,0,0,0,0,0,0,7,11,11
2021-07-16,2,14,202,357,342,1,154,0,0,0,1,0,0,0,0,0,0,0,0,0,0,7,11,11
2021-07-17,0,14,202,357,342,1,154,0,0,0,0,0,0,0,0,0,0,0,0,0,0,7,11,11
2021-07-18,1,15,203,358,342,1,154,0,0,0,0,0,0,0,0,0,0,0,0,0,0,7,11,11
2021-07-19,0,15,203,358,342,1,154,0,0,0,0,0,0,0,0,0,0,0,0,0,0,7,11,11
2021-07-20,2,17,205,360,342,1,154,0,0,0,0,0,0,0,0,0,0,0,0,0,0,7,11,11
2021-07-21,1,17,205,361,343,1,155,0,0,0,0,0,0,0,0,0,0,0,0,0,0,7,11,11
2021-07-22,0,16,204,361,344,1,156,0,0,0,0,0,0,0,0,0,0,0,0,0,0,7,11,11
2021-07-23,4,20,208,365,344,1,156,0,0,0,1,0,0,0,0,0,0,0,0,0,0,7,11,11
2021-07-24,0,20,208,365,344,1,156,0,0,0,0,0,0,0,0,0,0,0,0,0,0,7,11,11
2021-07-25,0,19,208,365,345,1,156,0,0,0,0,0,0,0,0,0,0,0,0,0,0,7,11,11
2021-07-26,3,21,210,368,346,1,157,0,0,0,0,0,0,0,0,0,0,0,0,0,0,7,11,11
2021-07-27,6,23,213,374,350,1,160,0,0,0,1,0,0,0,0,0,0,0,0,0,0,7,11,11
2021-07-28,9,32,222,383,350,1,160,0,0,0,1,0,0,0,0,0,0,0,0,0,0,7,11,11
2021-07-29,0,32,222,383,350,1,160,0,0,0,2,0,0,0,0,0,0,0,0,0,0,7,11,11
2021-07-30,3,34,224,386,351,1,161,0,0,0,0,0,0,0,0,0,0,0,0,0,0,7,11,11
2021-07-31,0,34,224,386,351,1,161,0,0,0,0,0,0,0,0,0,0,0,0,0,0,7,11,11
2021-08-01,1,32,225,387,354,1,161,0,0,0,1,0,0,0,0,0,0,0,0,0,0,7,11,11
2021-08-02,5,35,228,392,356,1,163,0,0,0,1,0,0,0,0,0,0,0,0,0,0,7,11,11
2021-08-03,5,33,229,397,363,1,167,0,0,0,0,0,0,0,0,0,0,0,0,0,0,7,11,11
2021-08-04,5,33,232,402,368,1,169,0,0,0,0,0,0,0,0,0,0,0,0,0,0,7,11,11
2021-08-05,5,33,234,407,373,1,172,0,0,0,0,0,0,0,0,0,0,0,0,0,0,7,11,11
2021-08-06,5,35,236,412,376,1,175,0,0,0,1,0,0,0,0,0,0,0,0,0,0,7,11,11
2021-08-07,1,34,236,413,378,1,176,0,0,0,0,0,0,0,0,0,0,0,0,0,0,7,11,11
2021-08-08,0,33,235,413,379,1,177,0,0,0,1,0,0,0,0,0,0,0,0,0,0,7,11,11
2021-08-09,3,34,237,416,381,1,178,0,0,0,0,0,0,0,0,0,0,0,0,0,0,7,11,11
2021-08-10,0,32,236,416,383,1,179,0,0,0,0,0,0,0,0,0,0,0,0,0,0,7,11,11
2021-08-11,3,33,237,419,385,1,181,0,0,0,0,0,0,0,0,0,0,0,0,0,0,7,11,11
2021-08-12,2,27,235,421,393,1,185,0,0,0,1,0,0,0,0,0,0,0,0,0,0,7,11,11
2021-08-13,3,29,237,424,394,1,186,0,0,0,3,0,0,0,0,0,0,0,0,0,0,7,11,11
2021-08-14,1,30,238,425,394,1,186,0,0,0,2,0,0,0,0,0,0,0,0,0,0,7,11,11
2021-08-15,3,33,241,428,394,1,186,0,0,0,0,0,0,0,0,0,0,0,0,0,0,7,11,11
2021-08-16,1,30,241,429,398,1,187,0,0,0,1,0,0,0,0,0,0,0,0,0,0,7,11,11
2021-08-17,3,28,244,432,403,1,187,0,0,0,1,0,0,0,0,0,0,0,0,0,0,7,11,11
2021-08-18,3,31,247,435,403,1,187,0,0,0,0,0,0,0,0,0,0,0,0,0,0,7,11,11
2021-08-19,3,28,246,438,409,1,191,0,0,0,0,0,0,0,0,0,0,0,0,0,0,7,11,11
2021-08-20,4,32,250,442,409,1,191,0,0,0,0,0,0,0,0,0,0,0,0,0,0,7,11,11
2021-08-21,0,31,250,442,410,1,191,0,0,0,0,0,0,0,0,0,0,0,0,0,0,7,11,11
2021-08-22,0,28,250,442,413,1,191,0,0,0,1,0,0,0,0,0,0,0,0,0,0,7,11,11
2021-08-23,4,29,253,446,416,1,192,0,0,0,0,0,0,0,0,0,0,0,0,0,0,7,11,11
2021-08-24,5,32,258,451,418,1,192,0,0,0,0,0,0,0,0,0,0,0,0,0,0,7,11,11
2021-08-25,2,33,259,453,419,1,193,0,0,0,0,0,0,0,0,0,0,0,0,0,0,7,11,11
2021-08-26,1,31,258,454,422,1,195,0,0,0,1,0,0,0,0,0,0,0,0,0,0,7,11,11
2021-08-27,3,32,260,457,424,1,196,0,0,0,1,0,0,0,0,0,0,0,0,0,0,7,11,11
2021-08-28,0,32,260,457,424,1,196,0,0,0,0,0,0,0,0,0,0,0,0,0,0,7,11,11
2021-08-29,0,32,260,457,424,1,196,0,0,0,0,0,0,0,0,0,0,0,0,0,0,7,11,11
2021-08-30,0,29,257,457,427,1,199,0,0,0,3,0,0,0,0,0,0,0,0,0,0,7,11,11
2021-08-31,3,30,259,460,429,1,200,0,0,0,0,0,0,0,0,0,0,0,0,0,0,7,11,11
2021-09-01,2,28,259,462,433,1,202,0,0,0,0,0,0,0,0,0,0,0,0,0,0,7,11,11
2021-09-02,1,25,259,463,437,1,203,0,0,0,1,0,0,0,0,0,0,0,0,0,0,7,11,11
2021-09-03,3,27,262,466,438,1,203,0,0,0,0,0,0,0,0,0,0,0,0,0,0,7,11,11
2021-09-04,3,27,265,469,441,1,203,0,0,0,0,0,0,0,0,0,0,0,0,0,0,7,11,11
2021-09-05,0,26,265,469,442,1,203,0,0,0,0,0,0,0,0,0,0,0,0,0,0,7,11,11
2021-09-06,0,24,265,469,444,1,203,0,0,0,0,0,0,0,0,0,0,0,0,0,0,7,11,11
2021-09-07,9,23,267,478,454,1,210,0,0,0,0,0,0,0,0,0,0,0,0,0,0,7,11,11
2021-09-08,1,24,268,479,454,1,210,0,0,0,0,0,0,0,0,0,0,0,0,0,0,7,11,11
2021-09-09,1,22,269,480,457,1,210,0,0,0,2,0,0,0,0,0,0,0,0,0,0,7,11,11
2021-09-10,3,24,271,483,458,1,211,0,0,0,0,0,0,0,0,0,0,0,0,0,0,7,11,11
2021-09-11,1,25,272,484,458,1,211,0,0,0,0,0,0,0,0,0,0,0,0,0,0,7,11,11
2021-09-12,1,25,273,485,459,1,211,0,0,0,1,0,0,0,0,0,0,0,0,0,0,7,11,11
2021-09-13,1,23,273,486,462,1,212,0,0,0,0,0,0,0,0,0,0,0,0,0,0,7,11,11
2021-09-14,3,25,276,489,463,1,212,0,0,0,0,0,0,0,0,0,0,0,0,0,0,7,11,11
2021-09-15,1,26,277,490,463,1,212,1,1,1,1,0,0,0,0,0,0,0,0,0,0,8,12,12
2021-09-16,2,25,279,492,466,1,212,0,0,0,1,0,0,0,0,0,0,0,0,0,0,8,12,12
2021-09-17,3,28,282,495,466,1,212,1,1,1,2,0,0,0,0,0,0,0,0,0,0,9,13,13
2021-09-18,0,28,282,495,466,1,212,0,0,0,1,0,0,0,0,0,0,0,0,0,0,9,13,13
2021-09-19,0,28,282,495,466,1,212,0,0,0,0,0,0,0,0,0,0,0,0,0,0,9,13,13
2021-09-20,4,31,286,499,467,1,212,0,0,0,1,0,0,0,0,0,0,0,0,0,0,9,13,13
2021-09-21,2,31,287,501,469,1,213,0,0,0,1,0,0,0,0,0,0,0,0,0,0,9,13,13
2021-09-22,1,31,288,502,470,1,213,0,0,0,0,0,0,0,0,0,0,0,0,0,0,9,13,13
2021-09-23,0,28,288,502,473,1,213,0,0,0,0,0,0,0,0,0,0,0,0,0,0,9,13,13
2021-09-24,0,25,288,502,476,1,213,0,0,0,1,0,0,0,0,0,0,0,0,0,0,9,13,13
2021-09-25,0,25,288,502,476,1,213,0,0,0,0,0,0,0,0,0,0,0,0,0,0,9,13,13
2021-09-26,0,25,288,502,476,1,213,0,0,0,1,0,0,0,0,0,0,0,0,0,0,9,13,13
2021-09-27,0,20,286,502,481,1,215,0,0,0,0,0,0,0,0,0,0,0,0,0,0,9,13,13
2021-09-28,0,19,286,502,482,1,215,0,0,0,0,0,0,0,0,0,0,0,0,0,0,9,13,13
2021-09-29,3,21,289,505,483,1,215,0,0,0,0,0,0,0,0,0,0,0,0,0,0,9,13,13
2021-09-30,2,21,291,507,485,1,215,0,0,0,0,0,0,0,0,0,0,0,0,0,0,9,13,13
2021-10-01,2,19,290,509,489,1,218,0,0,0,0,0,0,0,0,0,0,0,0,0,0,9,13,13
2021-10-02,0,18,290,509,490,1,218,0,0,0,0,0,0,0,0,0,0,0,0,0,0,9,13,13
2021-10-03,0,17,290,509,491,1,218,0,0,0,0,0,0,0,0,0,0,0,0,0,0,9,13,13
2021-10-04,0,14,290,509,494,1,218,0,0,0,0,0,0,0,0,0,0,0,0,0,0,9,13,13
2021-10-05,2,16,292,511,494,1,218,0,0,0,0,0,0,0,0,0,0,0,0,0,0,9,13,13
2021-10-06,2,17,294,513,495,1,218,0,0,0,0,0,0,0,0,0,0,0,0,0,0,9,13,13
2021-10-07,2,16,296,515,498,1,218,0,0,0,1,0,0,0,0,0,0,0,0,0,0,9,13,13
2021-10-08,2,17,297,517,499,1,219,0,0,0,0,0,0,0,0,0,0,0,0,0,0,9,13,13
2021-10-09,0,16,296,517,500,1,220,0,0,0,0,0,0,0,0,0,0,0,0,0,0,9,13,13
2021-10-10,0,13,296,517,503,1,220,0,0,0,0,0,0,0,0,0,0,0,0,0,0,9,13,13
2021-10-11,2,13,298,519,505,1,220,0,0,0,1,0,0,0,0,0,0,0,0,0,0,9,13,13
2021-10-12,4,16,302,523,506,1,220,1,1,1,2,0,0,0,0,0,0,0,0,0,0,10,14,14
2021-10-13,1,16,302,524,507,1,221,0,0,0,2,0,0,0,0,0,0,0,0,0,0,10,14,14
2021-10-14,4,20,306,528,507,1,221,0,0,0,0,0,0,0,0,0,0,0,0,0,0,10,14,14
2021-10-15,5,23,309,533,509,1,223,0,0,0,0,0,0,0,0,0,0,0,0,0,0,10,14,14
2021-10-16,0,23,309,533,509,1,223,0,0,0,0,0,0,0,0,0,0,0,0,0,0,10,14,14
2021-10-17,0,23,309,533,509,1,223,0,0,0,1,0,0,0,0,0,0,0,0,0,0,10,14,14
2021-10-18,2,23,309,535,511,1,225,0,0,0,1,0,0,0,0,0,0,0,0,0,0,10,14,14
2021-10-19,3,17,305,538,520,1,232,0,0,0,0,0,0,0,0,0,0,0,0,0,0,10,14,14
2021-10-20,4,17,306,542,524,1,235,0,0,0,0,0,0,0,0,0,0,0,0,0,0,10,14,14
2021-10-21,3,20,309,545,524,1,235,0,0,0,1,0,0,0,0,0,0,0,0,0,0,10,14,14
2021-10-22,1,18,307,546,527,1,238,0,0,0,0,0,0,0,0,0,0,0,0,0,0,10,14,14
2021-10-23,0,18,307,546,527,1,238,0,0,0,1,0,0,0,0,0,0,0,0,0,0,10,14,14
2021-10-24,0,18,307,546,527,1,238,0,0,0,1,0,0,0,0,0,0,0,0,0,0,10,14,14
2021-10-25,1,15,306,547,531,1,240,0,0,0,0,0,0,0,0,0,0,0,0,0,0,10,14,14
2021-10-26,2,15,308,549,533,1,240,0,0,0,1,0,0,0,0,0,0,0,0,0,0,10,14,14
2021-10-27,3,17,311,552,534,1,240,0,0,0,0,0,0,0,0,0,0,0,0,0,0,10,14,14
2021-10-28,3,15,311,555,539,1,243,0,0,0,0,0,0,0,0,0,0,0,0,0,0,10,14,14
2021-10-29,0,13,309,555,541,1,245,0,0,0,0,0,0,0,0,0,0,0,0,0,0,10,14,14
2021-10-30,0,13,309,555,541,1,245,0,0,0,0,0,0,0,0,0,0,0,0,0,0,10,14,14
2021-10-31,0,13,309,555,541,1,245,0,0,0,0,0,0,0,0,0,0,0,0,0,0,10,14,14
2021-11-01,0,13,309,555,541,1,245,0,0,0,0,0,0,0,0,0,0,0,0,0,0,10,14,14
2021-11-02,0,13,309,555,541,1,245,0,0,0,1,0,0,0,0,0,0,0,0,0,0,10,14,14
2021-11-03,2,11,307,557,545,1,249,0,0,0,0,0,0,0,0,0,0,0,0,0,0,10,14,14
2021-11-04,5,14,312,562,547,1,249,0,0,0,1,0,0,0,0,0,0,0,0,0,0,10,14,14
2021-11-05,3,15,313,565,549,1,251,0,0,0,0,0,0,0,0,0,0,0,0,0,0,10,14,14
2021-11-06,2,17,315,567,549,1,251,0,0,0,0,0,0,0,0,0,0,0,0,0,0,10,14,14
2021-11-07,1,17,316,568,550,1,251,0,0,0,0,0,0,0,0,0,0,0,0,0,0,10,14,14
2021-11-08,2,18,317,570,551,1,252,0,0,0,1,0,0,0,0,0,0,0,0,0,0,10,14,14
2021-11-09,1,16,316,571,554,1,254,0,0,0,0,0,0,0,0,0,0,0,0,0,0,10,14,14
2021-11-10,0,15,315,571,555,1,255,0,0,0,0,0,0,0,0,0,0,0,0,0,0,10,14,14
2021-11-11,0,14,315,571,556,1,255,0,0,0,0,0,0,0,0,0,0,0,0,0,0,10,14,14
2021-11-12,1,14,315,572,557,1,256,0,0,0,0,0,0,0,0,0,0,0,0,0,0,10,14,14
2021-11-13,1,15,316,573,557,1,256,0,0,0,0,0,0,0,0,0,0,0,0,0,0,10,14,14
2021-11-14,0,14,316,573,558,1,256,0,0,0,0,0,0,0,0,0,0,0,0,0,0,10,14,14
2021-11-15,1,13,316,574,560,1,257,0,0,0,2,0,0,0,0,0,0,0,0,0,0,10,14,14
2021-11-16,5,18,321,579,560,1,257,0,0,0,1,0,0,0,0,0,0,0,0,0,0,10,14,14
2021-11-17,2,18,323,581,562,1,257,0,0,0,0,0,0,0,0,0,0,0,0,0,0,10,14,14
2021-11-18,2,19,324,583,563,1,258,0,0,0,0,0,0,0,0,0,0,0,0,0,0,10,14,14
2021-11-19,3,22,327,586,563,1,258,0,0,0,0,0,0,0,0,0,0,0,0,0,0,10,14,14
2021-11-20,0,21,326,586,564,1,259,0,0,0,1,0,0,0,0,0,0,0,0,0,0,10,14,14
2021-11-21,0,21,326,586,564,1,259,0,0,0,1,0,0,0,0,0,0,0,0,0,0,10,14,14
2021-11-22,2,22,327,588,565,1,260,0,0,0,0,0,0,0,0,0,0,0,0,0,0,10,14,14
2021-11-23,2,22,328,590,567,1,261,0,0,0,0,0,0,0,0,0,0,0,0,0,0,10,14,14
2021-11-24,2,22,330,592,569,1,261,0,0,0,0,0,0,0,0,0,0,0,0,0,0,10,14,14
2021-11-25,1,19,329,593,573,1,263,0,0,0,0,0,0,0,0,0,0,0,0,0,0,10,14,14
2021-11-26,2,18,330,595,576,1,264,0,0,0,1,0,0,0,0,0,0,0,0,0,0,10,14,14
2021-11-27,1,18,331,596,577,1,264,0,0,0,0,0,0,0,0,0,0,0,0,0,0,10,14,14
2021-11-28,0,17,331,596,578,1,264,0,0,0,0,0,0,0,0,0,0,0,0,0,0,10,14,14
2021-11-29,3,18,332,599,580,1,266,0,0,0,1,0,0,0,0,0,0,0,0,0,0,10,14,14
2021-11-30,5,22,336,604,581,1,267,0,0,0,0,0,0,0,0,0,0,0,0,0,0,10,14,14
2021-12-01,0,21,335,604,582,1,268,0,0,0,1,0,0,0,0,0,0,0,0,0,0,10,14,14
2021-12-02,1,21,335,605,583,1,269,0,0,0,0,0,0,0,0,0,0,0,0,0,0,10,14,14
2021-12-03,3,22,336,608,585,1,271,0,0,0,0,0,0,0,0,0,0,0,0,0,0,10,14,14
2021-12-04,0,22,336,608,585,1,271,0,0,0,0,0,0,0,0,0,0,0,0,0,0,10,14,14
2021-12-05,0,22,336,608,585,1,271,0,0,0,0,0,0,0,0,0,0,0,0,0,0,10,14,14
2021-12-06,7,23,341,615,591,1,273,0,0,0,0,0,0,0,0,0,0,0,0,0,0,10,14,14
2021-12-07,2,22,340,617,594,1,276,0,0,0,0,0,0,0,0,0,0,0,0,0,0,10,14,14
2021-12-08,2,22,340,619,596,1,278,0,0,0,0,0,0,0,0,0,0,0,0,0,0,10,14,14
2021-12-09,4,21,341,623,601,1,281,0,0,0,1,0,0,0,0,0,0,0,0,0,0,10,14,14
2021-12-10,6,22,342,629,606,1,286,0,0,0,1,0,0,0,0,0,0,0,0,0,0,10,14,14
2021-12-11,0,22,342,629,606,1,286,0,0,0,0,0,0,0,0,0,0,0,0,0,0,10,14,14
2021-12-12,0,21,342,629,607,1,286,0,0,0,0,0,0,0,0,0,0,0,0,0,0,10,14,14
2021-12-13,0,15,337,629,613,1,291,0,0,0,1,0,0,0,0,0,0,0,0,0,0,10,14,14
2021-12-14,2,16,339,631,614,1,291,0,0,0,0,0,0,0,0,0,0,0,0,0,0,10,14,14
2021-12-15,1,16,339,632,615,1,292,0,0,0,0,0,0,0,0,0,0,0,0,0,0,10,14,14
2021-12-16,3,17,341,635,617,1,293,0,0,0,1,0,0,0,0,0,0,0,0,0,0,10,14,14
