"day","age_group","confirmed","confirmed_100k","confirmed_male","confirmed_male_100k","confirmed_female","confirmed_female_100k","other","total","population","population_male","population_female","downloaded"
2020-05-22,"0-9",17,NA,7,NA,10,NA,0,17,NA,NA,NA,2020-05-23 19:15:42
2020-05-22,"10-19",38,NA,18,NA,20,NA,0,38,NA,NA,NA,2020-05-23 19:15:42
2020-05-22,"20-29",207,NA,103,NA,104,NA,0,207,NA,NA,NA,2020-05-23 19:15:42
2020-05-22,"30-39",200,NA,105,NA,95,NA,0,200,NA,NA,NA,2020-05-23 19:15:42
2020-05-22,"40-49",262,NA,107,NA,155,NA,0,262,NA,NA,NA,2020-05-23 19:15:42
2020-05-22,"50-59",358,NA,122,NA,236,NA,0,358,NA,NA,NA,2020-05-23 19:15:42
2020-05-22,"60-69",242,NA,103,NA,139,NA,0,242,NA,NA,NA,2020-05-23 19:15:42
2020-05-22,"70-79",136,NA,63,NA,73,NA,0,136,NA,NA,NA,2020-05-23 19:15:42
2020-05-22,"Virš 80",157,NA,44,NA,113,NA,0,157,NA,NA,NA,2020-05-23 19:15:42
2020-05-23,"0-9",17,NA,7,NA,10,NA,0,17,NA,NA,NA,2020-05-24 13:23:06
2020-05-23,"10-19",38,NA,18,NA,20,NA,0,38,NA,NA,NA,2020-05-24 13:23:06
2020-05-23,"20-29",208,NA,103,NA,105,NA,0,208,NA,NA,NA,2020-05-24 13:23:06
2020-05-23,"30-39",201,NA,106,NA,95,NA,0,201,NA,NA,NA,2020-05-24 13:23:06
2020-05-23,"40-49",263,NA,107,NA,156,NA,0,263,NA,NA,NA,2020-05-24 13:23:06
2020-05-23,"50-59",359,NA,123,NA,236,NA,0,359,NA,NA,NA,2020-05-24 13:23:06
2020-05-23,"60-69",243,NA,103,NA,140,NA,0,243,NA,NA,NA,2020-05-24 13:23:06
2020-05-23,"70-79",136,NA,63,NA,73,NA,0,136,NA,NA,NA,2020-05-24 13:23:06
2020-05-23,"Virš 80",159,NA,45,NA,113,NA,1,158,NA,NA,NA,2020-05-24 13:23:06
2020-05-24,"0-9",18,NA,8,NA,10,NA,0,18,NA,NA,NA,2020-05-25 14:34:46
2020-05-24,"10-19",39,NA,19,NA,20,NA,0,39,NA,NA,NA,2020-05-25 14:34:46
2020-05-24,"20-29",209,NA,104,NA,105,NA,0,209,NA,NA,NA,2020-05-25 14:34:46
2020-05-24,"30-39",202,NA,106,NA,96,NA,0,202,NA,NA,NA,2020-05-25 14:34:46
2020-05-24,"40-49",265,NA,108,NA,157,NA,0,265,NA,NA,NA,2020-05-25 14:34:46
2020-05-24,"50-59",362,NA,124,NA,238,NA,0,362,NA,NA,NA,2020-05-25 14:34:46
2020-05-24,"60-69",245,NA,103,NA,142,NA,0,245,NA,NA,NA,2020-05-25 14:34:46
2020-05-24,"70-79",136,NA,63,NA,73,NA,0,136,NA,NA,NA,2020-05-25 14:34:46
2020-05-24,"Virš 80",159,NA,46,NA,113,NA,0,159,NA,NA,NA,2020-05-25 14:34:46
2020-05-25,"0-9",18,NA,8,NA,10,NA,0,18,NA,NA,NA,2020-05-26 11:01:39
2020-05-25,"10-19",39,NA,19,NA,20,NA,0,39,NA,NA,NA,2020-05-26 11:01:39
2020-05-25,"20-29",209,NA,104,NA,105,NA,0,209,NA,NA,NA,2020-05-26 11:01:39
2020-05-25,"30-39",202,NA,106,NA,96,NA,0,202,NA,NA,NA,2020-05-26 11:01:39
2020-05-25,"40-49",265,NA,108,NA,157,NA,0,265,NA,NA,NA,2020-05-26 11:01:39
2020-05-25,"50-59",362,NA,124,NA,238,NA,0,362,NA,NA,NA,2020-05-26 11:01:39
2020-05-25,"60-69",245,NA,103,NA,142,NA,0,245,NA,NA,NA,2020-05-26 11:01:39
2020-05-25,"70-79",136,NA,63,NA,73,NA,0,136,NA,NA,NA,2020-05-26 11:01:39
2020-05-25,"Virš 80",159,NA,46,NA,113,NA,0,159,NA,NA,NA,2020-05-26 11:01:39
2020-05-26,"0-9",19,NA,9,NA,10,NA,0,19,NA,NA,NA,2020-05-27 20:50:35
2020-05-26,"10-19",39,NA,19,NA,20,NA,0,39,NA,NA,NA,2020-05-27 20:50:35
2020-05-26,"20-29",211,NA,104,NA,107,NA,0,211,NA,NA,NA,2020-05-27 20:50:35
2020-05-26,"30-39",205,NA,108,NA,97,NA,0,205,NA,NA,NA,2020-05-27 20:50:35
2020-05-26,"40-49",266,NA,108,NA,158,NA,0,266,NA,NA,NA,2020-05-27 20:50:35
2020-05-26,"50-59",366,NA,125,NA,241,NA,0,366,NA,NA,NA,2020-05-27 20:50:35
2020-05-26,"60-69",246,NA,103,NA,143,NA,0,246,NA,NA,NA,2020-05-27 20:50:35
2020-05-26,"70-79",136,NA,63,NA,73,NA,0,136,NA,NA,NA,2020-05-27 20:50:35
2020-05-26,"Virš 80",159,NA,46,NA,113,NA,0,159,NA,NA,NA,2020-05-27 20:50:35
2020-05-27,"0-9",19,NA,9,NA,10,NA,0,19,NA,NA,NA,2020-05-28 11:18:06
2020-05-27,"10-19",42,NA,20,NA,22,NA,0,42,NA,NA,NA,2020-05-28 11:18:06
2020-05-27,"20-29",214,NA,105,NA,109,NA,0,214,NA,NA,NA,2020-05-28 11:18:06
2020-05-27,"30-39",206,NA,108,NA,98,NA,0,206,NA,NA,NA,2020-05-28 11:18:06
2020-05-27,"40-49",266,NA,108,NA,158,NA,0,266,NA,NA,NA,2020-05-28 11:18:06
2020-05-27,"50-59",368,NA,125,NA,243,NA,0,368,NA,NA,NA,2020-05-28 11:18:06
2020-05-27,"60-69",246,NA,103,NA,143,NA,0,246,NA,NA,NA,2020-05-28 11:18:06
2020-05-27,"70-79",136,NA,63,NA,73,NA,0,136,NA,NA,NA,2020-05-28 11:18:06
2020-05-27,"Virš 80",159,NA,46,NA,113,NA,0,159,NA,NA,NA,2020-05-28 11:18:06
2020-05-28,"0-9",19,6.5,9,6,10,7.1,0,19,290102,148908,141194,2020-05-29 14:00:07
2020-05-28,"10-19",42,15.9,20,14.8,22,17.1,0,42,263568,134947,128621,2020-05-29 14:00:07
2020-05-28,"20-29",214,63,105,59.2,109,67.2,0,214,339736,177466,162270,2020-05-29 14:00:07
2020-05-28,"30-39",206,57.3,108,57.2,98,57.6,0,206,359239,188972,170267,2020-05-29 14:00:07
2020-05-28,"40-49",267,72.2,109,59.3,158,85,0,267,369722,183873,185849,2020-05-29 14:00:07
2020-05-28,"50-59",371,88.5,126,64.1,245,110.1,0,371,419039,196469,222570,2020-05-29 14:00:07
2020-05-28,"60-69",246,70,103,69.7,143,70.3,0,246,351248,147788,203460,2020-05-29 14:00:07
2020-05-28,"70-79",136,57.4,63,77.1,73,47,0,136,236890,81674,155216,2020-05-29 14:00:07
2020-05-28,"Virš 80",161,97.8,47,106.2,114,94.8,0,161,164546,44257,120289,2020-05-29 14:00:07
2020-05-29,"0-9",19,6.5,9,6,10,7.1,0,19,290102,148908,141194,2020-05-30 12:18:07
2020-05-29,"10-19",42,15.9,20,14.8,22,17.1,0,42,263568,134947,128621,2020-05-30 12:18:07
2020-05-29,"20-29",215,63.3,106,59.7,109,67.2,0,215,339736,177466,162270,2020-05-30 12:18:07
2020-05-29,"30-39",207,57.6,109,57.7,98,57.6,0,207,359239,188972,170267,2020-05-30 12:18:07
2020-05-29,"40-49",267,72.2,109,59.3,158,85,0,267,369722,183873,185849,2020-05-30 12:18:07
2020-05-29,"50-59",373,89,127,64.6,246,110.5,0,373,419039,196469,222570,2020-05-30 12:18:07
2020-05-29,"60-69",249,70.9,104,70.4,145,71.3,0,249,351248,147788,203460,2020-05-30 12:18:07
2020-05-29,"70-79",137,57.8,63,77.1,74,47.7,0,137,236890,81674,155216,2020-05-30 12:18:07
2020-05-29,"Virš 80",161,97.8,47,106.2,114,94.8,0,161,164546,44257,120289,2020-05-30 12:18:07
2020-05-30,"0-9",19,6.5,9,6,10,7.1,0,19,290102,148908,141194,2020-05-31 17:30:12
2020-05-30,"10-19",43,16.3,20,14.8,23,17.9,0,43,263568,134947,128621,2020-05-31 17:30:12
2020-05-30,"20-29",216,63.6,106,59.7,110,67.8,0,216,339736,177466,162270,2020-05-31 17:30:12
2020-05-30,"30-39",208,57.9,110,58.2,98,57.6,0,208,359239,188972,170267,2020-05-31 17:30:12
2020-05-30,"40-49",267,72.2,109,59.3,158,85,0,267,369722,183873,185849,2020-05-31 17:30:12
2020-05-30,"50-59",375,89.5,128,65.2,247,111,0,375,419039,196469,222570,2020-05-31 17:30:12
2020-05-30,"60-69",249,70.9,104,70.4,145,71.3,0,249,351248,147788,203460,2020-05-31 17:30:12
2020-05-30,"70-79",137,57.8,63,77.1,74,47.7,0,137,236890,81674,155216,2020-05-31 17:30:12
2020-05-30,"Virš 80",161,97.8,47,106.2,114,94.8,0,161,164546,44257,120289,2020-05-31 17:30:12
2020-05-31,"0-9",19,6.5,9,6,10,7.1,0,19,290102,148908,141194,2020-06-01 15:44:35
2020-05-31,"10-19",43,16.3,20,14.8,23,17.9,0,43,263568,134947,128621,2020-06-01 15:44:35
2020-05-31,"20-29",216,63.6,106,59.7,110,67.8,0,216,339736,177466,162270,2020-06-01 15:44:35
2020-05-31,"30-39",208,57.9,110,58.2,98,57.6,0,208,359239,188972,170267,2020-06-01 15:44:35
2020-05-31,"40-49",268,72.5,109,59.3,159,85.6,0,268,369722,183873,185849,2020-06-01 15:44:35
2020-05-31,"50-59",375,89.5,128,65.2,247,111,0,375,419039,196469,222570,2020-06-01 15:44:35
2020-05-31,"60-69",251,71.5,104,70.4,147,72.3,0,251,351248,147788,203460,2020-06-01 15:44:35
2020-05-31,"70-79",137,57.8,63,77.1,74,47.7,0,137,236890,81674,155216,2020-06-01 15:44:35
2020-05-31,"Virš 80",161,97.8,47,106.2,114,94.8,0,161,164546,44257,120289,2020-06-01 15:44:35
2020-06-01,"0-9",19,6.5,9,6,10,7.1,0,19,290102,148908,141194,2020-06-02 12:21:13
2020-06-01,"10-19",44,16.7,20,14.8,24,18.7,0,44,263568,134947,128621,2020-06-02 12:21:13
2020-06-01,"20-29",217,63.9,106,59.7,111,68.4,0,217,339736,177466,162270,2020-06-02 12:21:13
2020-06-01,"30-39",209,58.2,110,58.2,99,58.1,0,209,359239,188972,170267,2020-06-02 12:21:13
2020-06-01,"40-49",268,72.5,109,59.3,159,85.6,0,268,369722,183873,185849,2020-06-02 12:21:13
2020-06-01,"50-59",375,89.5,128,65.2,247,111,0,375,419039,196469,222570,2020-06-02 12:21:13
2020-06-01,"60-69",252,71.7,105,71,147,72.3,0,252,351248,147788,203460,2020-06-02 12:21:13
2020-06-01,"70-79",137,57.8,63,77.1,74,47.7,0,137,236890,81674,155216,2020-06-02 12:21:13
2020-06-01,"Virš 80",161,97.8,47,106.2,114,94.8,0,161,164546,44257,120289,2020-06-02 12:21:13
2020-06-02,"0-9",19,6.5,9,6,10,7.1,0,19,290102,148908,141194,2020-06-03 11:57:17
2020-06-02,"10-19",44,16.7,20,14.8,24,18.7,0,44,263568,134947,128621,2020-06-03 11:57:17
2020-06-02,"20-29",217,63.9,106,59.7,111,68.4,0,217,339736,177466,162270,2020-06-03 11:57:17
2020-06-02,"30-39",211,58.7,111,58.7,100,58.7,0,211,359239,188972,170267,2020-06-03 11:57:17
2020-06-02,"40-49",268,72.5,109,59.3,159,85.6,0,268,369722,183873,185849,2020-06-03 11:57:17
2020-06-02,"50-59",375,89.5,128,65.2,247,111,0,375,419039,196469,222570,2020-06-03 11:57:17
2020-06-02,"60-69",252,71.7,105,71,147,72.3,0,252,351248,147788,203460,2020-06-03 11:57:17
2020-06-02,"70-79",137,57.8,63,77.1,74,47.7,0,137,236890,81674,155216,2020-06-03 11:57:17
2020-06-02,"Virš 80",161,97.8,47,106.2,114,94.8,0,161,164546,44257,120289,2020-06-03 11:57:17
2020-06-03,"0-9",19,6.5,9,6,10,7.1,0,19,290102,148908,141194,2020-06-04 10:56:23
2020-06-03,"10-19",44,16.7,20,14.8,24,18.7,0,44,263568,134947,128621,2020-06-04 10:56:23
2020-06-03,"20-29",217,63.9,106,59.7,111,68.4,0,217,339736,177466,162270,2020-06-04 10:56:23
2020-06-03,"30-39",211,58.7,111,58.7,100,58.7,0,211,359239,188972,170267,2020-06-04 10:56:23
2020-06-03,"40-49",268,72.5,109,59.3,159,85.6,0,268,369722,183873,185849,2020-06-04 10:56:23
2020-06-03,"50-59",375,89.5,128,65.2,247,111,0,375,419039,196469,222570,2020-06-04 10:56:23
2020-06-03,"60-69",252,71.7,105,71,147,72.3,0,252,351248,147788,203460,2020-06-04 10:56:23
2020-06-03,"70-79",137,57.8,63,77.1,74,47.7,0,137,236890,81674,155216,2020-06-04 10:56:23
2020-06-03,"Virš 80",161,97.8,47,106.2,114,94.8,0,161,164546,44257,120289,2020-06-04 10:56:23
2020-06-04,"0-9",19,6.5,9,6,10,7.1,0,19,290102,148908,141194,2020-06-05 10:19:16
2020-06-04,"10-19",44,16.7,20,14.8,24,18.7,0,44,263568,134947,128621,2020-06-05 10:19:16
2020-06-04,"20-29",219,64.5,107,60.3,112,69,0,219,339736,177466,162270,2020-06-05 10:19:16
2020-06-04,"30-39",211,58.7,111,58.7,100,58.7,0,211,359239,188972,170267,2020-06-05 10:19:16
2020-06-04,"40-49",268,72.5,109,59.3,159,85.6,0,268,369722,183873,185849,2020-06-05 10:19:16
2020-06-04,"50-59",376,89.7,129,65.7,247,111,0,376,419039,196469,222570,2020-06-05 10:19:16
2020-06-04,"60-69",252,71.7,105,71,147,72.3,0,252,351248,147788,203460,2020-06-05 10:19:16
2020-06-04,"70-79",137,57.8,63,77.1,74,47.7,0,137,236890,81674,155216,2020-06-05 10:19:16
2020-06-04,"Virš 80",161,97.8,47,106.2,114,94.8,0,161,164546,44257,120289,2020-06-05 10:19:16
2020-06-05,"0-9",19,6.5,9,6,10,7.1,0,19,290102,148908,141194,2020-06-06 18:08:07
2020-06-05,"10-19",44,16.7,20,14.8,24,18.7,0,44,263568,134947,128621,2020-06-06 18:08:07
2020-06-05,"20-29",222,65.3,108,60.9,114,70.3,0,222,339736,177466,162270,2020-06-06 18:08:07
2020-06-05,"30-39",213,59.3,112,59.3,101,59.3,0,213,359239,188972,170267,2020-06-06 18:08:07
2020-06-05,"40-49",271,73.3,111,60.4,160,86.1,0,271,369722,183873,185849,2020-06-06 18:08:07
2020-06-05,"50-59",381,90.9,131,66.7,250,112.3,0,381,419039,196469,222570,2020-06-06 18:08:07
2020-06-05,"60-69",257,73.2,109,73.8,148,72.7,0,257,351248,147788,203460,2020-06-06 18:08:07
2020-06-05,"70-79",137,57.8,63,77.1,74,47.7,0,137,236890,81674,155216,2020-06-06 18:08:07
2020-06-05,"Virš 80",161,97.8,47,106.2,114,94.8,0,161,164546,44257,120289,2020-06-06 18:08:07
2020-06-06,"0-9",19,6.5,9,6,10,7.1,0,19,290102,148908,141194,2020-06-07 12:03:22
2020-06-06,"10-19",44,16.7,20,14.8,24,18.7,0,44,263568,134947,128621,2020-06-07 12:03:22
2020-06-06,"20-29",224,65.9,110,62,114,70.3,0,224,339736,177466,162270,2020-06-07 12:03:22
2020-06-06,"30-39",213,59.3,112,59.3,101,59.3,0,213,359239,188972,170267,2020-06-07 12:03:22
2020-06-06,"40-49",275,74.4,113,61.5,162,87.2,0,275,369722,183873,185849,2020-06-07 12:03:22
2020-06-06,"50-59",384,91.6,132,67.2,252,113.2,0,384,419039,196469,222570,2020-06-07 12:03:22
2020-06-06,"60-69",257,73.2,109,73.8,148,72.7,0,257,351248,147788,203460,2020-06-07 12:03:22
2020-06-06,"70-79",137,57.8,63,77.1,74,47.7,0,137,236890,81674,155216,2020-06-07 12:03:22
2020-06-06,"Virš 80",161,97.8,47,106.2,114,94.8,0,161,164546,44257,120289,2020-06-07 12:03:22
2020-06-07,"0-9",19,6.5,9,6,10,7.1,0,19,290102,148908,141194,2020-06-08 21:29:30
2020-06-07,"10-19",44,16.7,20,14.8,24,18.7,0,44,263568,134947,128621,2020-06-08 21:29:30
2020-06-07,"20-29",224,65.9,110,62,114,70.3,0,224,339736,177466,162270,2020-06-08 21:29:30
2020-06-07,"30-39",213,59.3,112,59.3,101,59.3,0,213,359239,188972,170267,2020-06-08 21:29:30
2020-06-07,"40-49",277,74.9,115,62.5,162,87.2,0,277,369722,183873,185849,2020-06-08 21:29:30
2020-06-07,"50-59",384,91.6,132,67.2,252,113.2,0,384,419039,196469,222570,2020-06-08 21:29:30
2020-06-07,"60-69",257,73.2,109,73.8,148,72.7,0,257,351248,147788,203460,2020-06-08 21:29:30
2020-06-07,"70-79",137,57.8,63,77.1,74,47.7,0,137,236890,81674,155216,2020-06-08 21:29:30
2020-06-07,"Virš 80",161,97.8,47,106.2,114,94.8,0,161,164546,44257,120289,2020-06-08 21:29:30
2020-06-08,"0-9",19,6.5,9,6,10,7.1,0,19,290102,148908,141194,2020-06-09 10:57:16
2020-06-08,"10-19",44,16.7,20,14.8,24,18.7,0,44,263568,134947,128621,2020-06-09 10:57:16
2020-06-08,"20-29",224,65.9,110,62,114,70.3,0,224,339736,177466,162270,2020-06-09 10:57:16
2020-06-08,"30-39",213,59.3,112,59.3,101,59.3,0,213,359239,188972,170267,2020-06-09 10:57:16
2020-06-08,"40-49",277,74.9,115,62.5,162,87.2,0,277,369722,183873,185849,2020-06-09 10:57:16
2020-06-08,"50-59",384,91.6,132,67.2,252,113.2,0,384,419039,196469,222570,2020-06-09 10:57:16
2020-06-08,"60-69",257,73.2,109,73.8,148,72.7,0,257,351248,147788,203460,2020-06-09 10:57:16
2020-06-08,"70-79",137,57.8,63,77.1,74,47.7,0,137,236890,81674,155216,2020-06-09 10:57:16
2020-06-08,"Virš 80",161,97.8,47,106.2,114,94.8,0,161,164546,44257,120289,2020-06-09 10:57:16
2020-06-09,"0-9",19,6.5,9,6,10,7.1,0,19,290102,148908,141194,2020-06-10 14:33:39
2020-06-09,"10-19",44,16.7,20,14.8,24,18.7,0,44,263568,134947,128621,2020-06-10 14:33:39
2020-06-09,"20-29",224,65.9,110,62,114,70.3,0,224,339736,177466,162270,2020-06-10 14:33:39
2020-06-09,"30-39",217,60.4,113,59.8,104,61.1,0,217,359239,188972,170267,2020-06-10 14:33:39
2020-06-09,"40-49",282,76.3,118,64.2,164,88.2,0,282,369722,183873,185849,2020-06-10 14:33:39
2020-06-09,"50-59",387,92.4,134,68.2,253,113.7,0,387,419039,196469,222570,2020-06-10 14:33:39
2020-06-09,"60-69",261,74.3,110,74.4,151,74.2,0,261,351248,147788,203460,2020-06-10 14:33:39
2020-06-09,"70-79",138,58.3,64,78.4,74,47.7,0,138,236890,81674,155216,2020-06-10 14:33:39
2020-06-09,"Virš 80",161,97.8,47,106.2,114,94.8,0,161,164546,44257,120289,2020-06-10 14:33:39
2020-06-10,"0-9",19,6.5,9,6,10,7.1,0,19,290102,148908,141194,2020-06-11 10:41:06
2020-06-10,"10-19",44,16.7,20,14.8,24,18.7,0,44,263568,134947,128621,2020-06-11 10:41:06
2020-06-10,"20-29",224,65.9,110,62,114,70.3,0,224,339736,177466,162270,2020-06-11 10:41:06
2020-06-10,"30-39",217,60.4,113,59.8,104,61.1,0,217,359239,188972,170267,2020-06-11 10:41:06
2020-06-10,"40-49",282,76.3,118,64.2,164,88.2,0,282,369722,183873,185849,2020-06-11 10:41:06
2020-06-10,"50-59",387,92.4,134,68.2,253,113.7,0,387,419039,196469,222570,2020-06-11 10:41:06
2020-06-10,"60-69",261,74.3,110,74.4,151,74.2,0,261,351248,147788,203460,2020-06-11 10:41:06
2020-06-10,"70-79",138,58.3,64,78.4,74,47.7,0,138,236890,81674,155216,2020-06-11 10:41:06
2020-06-10,"Virš 80",161,97.8,47,106.2,114,94.8,0,161,164546,44257,120289,2020-06-11 10:41:06
2020-06-11,"0-9",22,7.6,10,6.7,12,8.5,0,22,290102,148908,141194,2020-06-12 11:40:57
2020-06-11,"10-19",47,17.8,22,16.3,25,19.4,0,47,263568,134947,128621,2020-06-12 11:40:57
2020-06-11,"20-29",226,66.5,110,62,116,71.5,0,226,339736,177466,162270,2020-06-12 11:40:57
2020-06-11,"30-39",219,61,115,60.9,104,61.1,0,219,359239,188972,170267,2020-06-12 11:40:57
2020-06-11,"40-49",288,77.9,119,64.7,169,90.9,0,288,369722,183873,185849,2020-06-12 11:40:57
2020-06-11,"50-59",392,93.5,137,69.7,255,114.6,0,392,419039,196469,222570,2020-06-12 11:40:57
2020-06-11,"60-69",261,74.3,110,74.4,151,74.2,0,261,351248,147788,203460,2020-06-12 11:40:57
2020-06-11,"70-79",139,58.7,64,78.4,75,48.3,0,139,236890,81674,155216,2020-06-12 11:40:57
2020-06-11,"Virš 80",162,98.5,47,106.2,115,95.6,0,162,164546,44257,120289,2020-06-12 11:40:57
2020-06-12,"0-9",22,7.6,10,6.7,12,8.5,0,22,290102,148908,141194,2020-06-13 23:00:00
2020-06-12,"10-19",47,17.8,22,16.3,25,19.4,0,47,263568,134947,128621,2020-06-13 23:00:00
2020-06-12,"20-29",226,66.5,110,62,116,71.5,0,226,339736,177466,162270,2020-06-13 23:00:00
2020-06-12,"30-39",219,61,115,60.9,104,61.1,0,219,359239,188972,170267,2020-06-13 23:00:00
2020-06-12,"40-49",290,78.4,120,65.3,170,91.5,0,290,369722,183873,185849,2020-06-13 23:00:00
2020-06-12,"50-59",397,94.7,139,70.7,258,115.9,0,397,419039,196469,222570,2020-06-13 23:00:00
2020-06-12,"60-69",261,74.3,110,74.4,151,74.2,0,261,351248,147788,203460,2020-06-13 23:00:00
2020-06-12,"70-79",139,58.7,64,78.4,75,48.3,0,139,236890,81674,155216,2020-06-13 23:00:00
2020-06-12,"Virš 80",162,98.5,47,106.2,115,95.6,0,162,164546,44257,120289,2020-06-13 23:00:00
2020-06-13,"0-9",22,7.6,10,6.7,12,8.5,0,22,290102,148908,141194,2020-06-14 12:46:07
2020-06-13,"10-19",47,17.8,22,16.3,25,19.4,0,47,263568,134947,128621,2020-06-14 12:46:07
2020-06-13,"20-29",226,66.5,110,62,116,71.5,0,226,339736,177466,162270,2020-06-14 12:46:07
2020-06-13,"30-39",221,61.5,116,61.4,105,61.7,0,221,359239,188972,170267,2020-06-14 12:46:07
2020-06-13,"40-49",292,79,122,66.4,170,91.5,0,292,369722,183873,185849,2020-06-14 12:46:07
2020-06-13,"50-59",398,95,140,71.3,258,115.9,0,398,419039,196469,222570,2020-06-14 12:46:07
2020-06-13,"60-69",261,74.3,110,74.4,151,74.2,0,261,351248,147788,203460,2020-06-14 12:46:07
2020-06-13,"70-79",139,58.7,64,78.4,75,48.3,0,139,236890,81674,155216,2020-06-14 12:46:07
2020-06-13,"Virš 80",162,98.5,47,106.2,115,95.6,0,162,164546,44257,120289,2020-06-14 12:46:07
2020-06-14,"0-9",22,7.6,10,6.7,12,8.5,0,22,290102,148908,141194,2020-06-15 16:20:06
2020-06-14,"10-19",48,18.2,23,17,25,19.4,0,48,263568,134947,128621,2020-06-15 16:20:06
2020-06-14,"20-29",226,66.5,110,62,116,71.5,0,226,339736,177466,162270,2020-06-15 16:20:06
2020-06-14,"30-39",221,61.5,116,61.4,105,61.7,0,221,359239,188972,170267,2020-06-15 16:20:06
2020-06-14,"40-49",294,79.5,122,66.4,172,92.5,0,294,369722,183873,185849,2020-06-15 16:20:06
2020-06-14,"50-59",399,95.2,141,71.8,258,115.9,0,399,419039,196469,222570,2020-06-15 16:20:06
2020-06-14,"60-69",262,74.6,110,74.4,152,74.7,0,262,351248,147788,203460,2020-06-15 16:20:06
2020-06-14,"70-79",139,58.7,64,78.4,75,48.3,0,139,236890,81674,155216,2020-06-15 16:20:06
2020-06-14,"Virš 80",162,98.5,47,106.2,115,95.6,0,162,164546,44257,120289,2020-06-15 16:20:06
2020-06-15,"0-9",22,7.6,10,6.7,12,8.5,0,22,290102,148908,141194,2020-06-16 11:42:10
2020-06-15,"10-19",48,18.2,23,17,25,19.4,0,48,263568,134947,128621,2020-06-16 11:42:10
2020-06-15,"20-29",226,66.5,110,62,116,71.5,0,226,339736,177466,162270,2020-06-16 11:42:10
2020-06-15,"30-39",221,61.5,116,61.4,105,61.7,0,221,359239,188972,170267,2020-06-16 11:42:10
2020-06-15,"40-49",294,79.5,122,66.4,172,92.5,0,294,369722,183873,185849,2020-06-16 11:42:10
2020-06-15,"50-59",399,95.2,141,71.8,258,115.9,0,399,419039,196469,222570,2020-06-16 11:42:10
2020-06-15,"60-69",264,75.2,111,75.1,153,75.2,0,264,351248,147788,203460,2020-06-16 11:42:10
2020-06-15,"70-79",139,58.7,64,78.4,75,48.3,0,139,236890,81674,155216,2020-06-16 11:42:10
2020-06-15,"Virš 80",163,99.1,48,108.5,115,95.6,0,163,164546,44257,120289,2020-06-16 11:42:10
2020-06-16,"0-9",22,7.6,10,6.7,12,8.5,0,22,290102,148908,141194,2020-06-17 11:00:38
2020-06-16,"10-19",48,18.2,23,17,25,19.4,0,48,263568,134947,128621,2020-06-17 11:00:38
2020-06-16,"20-29",226,66.5,110,62,116,71.5,0,226,339736,177466,162270,2020-06-17 11:00:38
2020-06-16,"30-39",221,61.5,116,61.4,105,61.7,0,221,359239,188972,170267,2020-06-17 11:00:38
2020-06-16,"40-49",294,79.5,122,66.4,172,92.5,0,294,369722,183873,185849,2020-06-17 11:00:38
2020-06-16,"50-59",399,95.2,141,71.8,258,115.9,0,399,419039,196469,222570,2020-06-17 11:00:38
2020-06-16,"60-69",264,75.2,111,75.1,153,75.2,0,264,351248,147788,203460,2020-06-17 11:00:38
2020-06-16,"70-79",139,58.7,64,78.4,75,48.3,0,139,236890,81674,155216,2020-06-17 11:00:38
2020-06-16,"Virš 80",163,99.1,48,108.5,115,95.6,0,163,164546,44257,120289,2020-06-17 11:00:38
2020-06-17,"0-9",22,7.6,10,6.7,12,8.5,0,22,290102,148908,141194,2020-06-18 12:53:34
2020-06-17,"10-19",49,18.6,24,17.8,25,19.4,0,49,263568,134947,128621,2020-06-18 12:53:34
2020-06-17,"20-29",227,66.8,111,62.5,116,71.5,0,227,339736,177466,162270,2020-06-18 12:53:34
2020-06-17,"30-39",222,61.8,117,61.9,105,61.7,0,222,359239,188972,170267,2020-06-18 12:53:34
2020-06-17,"40-49",296,80.1,123,66.9,173,93.1,0,296,369722,183873,185849,2020-06-18 12:53:34
2020-06-17,"50-59",400,95.5,141,71.8,259,116.4,0,400,419039,196469,222570,2020-06-18 12:53:34
2020-06-17,"60-69",266,75.7,112,75.8,154,75.7,0,266,351248,147788,203460,2020-06-18 12:53:34
2020-06-17,"70-79",139,58.7,64,78.4,75,48.3,0,139,236890,81674,155216,2020-06-18 12:53:34
2020-06-17,"Virš 80",163,99.1,48,108.5,115,95.6,0,163,164546,44257,120289,2020-06-18 12:53:34
2020-06-18,"0-9",22,7.6,10,6.7,12,8.5,0,22,290102,148908,141194,2020-06-19 11:18:32
2020-06-18,"10-19",49,18.6,24,17.8,25,19.4,0,49,263568,134947,128621,2020-06-19 11:18:32
2020-06-18,"20-29",227,66.8,111,62.5,116,71.5,0,227,339736,177466,162270,2020-06-19 11:18:32
2020-06-18,"30-39",223,62.1,117,61.9,106,62.3,0,223,359239,188972,170267,2020-06-19 11:18:32
2020-06-18,"40-49",298,80.6,125,68,173,93.1,0,298,369722,183873,185849,2020-06-19 11:18:32
2020-06-18,"50-59",404,96.4,144,73.3,260,116.8,0,404,419039,196469,222570,2020-06-19 11:18:32
2020-06-18,"60-69",267,76,112,75.8,155,76.2,0,267,351248,147788,203460,2020-06-19 11:18:32
2020-06-18,"70-79",139,58.7,64,78.4,75,48.3,0,139,236890,81674,155216,2020-06-19 11:18:32
2020-06-18,"Virš 80",163,99.1,48,108.5,115,95.6,0,163,164546,44257,120289,2020-06-19 11:18:32
2020-06-19,"0-9",22,7.6,10,6.7,12,8.5,0,22,290102,148908,141194,2020-06-20 14:01:41
2020-06-19,"10-19",50,19,25,18.5,25,19.4,0,50,263568,134947,128621,2020-06-20 14:01:41
2020-06-19,"20-29",228,67.1,111,62.5,117,72.1,0,228,339736,177466,162270,2020-06-20 14:01:41
2020-06-19,"30-39",223,62.1,117,61.9,106,62.3,0,223,359239,188972,170267,2020-06-20 14:01:41
2020-06-19,"40-49",299,80.9,125,68,174,93.6,0,299,369722,183873,185849,2020-06-20 14:01:41
2020-06-19,"50-59",404,96.4,144,73.3,260,116.8,0,404,419039,196469,222570,2020-06-20 14:01:41
2020-06-19,"60-69",267,76,112,75.8,155,76.2,0,267,351248,147788,203460,2020-06-20 14:01:41
2020-06-19,"70-79",139,58.7,64,78.4,75,48.3,0,139,236890,81674,155216,2020-06-20 14:01:41
2020-06-19,"Virš 80",163,99.1,48,108.5,115,95.6,0,163,164546,44257,120289,2020-06-20 14:01:41
2020-06-20,"0-9",22,7.6,10,6.7,12,8.5,0,22,290102,148908,141194,2020-06-21 16:07:51
2020-06-20,"10-19",50,19,25,18.5,25,19.4,0,50,263568,134947,128621,2020-06-21 16:07:51
2020-06-20,"20-29",228,67.1,111,62.5,117,72.1,0,228,339736,177466,162270,2020-06-21 16:07:51
2020-06-20,"30-39",225,62.6,119,63,106,62.3,0,225,359239,188972,170267,2020-06-21 16:07:51
2020-06-20,"40-49",299,80.9,125,68,174,93.6,0,299,369722,183873,185849,2020-06-21 16:07:51
2020-06-20,"50-59",405,96.6,144,73.3,261,117.3,0,405,419039,196469,222570,2020-06-21 16:07:51
2020-06-20,"60-69",267,76,112,75.8,155,76.2,0,267,351248,147788,203460,2020-06-21 16:07:51
2020-06-20,"70-79",139,58.7,64,78.4,75,48.3,0,139,236890,81674,155216,2020-06-21 16:07:51
2020-06-20,"Virš 80",163,99.1,48,108.5,115,95.6,0,163,164546,44257,120289,2020-06-21 16:07:51
2020-06-21,"0-9",22,7.6,10,6.7,12,8.5,0,22,290102,148908,141194,2020-06-22 22:48:30
2020-06-21,"10-19",50,19,25,18.5,25,19.4,0,50,263568,134947,128621,2020-06-22 22:48:30
2020-06-21,"20-29",228,67.1,111,62.5,117,72.1,0,228,339736,177466,162270,2020-06-22 22:48:30
2020-06-21,"30-39",226,62.9,119,63,107,62.8,0,226,359239,188972,170267,2020-06-22 22:48:30
2020-06-21,"40-49",299,80.9,125,68,174,93.6,0,299,369722,183873,185849,2020-06-22 22:48:30
2020-06-21,"50-59",406,96.9,145,73.8,261,117.3,0,406,419039,196469,222570,2020-06-22 22:48:30
2020-06-21,"60-69",267,76,112,75.8,155,76.2,0,267,351248,147788,203460,2020-06-22 22:48:30
2020-06-21,"70-79",140,59.1,65,79.6,75,48.3,0,140,236890,81674,155216,2020-06-22 22:48:30
2020-06-21,"Virš 80",163,99.1,48,108.5,115,95.6,0,163,164546,44257,120289,2020-06-22 22:48:30
2020-06-22,"0-9",22,7.6,10,6.7,12,8.5,0,22,290102,148908,141194,2020-06-23 11:35:55
2020-06-22,"10-19",50,19,25,18.5,25,19.4,0,50,263568,134947,128621,2020-06-23 11:35:55
2020-06-22,"20-29",228,67.1,111,62.5,117,72.1,0,228,339736,177466,162270,2020-06-23 11:35:55
2020-06-22,"30-39",226,62.9,119,63,107,62.8,0,226,359239,188972,170267,2020-06-23 11:35:55
2020-06-22,"40-49",299,80.9,125,68,174,93.6,0,299,369722,183873,185849,2020-06-23 11:35:55
2020-06-22,"50-59",407,97.1,145,73.8,262,117.7,0,407,419039,196469,222570,2020-06-23 11:35:55
2020-06-22,"60-69",267,76,112,75.8,155,76.2,0,267,351248,147788,203460,2020-06-23 11:35:55
2020-06-22,"70-79",141,59.5,65,79.6,76,49,0,141,236890,81674,155216,2020-06-23 11:35:55
2020-06-22,"Virš 80",163,99.1,48,108.5,115,95.6,0,163,164546,44257,120289,2020-06-23 11:35:55
2020-06-24,"0-9",22,7.6,10,6.7,12,8.5,0,22,290102,148908,141194,2020-06-25 23:00:00
2020-06-24,"10-19",50,19,25,18.5,25,19.4,0,50,263568,134947,128621,2020-06-25 23:00:00
2020-06-24,"20-29",230,67.7,111,62.5,119,73.3,0,230,339736,177466,162270,2020-06-25 23:00:00
2020-06-24,"30-39",226,62.9,119,63,107,62.8,0,226,359239,188972,170267,2020-06-25 23:00:00
2020-06-24,"40-49",300,81.1,126,68.5,174,93.6,0,300,369722,183873,185849,2020-06-25 23:00:00
2020-06-24,"50-59",407,97.1,145,73.8,262,117.7,0,407,419039,196469,222570,2020-06-25 23:00:00
2020-06-24,"60-69",267,76,112,75.8,155,76.2,0,267,351248,147788,203460,2020-06-25 23:00:00
2020-06-24,"70-79",141,59.5,65,79.6,76,49,0,141,236890,81674,155216,2020-06-25 23:00:00
2020-06-24,"Virš 80",163,99.1,48,108.5,115,95.6,0,163,164546,44257,120289,2020-06-25 23:00:00
2020-06-25,"0-9",23,7.9,11,7.4,12,8.5,0,23,290102,148908,141194,2020-06-26 11:46:03
2020-06-25,"10-19",50,19,25,18.5,25,19.4,0,50,263568,134947,128621,2020-06-26 11:46:03
2020-06-25,"20-29",230,67.7,111,62.5,119,73.3,0,230,339736,177466,162270,2020-06-26 11:46:03
2020-06-25,"30-39",227,63.2,119,63,108,63.4,0,227,359239,188972,170267,2020-06-26 11:46:03
2020-06-25,"40-49",300,81.1,126,68.5,174,93.6,0,300,369722,183873,185849,2020-06-26 11:46:03
2020-06-25,"50-59",407,97.1,145,73.8,262,117.7,0,407,419039,196469,222570,2020-06-26 11:46:03
2020-06-25,"60-69",267,76,112,75.8,155,76.2,0,267,351248,147788,203460,2020-06-26 11:46:03
2020-06-25,"70-79",141,59.5,65,79.6,76,49,0,141,236890,81674,155216,2020-06-26 11:46:03
2020-06-25,"Virš 80",163,99.1,48,108.5,115,95.6,0,163,164546,44257,120289,2020-06-26 11:46:03
2020-06-26,"0-9",23,7.9,11,7.4,12,8.5,0,23,290102,148908,141194,2020-06-27 12:33:52
2020-06-26,"10-19",50,19,25,18.5,25,19.4,0,50,263568,134947,128621,2020-06-27 12:33:52
2020-06-26,"20-29",231,68,112,63.1,119,73.3,0,231,339736,177466,162270,2020-06-27 12:33:52
2020-06-26,"30-39",229,63.7,120,63.5,109,64,0,229,359239,188972,170267,2020-06-27 12:33:52
2020-06-26,"40-49",300,81.1,126,68.5,174,93.6,0,300,369722,183873,185849,2020-06-27 12:33:52
2020-06-26,"50-59",408,97.4,145,73.8,263,118.2,0,408,419039,196469,222570,2020-06-27 12:33:52
2020-06-26,"60-69",267,76,112,75.8,155,76.2,0,267,351248,147788,203460,2020-06-27 12:33:52
2020-06-26,"70-79",141,59.5,65,79.6,76,49,0,141,236890,81674,155216,2020-06-27 12:33:52
2020-06-26,"Virš 80",163,99.1,48,108.5,115,95.6,0,163,164546,44257,120289,2020-06-27 12:33:52
2020-06-27,"0-9",23,7.9,11,7.4,12,8.5,0,23,290102,148908,141194,2020-06-28 21:50:39
2020-06-27,"10-19",51,19.3,25,18.5,26,20.2,0,51,263568,134947,128621,2020-06-28 21:50:39
2020-06-27,"20-29",231,68,112,63.1,119,73.3,0,231,339736,177466,162270,2020-06-28 21:50:39
2020-06-27,"30-39",229,63.7,120,63.5,109,64,0,229,359239,188972,170267,2020-06-28 21:50:39
2020-06-27,"40-49",300,81.1,126,68.5,174,93.6,0,300,369722,183873,185849,2020-06-28 21:50:39
2020-06-27,"50-59",409,97.6,146,74.3,263,118.2,0,409,419039,196469,222570,2020-06-28 21:50:39
2020-06-27,"60-69",268,76.3,113,76.5,155,76.2,0,268,351248,147788,203460,2020-06-28 21:50:39
2020-06-27,"70-79",141,59.5,65,79.6,76,49,0,141,236890,81674,155216,2020-06-28 21:50:39
2020-06-27,"Virš 80",163,99.1,48,108.5,115,95.6,0,163,164546,44257,120289,2020-06-28 21:50:39
2020-06-28,"0-9",23,7.9,11,7.4,12,8.5,0,23,290102,148908,141194,2020-06-29 14:00:04
2020-06-28,"10-19",51,19.3,25,18.5,26,20.2,0,51,263568,134947,128621,2020-06-29 14:00:04
2020-06-28,"20-29",231,68,112,63.1,119,73.3,0,231,339736,177466,162270,2020-06-29 14:00:04
2020-06-28,"30-39",230,64,121,64,109,64,0,230,359239,188972,170267,2020-06-29 14:00:04
2020-06-28,"40-49",300,81.1,126,68.5,174,93.6,0,300,369722,183873,185849,2020-06-29 14:00:04
2020-06-28,"50-59",409,97.6,146,74.3,263,118.2,0,409,419039,196469,222570,2020-06-29 14:00:04
2020-06-28,"60-69",268,76.3,113,76.5,155,76.2,0,268,351248,147788,203460,2020-06-29 14:00:04
2020-06-28,"70-79",141,59.5,65,79.6,76,49,0,141,236890,81674,155216,2020-06-29 14:00:04
2020-06-28,"Virš 80",163,99.1,48,108.5,115,95.6,0,163,164546,44257,120289,2020-06-29 14:00:04
2020-06-29,"0-9",23,7.9,11,7.4,12,8.5,0,23,290102,148908,141194,2020-06-30 21:54:36
2020-06-29,"10-19",51,19.3,25,18.5,26,20.2,0,51,263568,134947,128621,2020-06-30 21:54:36
2020-06-29,"20-29",231,68,112,63.1,119,73.3,0,231,339736,177466,162270,2020-06-30 21:54:36
2020-06-29,"30-39",230,64,121,64,109,64,0,230,359239,188972,170267,2020-06-30 21:54:36
2020-06-29,"40-49",300,81.1,126,68.5,174,93.6,0,300,369722,183873,185849,2020-06-30 21:54:36
2020-06-29,"50-59",410,97.8,147,74.8,263,118.2,0,410,419039,196469,222570,2020-06-30 21:54:36
2020-06-29,"60-69",268,76.3,113,76.5,155,76.2,0,268,351248,147788,203460,2020-06-30 21:54:36
2020-06-29,"70-79",141,59.5,65,79.6,76,49,0,141,236890,81674,155216,2020-06-30 21:54:36
2020-06-29,"Virš 80",163,99.1,48,108.5,115,95.6,0,163,164546,44257,120289,2020-06-30 21:54:36
2020-06-30,"0-9",23,7.9,11,7.4,12,8.5,0,23,290102,148908,141194,2020-07-01 17:20:33
2020-06-30,"10-19",51,19.3,25,18.5,26,20.2,0,51,263568,134947,128621,2020-07-01 17:20:33
2020-06-30,"20-29",232,68.3,113,63.7,119,73.3,0,232,339736,177466,162270,2020-07-01 17:20:33
2020-06-30,"30-39",230,64,121,64,109,64,0,230,359239,188972,170267,2020-07-01 17:20:33
2020-06-30,"40-49",300,81.1,126,68.5,174,93.6,0,300,369722,183873,185849,2020-07-01 17:20:33
2020-06-30,"50-59",410,97.8,147,74.8,263,118.2,0,410,419039,196469,222570,2020-07-01 17:20:33
2020-06-30,"60-69",268,76.3,113,76.5,155,76.2,0,268,351248,147788,203460,2020-07-01 17:20:33
2020-06-30,"70-79",141,59.5,65,79.6,76,49,0,141,236890,81674,155216,2020-07-01 17:20:33
2020-06-30,"Virš 80",163,99.1,48,108.5,115,95.6,0,163,164546,44257,120289,2020-07-01 17:20:33
2020-07-01,"0-9",23,7.9,11,7.4,12,8.5,0,23,290102,148908,141194,2020-07-02 14:00:05
2020-07-01,"10-19",51,19.3,25,18.5,26,20.2,0,51,263568,134947,128621,2020-07-02 14:00:05
2020-07-01,"20-29",234,68.9,115,64.8,119,73.3,0,234,339736,177466,162270,2020-07-02 14:00:05
2020-07-01,"30-39",230,64,121,64,109,64,0,230,359239,188972,170267,2020-07-02 14:00:05
2020-07-01,"40-49",303,82,129,70.2,174,93.6,0,303,369722,183873,185849,2020-07-02 14:00:05
2020-07-01,"50-59",411,98.1,148,75.3,263,118.2,0,411,419039,196469,222570,2020-07-02 14:00:05
2020-07-01,"60-69",268,76.3,113,76.5,155,76.2,0,268,351248,147788,203460,2020-07-02 14:00:05
2020-07-01,"70-79",142,59.9,66,80.8,76,49,0,142,236890,81674,155216,2020-07-02 14:00:05
2020-07-01,"Virš 80",163,99.1,48,108.5,115,95.6,0,163,164546,44257,120289,2020-07-02 14:00:05
2020-07-02,"0-9",23,7.9,11,7.4,12,8.5,0,23,290102,148908,141194,2020-07-03 14:00:03
2020-07-02,"10-19",51,19.3,25,18.5,26,20.2,0,51,263568,134947,128621,2020-07-03 14:00:03
2020-07-02,"20-29",234,68.9,115,64.8,119,73.3,0,234,339736,177466,162270,2020-07-03 14:00:03
2020-07-02,"30-39",230,64,121,64,109,64,0,230,359239,188972,170267,2020-07-03 14:00:03
2020-07-02,"40-49",303,82,129,70.2,174,93.6,0,303,369722,183873,185849,2020-07-03 14:00:03
2020-07-02,"50-59",412,98.3,149,75.8,263,118.2,0,412,419039,196469,222570,2020-07-03 14:00:03
2020-07-02,"60-69",270,76.9,113,76.5,157,77.2,0,270,351248,147788,203460,2020-07-03 14:00:03
2020-07-02,"70-79",142,59.9,66,80.8,76,49,0,142,236890,81674,155216,2020-07-03 14:00:03
2020-07-02,"Virš 80",163,99.1,48,108.5,115,95.6,0,163,164546,44257,120289,2020-07-03 14:00:03
2020-07-03,"0-9",23,7.9,11,7.4,12,8.5,0,23,290102,148908,141194,2020-07-04 21:50:43
2020-07-03,"10-19",51,19.3,25,18.5,26,20.2,0,51,263568,134947,128621,2020-07-04 21:50:43
2020-07-03,"20-29",235,69.2,115,64.8,120,74,0,235,339736,177466,162270,2020-07-04 21:50:43
2020-07-03,"30-39",231,64.3,122,64.6,109,64,0,231,359239,188972,170267,2020-07-04 21:50:43
2020-07-03,"40-49",303,82,129,70.2,174,93.6,0,303,369722,183873,185849,2020-07-04 21:50:43
2020-07-03,"50-59",412,98.3,149,75.8,263,118.2,0,412,419039,196469,222570,2020-07-04 21:50:43
2020-07-03,"60-69",270,76.9,113,76.5,157,77.2,0,270,351248,147788,203460,2020-07-04 21:50:43
2020-07-03,"70-79",142,59.9,66,80.8,76,49,0,142,236890,81674,155216,2020-07-04 21:50:43
2020-07-03,"Virš 80",163,99.1,48,108.5,115,95.6,0,163,164546,44257,120289,2020-07-04 21:50:43
2020-07-04,"0-9",23,7.9,11,7.4,12,8.5,0,23,290102,148908,141194,2020-07-05 14:00:03
2020-07-04,"10-19",51,19.3,25,18.5,26,20.2,0,51,263568,134947,128621,2020-07-05 14:00:03
2020-07-04,"20-29",236,69.5,116,65.4,120,74,0,236,339736,177466,162270,2020-07-05 14:00:03
2020-07-04,"30-39",233,64.9,124,65.6,109,64,0,233,359239,188972,170267,2020-07-05 14:00:03
2020-07-04,"40-49",304,82.2,129,70.2,175,94.2,0,304,369722,183873,185849,2020-07-05 14:00:03
2020-07-04,"50-59",413,98.6,149,75.8,264,118.6,0,413,419039,196469,222570,2020-07-05 14:00:03
2020-07-04,"60-69",270,76.9,113,76.5,157,77.2,0,270,351248,147788,203460,2020-07-05 14:00:03
2020-07-04,"70-79",143,60.4,67,82,76,49,0,143,236890,81674,155216,2020-07-05 14:00:03
2020-07-04,"Virš 80",163,99.1,48,108.5,115,95.6,0,163,164546,44257,120289,2020-07-05 14:00:03
2020-07-05,"0-9",23,7.9,11,7.4,12,8.5,0,23,290102,148908,141194,2020-07-06 22:14:41
2020-07-05,"10-19",51,19.3,25,18.5,26,20.2,0,51,263568,134947,128621,2020-07-06 22:14:41
2020-07-05,"20-29",237,69.8,116,65.4,121,74.6,0,237,339736,177466,162270,2020-07-06 22:14:41
2020-07-05,"30-39",233,64.9,124,65.6,109,64,0,233,359239,188972,170267,2020-07-06 22:14:41
2020-07-05,"40-49",305,82.5,129,70.2,176,94.7,0,305,369722,183873,185849,2020-07-06 22:14:41
2020-07-05,"50-59",415,99,149,75.8,266,119.5,0,415,419039,196469,222570,2020-07-06 22:14:41
2020-07-05,"60-69",270,76.9,113,76.5,157,77.2,0,270,351248,147788,203460,2020-07-06 22:14:41
2020-07-05,"70-79",144,60.8,67,82,77,49.6,0,144,236890,81674,155216,2020-07-06 22:14:41
2020-07-05,"Virš 80",163,99.1,48,108.5,115,95.6,0,163,164546,44257,120289,2020-07-06 22:14:41
2020-07-06,"0-9",23,7.9,11,7.4,12,8.5,0,23,290102,148908,141194,2020-07-07 14:00:04
2020-07-06,"10-19",51,19.3,25,18.5,26,20.2,0,51,263568,134947,128621,2020-07-07 14:00:04
2020-07-06,"20-29",238,70.1,116,65.4,122,75.2,0,238,339736,177466,162270,2020-07-07 14:00:04
2020-07-06,"30-39",233,64.9,124,65.6,109,64,0,233,359239,188972,170267,2020-07-07 14:00:04
2020-07-06,"40-49",305,82.5,129,70.2,176,94.7,0,305,369722,183873,185849,2020-07-07 14:00:04
2020-07-06,"50-59",416,99.3,149,75.8,267,120,0,416,419039,196469,222570,2020-07-07 14:00:04
2020-07-06,"60-69",271,77.2,113,76.5,158,77.7,0,271,351248,147788,203460,2020-07-07 14:00:04
2020-07-06,"70-79",144,60.8,67,82,77,49.6,0,144,236890,81674,155216,2020-07-07 14:00:04
2020-07-06,"Virš 80",163,99.1,48,108.5,115,95.6,0,163,164546,44257,120289,2020-07-07 14:00:04
2020-07-07,"0-9",23,7.9,11,7.4,12,8.5,0,23,290102,148908,141194,2020-07-08 14:00:04
2020-07-07,"10-19",51,19.3,25,18.5,26,20.2,0,51,263568,134947,128621,2020-07-08 14:00:04
2020-07-07,"20-29",239,70.3,117,65.9,122,75.2,0,239,339736,177466,162270,2020-07-08 14:00:04
2020-07-07,"30-39",234,65.1,125,66.1,109,64,0,234,359239,188972,170267,2020-07-08 14:00:04
2020-07-07,"40-49",306,82.8,129,70.2,177,95.2,0,306,369722,183873,185849,2020-07-08 14:00:04
2020-07-07,"50-59",421,100.5,152,77.4,269,120.9,0,421,419039,196469,222570,2020-07-08 14:00:04
2020-07-07,"60-69",272,77.4,114,77.1,158,77.7,0,272,351248,147788,203460,2020-07-08 14:00:04
2020-07-07,"70-79",145,61.2,67,82,78,50.3,0,145,236890,81674,155216,2020-07-08 14:00:04
2020-07-07,"Virš 80",163,99.1,48,108.5,115,95.6,0,163,164546,44257,120289,2020-07-08 14:00:04
2020-07-08,"0-9",23,7.9,11,7.4,12,8.5,0,23,290102,148908,141194,2020-07-09 14:00:03
2020-07-08,"10-19",51,19.3,25,18.5,26,20.2,0,51,263568,134947,128621,2020-07-09 14:00:03
2020-07-08,"20-29",239,70.3,117,65.9,122,75.2,0,239,339736,177466,162270,2020-07-09 14:00:03
2020-07-08,"30-39",234,65.1,125,66.1,109,64,0,234,359239,188972,170267,2020-07-09 14:00:03
2020-07-08,"40-49",308,83.3,130,70.7,178,95.8,0,308,369722,183873,185849,2020-07-09 14:00:03
2020-07-08,"50-59",422,100.7,153,77.9,269,120.9,0,422,419039,196469,222570,2020-07-09 14:00:03
2020-07-08,"60-69",272,77.4,114,77.1,158,77.7,0,272,351248,147788,203460,2020-07-09 14:00:03
2020-07-08,"70-79",145,61.2,67,82,78,50.3,0,145,236890,81674,155216,2020-07-09 14:00:03
2020-07-08,"Virš 80",163,99.1,48,108.5,115,95.6,0,163,164546,44257,120289,2020-07-09 14:00:03
2020-07-09,"0-9",23,7.9,11,7.4,12,8.5,0,23,290102,148908,141194,2020-07-10 14:16:18
2020-07-09,"10-19",51,19.3,25,18.5,26,20.2,0,51,263568,134947,128621,2020-07-10 14:16:18
2020-07-09,"20-29",239,70.3,117,65.9,122,75.2,0,239,339736,177466,162270,2020-07-10 14:16:18
2020-07-09,"30-39",235,65.4,126,66.7,109,64,0,235,359239,188972,170267,2020-07-10 14:16:18
2020-07-09,"40-49",308,83.3,130,70.7,178,95.8,0,308,369722,183873,185849,2020-07-10 14:16:18
2020-07-09,"50-59",423,100.9,153,77.9,270,121.3,0,423,419039,196469,222570,2020-07-10 14:16:18
2020-07-09,"60-69",273,77.7,115,77.8,158,77.7,0,273,351248,147788,203460,2020-07-10 14:16:18
2020-07-09,"70-79",145,61.2,67,82,78,50.3,0,145,236890,81674,155216,2020-07-10 14:16:18
2020-07-09,"Virš 80",164,99.7,48,108.5,116,96.4,0,164,164546,44257,120289,2020-07-10 14:16:18
2020-07-10,"0-9",24,8.3,11,7.4,13,9.2,0,24,290102,148908,141194,2020-07-11 22:08:08
2020-07-10,"10-19",51,19.3,25,18.5,26,20.2,0,51,263568,134947,128621,2020-07-11 22:08:08
2020-07-10,"20-29",240,70.6,118,66.5,122,75.2,0,240,339736,177466,162270,2020-07-11 22:08:08
2020-07-10,"30-39",235,65.4,126,66.7,109,64,0,235,359239,188972,170267,2020-07-11 22:08:08
2020-07-10,"40-49",308,83.3,130,70.7,178,95.8,0,308,369722,183873,185849,2020-07-11 22:08:08
2020-07-10,"50-59",423,100.9,153,77.9,270,121.3,0,423,419039,196469,222570,2020-07-11 22:08:08
2020-07-10,"60-69",275,78.3,117,79.2,158,77.7,0,275,351248,147788,203460,2020-07-11 22:08:08
2020-07-10,"70-79",146,61.6,67,82,79,50.9,0,146,236890,81674,155216,2020-07-11 22:08:08
2020-07-10,"Virš 80",165,100.3,48,108.5,116,96.4,1,164,164546,44257,120289,2020-07-11 22:08:08
2020-07-11,"0-9",24,8.3,11,7.4,13,9.2,0,24,290102,148908,141194,2020-07-12 23:00:00
2020-07-11,"10-19",51,19.3,25,18.5,26,20.2,0,51,263568,134947,128621,2020-07-12 23:00:00
2020-07-11,"20-29",240,70.6,118,66.5,122,75.2,0,240,339736,177466,162270,2020-07-12 23:00:00
2020-07-11,"30-39",236,65.7,126,66.7,110,64.6,0,236,359239,188972,170267,2020-07-12 23:00:00
2020-07-11,"40-49",308,83.3,130,70.7,178,95.8,0,308,369722,183873,185849,2020-07-12 23:00:00
2020-07-11,"50-59",423,100.9,153,77.9,270,121.3,0,423,419039,196469,222570,2020-07-12 23:00:00
2020-07-11,"60-69",275,78.3,117,79.2,158,77.7,0,275,351248,147788,203460,2020-07-12 23:00:00
2020-07-11,"70-79",148,62.5,67,82,81,52.2,0,148,236890,81674,155216,2020-07-12 23:00:00
2020-07-11,"Virš 80",165,100.3,48,108.5,116,96.4,1,164,164546,44257,120289,2020-07-12 23:00:00
2020-07-12,"0-9",24,8.3,11,7.4,13,9.2,0,24,290102,148908,141194,2020-07-13 11:43:08
2020-07-12,"10-19",51,19.3,25,18.5,26,20.2,0,51,263568,134947,128621,2020-07-13 11:43:08
2020-07-12,"20-29",240,70.6,118,66.5,122,75.2,0,240,339736,177466,162270,2020-07-13 11:43:08
2020-07-12,"30-39",237,66,127,67.2,110,64.6,0,237,359239,188972,170267,2020-07-13 11:43:08
2020-07-12,"40-49",309,83.6,130,70.7,179,96.3,0,309,369722,183873,185849,2020-07-13 11:43:08
2020-07-12,"50-59",424,101.2,154,78.4,270,121.3,0,424,419039,196469,222570,2020-07-13 11:43:08
2020-07-12,"60-69",277,78.9,117,79.2,160,78.6,0,277,351248,147788,203460,2020-07-13 11:43:08
2020-07-12,"70-79",148,62.5,67,82,81,52.2,0,148,236890,81674,155216,2020-07-13 11:43:08
2020-07-12,"Virš 80",165,100.3,48,108.5,116,96.4,1,164,164546,44257,120289,2020-07-13 11:43:08
2020-07-13,"0-9",24,8.3,11,7.4,13,9.2,0,24,290102,148908,141194,2020-07-14 14:00:04
2020-07-13,"10-19",51,19.3,25,18.5,26,20.2,0,51,263568,134947,128621,2020-07-14 14:00:04
2020-07-13,"20-29",240,70.6,118,66.5,122,75.2,0,240,339736,177466,162270,2020-07-14 14:00:04
2020-07-13,"30-39",238,66.3,128,67.7,110,64.6,0,238,359239,188972,170267,2020-07-14 14:00:04
2020-07-13,"40-49",309,83.6,130,70.7,179,96.3,0,309,369722,183873,185849,2020-07-14 14:00:04
2020-07-13,"50-59",424,101.2,154,78.4,270,121.3,0,424,419039,196469,222570,2020-07-14 14:00:04
2020-07-13,"60-69",277,78.9,117,79.2,160,78.6,0,277,351248,147788,203460,2020-07-14 14:00:04
2020-07-13,"70-79",148,62.5,67,82,81,52.2,0,148,236890,81674,155216,2020-07-14 14:00:04
2020-07-13,"Virš 80",165,100.3,48,108.5,116,96.4,1,164,164546,44257,120289,2020-07-14 14:00:04
2020-07-14,"0-9",24,8.3,11,7.4,13,9.2,0,24,290102,148908,141194,2020-07-15 21:08:35
2020-07-14,"10-19",51,19.3,25,18.5,26,20.2,0,51,263568,134947,128621,2020-07-15 21:08:35
2020-07-14,"20-29",240,70.6,118,66.5,122,75.2,0,240,339736,177466,162270,2020-07-15 21:08:35
2020-07-14,"30-39",241,67.1,131,69.3,110,64.6,0,241,359239,188972,170267,2020-07-15 21:08:35
2020-07-14,"40-49",310,83.8,131,71.2,179,96.3,0,310,369722,183873,185849,2020-07-15 21:08:35
2020-07-14,"50-59",424,101.2,154,78.4,270,121.3,0,424,419039,196469,222570,2020-07-15 21:08:35
2020-07-14,"60-69",278,79.1,118,79.8,160,78.6,0,278,351248,147788,203460,2020-07-15 21:08:35
2020-07-14,"70-79",148,62.5,67,82,81,52.2,0,148,236890,81674,155216,2020-07-15 21:08:35
2020-07-14,"Virš 80",166,100.9,49,110.7,117,97.3,0,166,164546,44257,120289,2020-07-15 21:08:35
2020-07-15,"0-9",25,8.6,11,7.4,14,9.9,0,25,290102,148908,141194,2020-07-16 14:00:05
2020-07-15,"10-19",51,19.3,25,18.5,26,20.2,0,51,263568,134947,128621,2020-07-16 14:00:05
2020-07-15,"20-29",240,70.6,118,66.5,122,75.2,0,240,339736,177466,162270,2020-07-16 14:00:05
2020-07-15,"30-39",249,69.3,138,73,111,65.2,0,249,359239,188972,170267,2020-07-16 14:00:05
2020-07-15,"40-49",318,86,138,75.1,180,96.9,0,318,369722,183873,185849,2020-07-16 14:00:05
2020-07-15,"50-59",425,101.4,154,78.4,271,121.8,0,425,419039,196469,222570,2020-07-16 14:00:05
2020-07-15,"60-69",280,79.7,119,80.5,161,79.1,0,280,351248,147788,203460,2020-07-16 14:00:05
2020-07-15,"70-79",148,62.5,67,82,81,52.2,0,148,236890,81674,155216,2020-07-16 14:00:05
2020-07-15,"Virš 80",166,100.9,49,110.7,117,97.3,0,166,164546,44257,120289,2020-07-16 14:00:05
2020-07-16,"0-9",25,8.6,11,7.4,14,9.9,0,25,290102,148908,141194,2020-07-17 12:20:47
2020-07-16,"10-19",51,19.3,25,18.5,26,20.2,0,51,263568,134947,128621,2020-07-17 12:20:47
2020-07-16,"20-29",241,70.9,119,67.1,122,75.2,0,241,339736,177466,162270,2020-07-17 12:20:47
2020-07-16,"30-39",249,69.3,138,73,111,65.2,0,249,359239,188972,170267,2020-07-17 12:20:47
2020-07-16,"40-49",318,86,138,75.1,180,96.9,0,318,369722,183873,185849,2020-07-17 12:20:47
2020-07-16,"50-59",428,102.1,154,78.4,274,123.1,0,428,419039,196469,222570,2020-07-17 12:20:47
2020-07-16,"60-69",281,80,119,80.5,162,79.6,0,281,351248,147788,203460,2020-07-17 12:20:47
2020-07-16,"70-79",148,62.5,67,82,81,52.2,0,148,236890,81674,155216,2020-07-17 12:20:47
2020-07-16,"Virš 80",167,101.5,50,113,117,97.3,0,167,164546,44257,120289,2020-07-17 12:20:47
2020-07-17,"0-9",25,8.6,11,7.4,14,9.9,0,25,290102,148908,141194,2020-07-18 19:25:49
2020-07-17,"10-19",51,19.3,25,18.5,26,20.2,0,51,263568,134947,128621,2020-07-18 19:25:49
2020-07-17,"20-29",242,71.2,120,67.6,122,75.2,0,242,339736,177466,162270,2020-07-18 19:25:49
2020-07-17,"30-39",250,69.6,139,73.6,111,65.2,0,250,359239,188972,170267,2020-07-18 19:25:49
2020-07-17,"40-49",321,86.8,139,75.6,182,97.9,0,321,369722,183873,185849,2020-07-18 19:25:49
2020-07-17,"50-59",429,102.4,155,78.9,274,123.1,0,429,419039,196469,222570,2020-07-18 19:25:49
2020-07-17,"60-69",282,80.3,118,79.8,164,80.6,0,282,351248,147788,203460,2020-07-18 19:25:49
2020-07-17,"70-79",148,62.5,67,82,81,52.2,0,148,236890,81674,155216,2020-07-18 19:25:49
2020-07-17,"Virš 80",167,101.5,50,113,117,97.3,0,167,164546,44257,120289,2020-07-18 19:25:49
2020-07-18,"0-9",26,9,11,7.4,15,10.6,0,26,290102,148908,141194,2020-07-19 21:31:07
2020-07-18,"10-19",52,19.7,25,18.5,27,21,0,52,263568,134947,128621,2020-07-19 21:31:07
2020-07-18,"20-29",243,71.5,120,67.6,123,75.8,0,243,339736,177466,162270,2020-07-19 21:31:07
2020-07-18,"30-39",252,70.1,141,74.6,111,65.2,0,252,359239,188972,170267,2020-07-19 21:31:07
2020-07-18,"40-49",326,88.2,140,76.1,186,100.1,0,326,369722,183873,185849,2020-07-19 21:31:07
2020-07-18,"50-59",431,102.9,156,79.4,275,123.6,0,431,419039,196469,222570,2020-07-19 21:31:07
2020-07-18,"60-69",286,81.4,119,80.5,167,82.1,0,286,351248,147788,203460,2020-07-19 21:31:07
2020-07-18,"70-79",149,62.9,68,83.3,81,52.2,0,149,236890,81674,155216,2020-07-19 21:31:07
2020-07-18,"Virš 80",167,101.5,50,113,117,97.3,0,167,164546,44257,120289,2020-07-19 21:31:07
2020-07-19,"0-9",27,9.3,12,8.1,15,10.6,0,27,290102,148908,141194,2020-07-20 14:00:04
2020-07-19,"10-19",52,19.7,25,18.5,27,21,0,52,263568,134947,128621,2020-07-20 14:00:04
2020-07-19,"20-29",244,71.8,121,68.2,123,75.8,0,244,339736,177466,162270,2020-07-20 14:00:04
2020-07-19,"30-39",258,71.8,143,75.7,115,67.5,0,258,359239,188972,170267,2020-07-20 14:00:04
2020-07-19,"40-49",326,88.2,140,76.1,186,100.1,0,326,369722,183873,185849,2020-07-20 14:00:04
2020-07-19,"50-59",434,103.6,157,79.9,277,124.5,0,434,419039,196469,222570,2020-07-20 14:00:04
2020-07-19,"60-69",288,82,120,81.2,168,82.6,0,288,351248,147788,203460,2020-07-20 14:00:04
2020-07-19,"70-79",150,63.3,68,83.3,82,52.8,0,150,236890,81674,155216,2020-07-20 14:00:04
2020-07-19,"Virš 80",168,102.1,50,113,118,98.1,0,168,164546,44257,120289,2020-07-20 14:00:04
2020-07-21,"0-9",27,9.3,12,8.1,15,10.6,0,27,290102,148908,141194,2020-07-22 14:00:06
2020-07-21,"10-19",52,19.7,25,18.5,27,21,0,52,263568,134947,128621,2020-07-22 14:00:06
2020-07-21,"20-29",244,71.8,121,68.2,123,75.8,0,244,339736,177466,162270,2020-07-22 14:00:06
2020-07-21,"30-39",260,72.4,144,76.2,116,68.1,0,260,359239,188972,170267,2020-07-22 14:00:06
2020-07-21,"40-49",326,88.2,140,76.1,186,100.1,0,326,369722,183873,185849,2020-07-22 14:00:06
2020-07-21,"50-59",436,104,159,80.9,277,124.5,0,436,419039,196469,222570,2020-07-22 14:00:06
2020-07-21,"60-69",288,82,120,81.2,168,82.6,0,288,351248,147788,203460,2020-07-22 14:00:06
2020-07-21,"70-79",150,63.3,68,83.3,82,52.8,0,150,236890,81674,155216,2020-07-22 14:00:06
2020-07-21,"Virš 80",168,102.1,50,113,118,98.1,0,168,164546,44257,120289,2020-07-22 14:00:06
2020-07-22,"0-9",28,9.7,13,8.7,15,10.6,0,28,290102,148908,141194,2020-07-23 14:00:04
2020-07-22,"10-19",52,19.7,25,18.5,27,21,0,52,263568,134947,128621,2020-07-23 14:00:04
2020-07-22,"20-29",244,71.8,121,68.2,123,75.8,0,244,339736,177466,162270,2020-07-23 14:00:04
2020-07-22,"30-39",264,73.5,148,78.3,116,68.1,0,264,359239,188972,170267,2020-07-23 14:00:04
2020-07-22,"40-49",326,88.2,140,76.1,186,100.1,0,326,369722,183873,185849,2020-07-23 14:00:04
2020-07-22,"50-59",438,104.5,161,81.9,277,124.5,0,438,419039,196469,222570,2020-07-23 14:00:04
2020-07-22,"60-69",290,82.6,121,81.9,169,83.1,0,290,351248,147788,203460,2020-07-23 14:00:04
2020-07-22,"70-79",150,63.3,68,83.3,82,52.8,0,150,236890,81674,155216,2020-07-23 14:00:04
2020-07-22,"Virš 80",168,102.1,50,113,118,98.1,0,168,164546,44257,120289,2020-07-23 14:00:04
2020-07-23,"0-9",29,10,13,8.7,16,11.3,0,29,290102,148908,141194,2020-07-24 14:00:03
2020-07-23,"10-19",53,20.1,26,19.3,27,21,0,53,263568,134947,128621,2020-07-24 14:00:03
2020-07-23,"20-29",246,72.4,122,68.7,124,76.4,0,246,339736,177466,162270,2020-07-24 14:00:03
2020-07-23,"30-39",272,75.7,152,80.4,120,70.5,0,272,359239,188972,170267,2020-07-24 14:00:03
2020-07-23,"40-49",335,90.6,149,81,186,100.1,0,335,369722,183873,185849,2020-07-24 14:00:03
2020-07-23,"50-59",442,105.5,164,83.5,278,124.9,0,442,419039,196469,222570,2020-07-24 14:00:03
2020-07-23,"60-69",291,82.8,122,82.6,169,83.1,0,291,351248,147788,203460,2020-07-24 14:00:03
2020-07-23,"70-79",150,63.3,68,83.3,82,52.8,0,150,236890,81674,155216,2020-07-24 14:00:03
2020-07-23,"Virš 80",168,102.1,50,113,118,98.1,0,168,164546,44257,120289,2020-07-24 14:00:03
2020-07-24,"0-9",30,10.3,14,9.4,16,11.3,0,30,290102,148908,141194,2020-07-25 16:06:48
2020-07-24,"10-19",54,20.5,26,19.3,28,21.8,0,54,263568,134947,128621,2020-07-25 16:06:48
2020-07-24,"20-29",248,73,123,69.3,125,77,0,248,339736,177466,162270,2020-07-25 16:06:48
2020-07-24,"30-39",273,76,152,80.4,121,71.1,0,273,359239,188972,170267,2020-07-25 16:06:48
2020-07-24,"40-49",337,91.1,150,81.6,187,100.6,0,337,369722,183873,185849,2020-07-25 16:06:48
2020-07-24,"50-59",448,106.9,167,85,281,126.3,0,448,419039,196469,222570,2020-07-25 16:06:48
2020-07-24,"60-69",293,83.4,122,82.6,171,84,0,293,351248,147788,203460,2020-07-25 16:06:48
2020-07-24,"70-79",150,63.3,68,83.3,82,52.8,0,150,236890,81674,155216,2020-07-25 16:06:48
2020-07-24,"Virš 80",168,102.1,50,113,118,98.1,0,168,164546,44257,120289,2020-07-25 16:06:48
2020-07-25,"0-9",30,10.3,14,9.4,16,11.3,0,30,290102,148908,141194,2020-07-26 12:27:08
2020-07-25,"10-19",54,20.5,26,19.3,28,21.8,0,54,263568,134947,128621,2020-07-26 12:27:08
2020-07-25,"20-29",249,73.3,123,69.3,126,77.6,0,249,339736,177466,162270,2020-07-26 12:27:08
2020-07-25,"30-39",274,76.3,153,81,121,71.1,0,274,359239,188972,170267,2020-07-26 12:27:08
2020-07-25,"40-49",338,91.4,150,81.6,188,101.2,0,338,369722,183873,185849,2020-07-26 12:27:08
2020-07-25,"50-59",451,107.6,168,85.5,283,127.2,0,451,419039,196469,222570,2020-07-26 12:27:08
2020-07-25,"60-69",294,83.7,122,82.6,172,84.5,0,294,351248,147788,203460,2020-07-26 12:27:08
2020-07-25,"70-79",150,63.3,68,83.3,82,52.8,0,150,236890,81674,155216,2020-07-26 12:27:08
2020-07-25,"Virš 80",169,102.7,50,113,119,98.9,0,169,164546,44257,120289,2020-07-26 12:27:08
2020-07-26,"0-9",30,10.3,14,9.4,16,11.3,0,30,290102,148908,141194,2020-07-27 20:11:34
2020-07-26,"10-19",54,20.5,26,19.3,28,21.8,0,54,263568,134947,128621,2020-07-27 20:11:34
2020-07-26,"20-29",251,73.9,125,70.4,126,77.6,0,251,339736,177466,162270,2020-07-27 20:11:34
2020-07-26,"30-39",276,76.8,155,82,121,71.1,0,276,359239,188972,170267,2020-07-27 20:11:34
2020-07-26,"40-49",338,91.4,150,81.6,188,101.2,0,338,369722,183873,185849,2020-07-27 20:11:34
2020-07-26,"50-59",453,108.1,169,86,284,127.6,0,453,419039,196469,222570,2020-07-27 20:11:34
2020-07-26,"60-69",297,84.6,123,83.2,174,85.5,0,297,351248,147788,203460,2020-07-27 20:11:34
2020-07-26,"70-79",151,63.7,69,84.5,82,52.8,0,151,236890,81674,155216,2020-07-27 20:11:34
2020-07-26,"Virš 80",169,102.7,50,113,119,98.9,0,169,164546,44257,120289,2020-07-27 20:11:34
2020-07-27,"0-9",30,10.3,14,9.4,16,11.3,0,30,290102,148908,141194,2020-07-28 20:03:58
2020-07-27,"10-19",54,20.5,26,19.3,28,21.8,0,54,263568,134947,128621,2020-07-28 20:03:58
2020-07-27,"20-29",251,73.9,125,70.4,126,77.6,0,251,339736,177466,162270,2020-07-28 20:03:58
2020-07-27,"30-39",276,76.8,155,82,121,71.1,0,276,359239,188972,170267,2020-07-28 20:03:58
2020-07-27,"40-49",341,92.2,151,82.1,190,102.2,0,341,369722,183873,185849,2020-07-28 20:03:58
2020-07-27,"50-59",456,108.8,172,87.5,284,127.6,0,456,419039,196469,222570,2020-07-28 20:03:58
2020-07-27,"60-69",297,84.6,123,83.2,174,85.5,0,297,351248,147788,203460,2020-07-28 20:03:58
2020-07-27,"70-79",152,64.2,69,84.5,83,53.5,0,152,236890,81674,155216,2020-07-28 20:03:58
2020-07-27,"Virš 80",170,103.3,51,115.2,119,98.9,0,170,164546,44257,120289,2020-07-28 20:03:58
2020-07-28,"0-9",30,10.3,14,9.4,16,11.3,0,30,290102,148908,141194,2020-07-29 17:39:18
2020-07-28,"10-19",54,20.5,26,19.3,28,21.8,0,54,263568,134947,128621,2020-07-29 17:39:18
2020-07-28,"20-29",254,74.8,127,71.6,127,78.3,0,254,339736,177466,162270,2020-07-29 17:39:18
2020-07-28,"30-39",280,77.9,157,83.1,123,72.2,0,280,359239,188972,170267,2020-07-29 17:39:18
2020-07-28,"40-49",345,93.3,155,84.3,190,102.2,0,345,369722,183873,185849,2020-07-29 17:39:18
2020-07-28,"50-59",457,109.1,172,87.5,285,128,0,457,419039,196469,222570,2020-07-29 17:39:18
2020-07-28,"60-69",301,85.7,126,85.3,175,86,0,301,351248,147788,203460,2020-07-29 17:39:18
2020-07-28,"70-79",152,64.2,69,84.5,83,53.5,0,152,236890,81674,155216,2020-07-29 17:39:18
2020-07-28,"Virš 80",170,103.3,51,115.2,119,98.9,0,170,164546,44257,120289,2020-07-29 17:39:18
2020-07-30,"0-9",30,10.3,14,9.4,16,11.3,0,30,290102,148908,141194,2020-07-31 17:44:56
2020-07-30,"10-19",55,20.9,26,19.3,29,22.5,0,55,263568,134947,128621,2020-07-31 17:44:56
2020-07-30,"20-29",254,74.8,127,71.6,127,78.3,0,254,339736,177466,162270,2020-07-31 17:44:56
2020-07-30,"30-39",289,80.4,163,86.3,126,74,0,289,359239,188972,170267,2020-07-31 17:44:56
2020-07-30,"40-49",352,95.2,158,85.9,194,104.4,0,352,369722,183873,185849,2020-07-31 17:44:56
2020-07-30,"50-59",461,110,174,88.6,287,128.9,0,461,419039,196469,222570,2020-07-31 17:44:56
2020-07-30,"60-69",302,86,127,85.9,175,86,0,302,351248,147788,203460,2020-07-31 17:44:56
2020-07-30,"70-79",154,65,69,84.5,85,54.8,0,154,236890,81674,155216,2020-07-31 17:44:56
2020-07-30,"Virš 80",170,103.3,51,115.2,119,98.9,0,170,164546,44257,120289,2020-07-31 17:44:56
2020-07-31,"0-9",33,11.4,14,9.4,19,13.5,0,33,290102,148908,141194,2020-08-01 21:10:24
2020-07-31,"10-19",70,26.6,35,25.9,35,27.2,0,70,263568,134947,128621,2020-08-01 21:10:24
2020-07-31,"20-29",254,74.8,131,73.8,123,75.8,0,254,339736,177466,162270,2020-08-01 21:10:24
2020-07-31,"30-39",276,76.8,152,80.4,124,72.8,0,276,359239,188972,170267,2020-08-01 21:10:24
2020-07-31,"40-49",358,96.8,154,83.8,204,109.8,0,358,369722,183873,185849,2020-08-01 21:10:24
2020-07-31,"50-59",441,105.2,168,85.5,273,122.7,0,441,419039,196469,222570,2020-08-01 21:10:24
2020-07-31,"60-69",290,82.6,127,85.9,163,80.1,0,290,351248,147788,203460,2020-08-01 21:10:24
2020-07-31,"70-79",141,59.5,59,72.2,82,52.8,0,141,236890,81674,155216,2020-08-01 21:10:24
2020-07-31,"Virš 80",230,139.8,82,185.3,148,123,0,230,164546,44257,120289,2020-08-01 21:10:24
2020-08-01,"0-9",35,12.1,16,10.7,19,13.5,0,35,290102,148908,141194,2020-08-02 21:59:13
2020-08-01,"10-19",71,26.9,36,26.7,35,27.2,0,71,263568,134947,128621,2020-08-02 21:59:13
2020-08-01,"20-29",256,75.4,132,74.4,124,76.4,0,256,339736,177466,162270,2020-08-02 21:59:13
2020-08-01,"30-39",278,77.4,153,81,125,73.4,0,278,359239,188972,170267,2020-08-02 21:59:13
2020-08-01,"40-49",359,97.1,155,84.3,204,109.8,0,359,369722,183873,185849,2020-08-02 21:59:13
2020-08-01,"50-59",444,106,168,85.5,276,124,0,444,419039,196469,222570,2020-08-02 21:59:13
2020-08-01,"60-69",295,84,130,88,165,81.1,0,295,351248,147788,203460,2020-08-02 21:59:13
2020-08-01,"70-79",142,59.9,59,72.2,83,53.5,0,142,236890,81674,155216,2020-08-02 21:59:13
2020-08-01,"Virš 80",230,139.8,82,185.3,148,123,0,230,164546,44257,120289,2020-08-02 21:59:13
2020-08-02,"0-9",36,12.4,16,10.7,20,14.2,0,36,290102,148908,141194,2020-08-03 14:00:06
2020-08-02,"10-19",73,27.7,38,28.2,35,27.2,0,73,263568,134947,128621,2020-08-03 14:00:06
2020-08-02,"20-29",256,75.4,132,74.4,124,76.4,0,256,339736,177466,162270,2020-08-03 14:00:06
2020-08-02,"30-39",279,77.7,153,81,126,74,0,279,359239,188972,170267,2020-08-03 14:00:06
2020-08-02,"40-49",362,97.9,155,84.3,207,111.4,0,362,369722,183873,185849,2020-08-03 14:00:06
2020-08-02,"50-59",445,106.2,168,85.5,277,124.5,0,445,419039,196469,222570,2020-08-03 14:00:06
2020-08-02,"60-69",296,84.3,130,88,166,81.6,0,296,351248,147788,203460,2020-08-03 14:00:06
2020-08-02,"70-79",142,59.9,59,72.2,83,53.5,0,142,236890,81674,155216,2020-08-03 14:00:06
2020-08-02,"Virš 80",231,140.4,83,187.5,148,123,0,231,164546,44257,120289,2020-08-03 14:00:06
2020-08-03,"0-9",41,14.1,17,11.4,24,17,0,41,290102,148908,141194,2020-08-04 14:36:01
2020-08-03,"10-19",74,28.1,39,28.9,35,27.2,0,74,263568,134947,128621,2020-08-04 14:36:01
2020-08-03,"20-29",266,78.3,136,76.6,130,80.1,0,266,339736,177466,162270,2020-08-04 14:36:01
2020-08-03,"30-39",300,83.5,163,86.3,137,80.5,0,300,359239,188972,170267,2020-08-04 14:36:01
2020-08-03,"40-49",374,101.2,162,88.1,212,114.1,0,374,369722,183873,185849,2020-08-04 14:36:01
2020-08-03,"50-59",469,111.9,181,92.1,288,129.4,0,469,419039,196469,222570,2020-08-04 14:36:01
2020-08-03,"60-69",302,86,131,88.6,171,84,0,302,351248,147788,203460,2020-08-04 14:36:01
2020-08-03,"70-79",144,60.8,60,73.5,84,54.1,0,144,236890,81674,155216,2020-08-04 14:36:01
2020-08-03,"Virš 80",167,101.5,51,115.2,116,96.4,0,167,164546,44257,120289,2020-08-04 14:36:01
2020-08-04,"0-9",41,14.1,17,11.4,24,17,0,41,290102,148908,141194,2020-08-05 14:00:04
2020-08-04,"10-19",74,28.1,39,28.9,35,27.2,0,74,263568,134947,128621,2020-08-05 14:00:04
2020-08-04,"20-29",266,78.3,136,76.6,130,80.1,0,266,339736,177466,162270,2020-08-05 14:00:04
2020-08-04,"30-39",301,83.8,163,86.3,138,81,0,301,359239,188972,170267,2020-08-05 14:00:04
2020-08-04,"40-49",375,101.4,163,88.6,212,114.1,0,375,369722,183873,185849,2020-08-05 14:00:04
2020-08-04,"50-59",469,111.9,181,92.1,288,129.4,0,469,419039,196469,222570,2020-08-05 14:00:04
2020-08-04,"60-69",303,86.3,131,88.6,172,84.5,0,303,351248,147788,203460,2020-08-05 14:00:04
2020-08-04,"70-79",144,60.8,60,73.5,84,54.1,0,144,236890,81674,155216,2020-08-05 14:00:04
2020-08-04,"Virš 80",168,102.1,52,117.5,116,96.4,0,168,164546,44257,120289,2020-08-05 14:00:04
2020-08-05,"0-9",43,14.8,19,12.8,24,17,0,43,290102,148908,141194,2020-08-06 14:00:06
2020-08-05,"10-19",76,28.8,40,29.6,36,28,0,76,263568,134947,128621,2020-08-06 14:00:06
2020-08-05,"20-29",268,78.9,137,77.2,131,80.7,0,268,339736,177466,162270,2020-08-06 14:00:06
2020-08-05,"30-39",306,85.2,165,87.3,141,82.8,0,306,359239,188972,170267,2020-08-06 14:00:06
2020-08-05,"40-49",381,103.1,167,90.8,214,115.1,0,381,369722,183873,185849,2020-08-06 14:00:06
2020-08-05,"50-59",475,113.4,184,93.7,291,130.7,0,475,419039,196469,222570,2020-08-06 14:00:06
2020-08-05,"60-69",308,87.7,133,90,175,86,0,308,351248,147788,203460,2020-08-06 14:00:06
2020-08-05,"70-79",145,61.2,61,74.7,84,54.1,0,145,236890,81674,155216,2020-08-06 14:00:06
2020-08-05,"Virš 80",171,103.9,52,117.5,117,97.3,2,169,164546,44257,120289,2020-08-06 14:00:06
2020-08-06,"0-9",43,14.8,19,12.8,24,17,0,43,290102,148908,141194,2020-08-07 14:00:04
2020-08-06,"10-19",77,29.2,41,30.4,36,28,0,77,263568,134947,128621,2020-08-07 14:00:04
2020-08-06,"20-29",271,79.8,139,78.3,132,81.3,0,271,339736,177466,162270,2020-08-07 14:00:04
2020-08-06,"30-39",311,86.6,169,89.4,142,83.4,0,311,359239,188972,170267,2020-08-07 14:00:04
2020-08-06,"40-49",386,104.4,171,93,215,115.7,0,386,369722,183873,185849,2020-08-07 14:00:04
2020-08-06,"50-59",482,115,185,94.2,297,133.4,0,482,419039,196469,222570,2020-08-07 14:00:04
2020-08-06,"60-69",309,88,133,90,176,86.5,0,309,351248,147788,203460,2020-08-07 14:00:04
2020-08-06,"70-79",146,61.6,61,74.7,85,54.8,0,146,236890,81674,155216,2020-08-07 14:00:04
2020-08-06,"Virš 80",171,103.9,52,117.5,117,97.3,2,169,164546,44257,120289,2020-08-07 14:00:04
2020-08-09,"0-9",50,17.2,23,15.4,27,19.1,0,50,290102,148908,141194,2020-08-10 14:04:00
2020-08-09,"10-19",79,30,42,31.1,37,28.8,0,79,263568,134947,128621,2020-08-10 14:04:00
2020-08-09,"20-29",278,81.8,144,81.1,134,82.6,0,278,339736,177466,162270,2020-08-10 14:04:00
2020-08-09,"30-39",322,89.6,176,93.1,146,85.7,0,322,359239,188972,170267,2020-08-10 14:04:00
2020-08-09,"40-49",403,109,184,100.1,219,117.8,0,403,369722,183873,185849,2020-08-10 14:04:00
2020-08-09,"50-59",492,117.4,190,96.7,302,135.7,0,492,419039,196469,222570,2020-08-10 14:04:00
2020-08-09,"60-69",321,91.4,139,94.1,182,89.5,0,321,351248,147788,203460,2020-08-10 14:04:00
2020-08-09,"70-79",150,63.3,63,77.1,87,56.1,0,150,236890,81674,155216,2020-08-10 14:04:00
2020-08-09,"Virš 80",170,103.3,52,117.5,118,98.1,0,170,164546,44257,120289,2020-08-10 14:04:00
2020-08-10,"0-9",50,17.2,23,15.4,27,19.1,0,50,290102,148908,141194,2020-08-11 21:43:15
2020-08-10,"10-19",79,30,42,31.1,37,28.8,0,79,263568,134947,128621,2020-08-11 21:43:15
2020-08-10,"20-29",282,83,146,82.3,136,83.8,0,282,339736,177466,162270,2020-08-11 21:43:15
2020-08-10,"30-39",324,90.2,177,93.7,147,86.3,0,324,359239,188972,170267,2020-08-11 21:43:15
2020-08-10,"40-49",407,110.1,185,100.6,222,119.5,0,407,369722,183873,185849,2020-08-11 21:43:15
2020-08-10,"50-59",496,118.4,193,98.2,303,136.1,0,496,419039,196469,222570,2020-08-11 21:43:15
2020-08-10,"60-69",325,92.5,141,95.4,184,90.4,0,325,351248,147788,203460,2020-08-11 21:43:15
2020-08-10,"70-79",150,63.3,63,77.1,87,56.1,0,150,236890,81674,155216,2020-08-11 21:43:15
2020-08-10,"Virš 80",170,103.3,52,117.5,118,98.1,0,170,164546,44257,120289,2020-08-11 21:43:15
2020-08-11,"0-9",50,17.2,23,15.4,27,19.1,0,50,290102,148908,141194,2020-08-12 12:15:21
2020-08-11,"10-19",80,30.4,43,31.9,37,28.8,0,80,263568,134947,128621,2020-08-12 12:15:21
2020-08-11,"20-29",288,84.8,151,85.1,137,84.4,0,288,339736,177466,162270,2020-08-12 12:15:21
2020-08-11,"30-39",332,92.4,180,95.3,152,89.3,0,332,359239,188972,170267,2020-08-12 12:15:21
2020-08-11,"40-49",412,111.4,187,101.7,225,121.1,0,412,369722,183873,185849,2020-08-12 12:15:21
2020-08-11,"50-59",500,119.3,195,99.3,305,137,0,500,419039,196469,222570,2020-08-12 12:15:21
2020-08-11,"60-69",326,92.8,141,95.4,185,90.9,0,326,351248,147788,203460,2020-08-12 12:15:21
2020-08-11,"70-79",150,63.3,63,77.1,87,56.1,0,150,236890,81674,155216,2020-08-12 12:15:21
2020-08-11,"Virš 80",171,103.9,52,117.5,119,98.9,0,171,164546,44257,120289,2020-08-12 12:15:21
2020-08-12,"0-9",52,17.9,25,16.8,27,19.1,0,52,290102,148908,141194,2020-08-13 14:00:04
2020-08-12,"10-19",80,30.4,43,31.9,37,28.8,0,80,263568,134947,128621,2020-08-13 14:00:04
2020-08-12,"20-29",292,85.9,151,85.1,141,86.9,0,292,339736,177466,162270,2020-08-13 14:00:04
2020-08-12,"30-39",340,94.6,185,97.9,155,91,0,340,359239,188972,170267,2020-08-13 14:00:04
2020-08-12,"40-49",414,112,187,101.7,227,122.1,0,414,369722,183873,185849,2020-08-13 14:00:04
2020-08-12,"50-59",501,119.6,196,99.8,305,137,0,501,419039,196469,222570,2020-08-13 14:00:04
2020-08-12,"60-69",327,93.1,142,96.1,185,90.9,0,327,351248,147788,203460,2020-08-13 14:00:04
2020-08-12,"70-79",150,63.3,63,77.1,87,56.1,0,150,236890,81674,155216,2020-08-13 14:00:04
2020-08-12,"Virš 80",174,105.7,53,119.8,120,99.8,1,173,164546,44257,120289,2020-08-13 14:00:04
2020-08-13,"0-9",52,17.9,25,16.8,27,19.1,0,52,290102,148908,141194,2020-08-14 16:02:55
2020-08-13,"10-19",82,31.1,45,33.3,37,28.8,0,82,263568,134947,128621,2020-08-14 16:02:55
2020-08-13,"20-29",295,86.8,152,85.7,143,88.1,0,295,339736,177466,162270,2020-08-14 16:02:55
2020-08-13,"30-39",343,95.5,187,99,156,91.6,0,343,359239,188972,170267,2020-08-14 16:02:55
2020-08-13,"40-49",421,113.9,190,103.3,231,124.3,0,421,369722,183873,185849,2020-08-14 16:02:55
2020-08-13,"50-59",504,120.3,198,100.8,306,137.5,0,504,419039,196469,222570,2020-08-14 16:02:55
2020-08-13,"60-69",330,94,143,96.8,187,91.9,0,330,351248,147788,203460,2020-08-14 16:02:55
2020-08-13,"70-79",150,63.3,63,77.1,87,56.1,0,150,236890,81674,155216,2020-08-14 16:02:55
2020-08-13,"Virš 80",175,106.4,53,119.8,121,100.6,1,174,164546,44257,120289,2020-08-14 16:02:55
2020-08-14,"0-9",52,17.9,25,16.8,27,19.1,0,52,290102,148908,141194,2020-08-15 21:34:38
2020-08-14,"10-19",84,31.9,47,34.8,37,28.8,0,84,263568,134947,128621,2020-08-15 21:34:38
2020-08-14,"20-29",307,90.4,158,89,149,91.8,0,307,339736,177466,162270,2020-08-15 21:34:38
2020-08-14,"30-39",349,97.1,192,101.6,157,92.2,0,349,359239,188972,170267,2020-08-15 21:34:38
2020-08-14,"40-49",426,115.2,193,105,233,125.4,0,426,369722,183873,185849,2020-08-15 21:34:38
2020-08-14,"50-59",510,121.7,200,101.8,310,139.3,0,510,419039,196469,222570,2020-08-15 21:34:38
2020-08-14,"60-69",330,94,143,96.8,187,91.9,0,330,351248,147788,203460,2020-08-15 21:34:38
2020-08-14,"70-79",151,63.7,63,77.1,88,56.7,0,151,236890,81674,155216,2020-08-15 21:34:38
2020-08-14,"Virš 80",177,107.6,54,122,121,100.6,2,175,164546,44257,120289,2020-08-15 21:34:38
2020-08-15,"0-9",52,17.9,25,16.8,27,19.1,0,52,290102,148908,141194,2020-08-16 22:09:33
2020-08-15,"10-19",89,33.8,51,37.8,38,29.5,0,89,263568,134947,128621,2020-08-16 22:09:33
2020-08-15,"20-29",315,92.7,161,90.7,154,94.9,0,315,339736,177466,162270,2020-08-16 22:09:33
2020-08-15,"30-39",355,98.8,196,103.7,159,93.4,0,355,359239,188972,170267,2020-08-16 22:09:33
2020-08-15,"40-49",431,116.6,195,106.1,236,127,0,431,369722,183873,185849,2020-08-16 22:09:33
2020-08-15,"50-59",513,122.4,201,102.3,312,140.2,0,513,419039,196469,222570,2020-08-16 22:09:33
2020-08-15,"60-69",333,94.8,145,98.1,188,92.4,0,333,351248,147788,203460,2020-08-16 22:09:33
2020-08-15,"70-79",151,63.7,63,77.1,88,56.7,0,151,236890,81674,155216,2020-08-16 22:09:33
2020-08-15,"Virš 80",177,107.6,54,122,121,100.6,2,175,164546,44257,120289,2020-08-16 22:09:33
2020-08-16,"0-9",53,18.3,26,17.5,27,19.1,0,53,290102,148908,141194,2020-08-17 17:36:22
2020-08-16,"10-19",90,34.1,52,38.5,38,29.5,0,90,263568,134947,128621,2020-08-17 17:36:22
2020-08-16,"20-29",322,94.8,164,92.4,158,97.4,0,322,339736,177466,162270,2020-08-17 17:36:22
2020-08-16,"30-39",357,99.4,198,104.8,159,93.4,0,357,359239,188972,170267,2020-08-17 17:36:22
2020-08-16,"40-49",437,118.2,197,107.1,240,129.1,0,437,369722,183873,185849,2020-08-17 17:36:22
2020-08-16,"50-59",516,123.1,204,103.8,312,140.2,0,516,419039,196469,222570,2020-08-17 17:36:22
2020-08-16,"60-69",333,94.8,145,98.1,188,92.4,0,333,351248,147788,203460,2020-08-17 17:36:22
2020-08-16,"70-79",151,63.7,63,77.1,88,56.7,0,151,236890,81674,155216,2020-08-17 17:36:22
2020-08-16,"Virš 80",177,107.6,54,122,121,100.6,2,175,164546,44257,120289,2020-08-17 17:36:22
2020-08-17,"0-9",55,19,26,17.5,29,20.5,0,55,290102,148908,141194,2020-08-18 14:00:04
2020-08-17,"10-19",95,36,54,40,41,31.9,0,95,263568,134947,128621,2020-08-18 14:00:04
2020-08-17,"20-29",330,97.1,166,93.5,164,101.1,0,330,339736,177466,162270,2020-08-18 14:00:04
2020-08-17,"30-39",370,103,204,108,166,97.5,0,370,359239,188972,170267,2020-08-18 14:00:04
2020-08-17,"40-49",440,119,199,108.2,241,129.7,0,440,369722,183873,185849,2020-08-18 14:00:04
2020-08-17,"50-59",520,124.1,208,105.9,312,140.2,0,520,419039,196469,222570,2020-08-18 14:00:04
2020-08-17,"60-69",335,95.4,147,99.5,188,92.4,0,335,351248,147788,203460,2020-08-18 14:00:04
2020-08-17,"70-79",151,63.7,63,77.1,88,56.7,0,151,236890,81674,155216,2020-08-18 14:00:04
2020-08-17,"Virš 80",178,108.2,55,124.3,121,100.6,2,176,164546,44257,120289,2020-08-18 14:00:04
2020-08-18,"0-9",56,19.3,26,17.5,30,21.2,0,56,290102,148908,141194,2020-08-19 22:36:36
2020-08-18,"10-19",96,36.4,54,40,42,32.7,0,96,263568,134947,128621,2020-08-19 22:36:36
2020-08-18,"20-29",330,97.1,166,93.5,164,101.1,0,330,339736,177466,162270,2020-08-19 22:36:36
2020-08-18,"30-39",371,103.3,204,108,167,98.1,0,371,359239,188972,170267,2020-08-19 22:36:36
2020-08-18,"40-49",445,120.4,200,108.8,245,131.8,0,445,369722,183873,185849,2020-08-19 22:36:36
2020-08-18,"50-59",525,125.3,209,106.4,316,142,0,525,419039,196469,222570,2020-08-19 22:36:36
2020-08-18,"60-69",339,96.5,150,101.5,189,92.9,0,339,351248,147788,203460,2020-08-19 22:36:36
2020-08-18,"70-79",153,64.6,64,78.4,89,57.3,0,153,236890,81674,155216,2020-08-19 22:36:36
2020-08-18,"Virš 80",181,110,57,128.8,123,102.3,1,180,164546,44257,120289,2020-08-19 22:36:36
2020-08-19,"0-9",56,19.3,26,17.5,30,21.2,0,56,290102,148908,141194,2020-08-20 14:00:06
2020-08-19,"10-19",97,36.8,54,40,43,33.4,0,97,263568,134947,128621,2020-08-20 14:00:06
2020-08-19,"20-29",334,98.3,168,94.7,166,102.3,0,334,339736,177466,162270,2020-08-20 14:00:06
2020-08-19,"30-39",380,105.8,207,109.5,173,101.6,0,380,359239,188972,170267,2020-08-20 14:00:06
2020-08-19,"40-49",454,122.8,202,109.9,252,135.6,0,454,369722,183873,185849,2020-08-20 14:00:06
2020-08-19,"50-59",530,126.5,211,107.4,319,143.3,0,530,419039,196469,222570,2020-08-20 14:00:06
2020-08-19,"60-69",341,97.1,152,102.9,189,92.9,0,341,351248,147788,203460,2020-08-20 14:00:06
2020-08-19,"70-79",153,64.6,64,78.4,89,57.3,0,153,236890,81674,155216,2020-08-20 14:00:06
2020-08-19,"Virš 80",183,111.2,57,128.8,125,103.9,1,182,164546,44257,120289,2020-08-20 14:00:06
2020-08-20,"0-9",56,19.3,26,17.5,30,21.2,0,56,290102,148908,141194,2020-08-21 11:15:23
2020-08-20,"10-19",100,37.9,55,40.8,45,35,0,100,263568,134947,128621,2020-08-21 11:15:23
2020-08-20,"20-29",341,100.4,175,98.6,166,102.3,0,341,339736,177466,162270,2020-08-21 11:15:23
2020-08-20,"30-39",391,108.8,214,113.2,177,104,0,391,359239,188972,170267,2020-08-21 11:15:23
2020-08-20,"40-49",459,124.1,205,111.5,254,136.7,0,459,369722,183873,185849,2020-08-21 11:15:23
2020-08-20,"50-59",538,128.4,216,109.9,322,144.7,0,538,419039,196469,222570,2020-08-21 11:15:23
2020-08-20,"60-69",343,97.7,152,102.9,191,93.9,0,343,351248,147788,203460,2020-08-21 11:15:23
2020-08-20,"70-79",153,64.6,64,78.4,89,57.3,0,153,236890,81674,155216,2020-08-21 11:15:23
2020-08-20,"Virš 80",183,111.2,56,126.5,126,104.7,1,182,164546,44257,120289,2020-08-21 11:15:23
2020-08-21,"0-9",56,19.3,26,17.5,30,21.2,0,56,290102,148908,141194,2020-08-22 22:09:50
2020-08-21,"10-19",102,38.7,56,41.5,46,35.8,0,102,263568,134947,128621,2020-08-22 22:09:50
2020-08-21,"20-29",352,103.6,181,102,171,105.4,0,352,339736,177466,162270,2020-08-22 22:09:50
2020-08-21,"30-39",397,110.5,215,113.8,182,106.9,0,397,359239,188972,170267,2020-08-22 22:09:50
2020-08-21,"40-49",465,125.8,210,114.2,255,137.2,0,465,369722,183873,185849,2020-08-22 22:09:50
2020-08-21,"50-59",539,128.6,216,109.9,323,145.1,0,539,419039,196469,222570,2020-08-22 22:09:50
2020-08-21,"60-69",346,98.5,153,103.5,193,94.9,0,346,351248,147788,203460,2020-08-22 22:09:50
2020-08-21,"70-79",153,64.6,64,78.4,89,57.3,0,153,236890,81674,155216,2020-08-22 22:09:50
2020-08-21,"Virš 80",185,112.4,56,126.5,127,105.6,2,183,164546,44257,120289,2020-08-22 22:09:50
2020-08-22,"0-9",56,19.3,26,17.5,30,21.2,0,56,290102,148908,141194,2020-08-23 14:00:04
2020-08-22,"10-19",104,39.5,57,42.2,47,36.5,0,104,263568,134947,128621,2020-08-23 14:00:04
2020-08-22,"20-29",364,107.1,185,104.2,179,110.3,0,364,339736,177466,162270,2020-08-23 14:00:04
2020-08-22,"30-39",409,113.9,219,115.9,190,111.6,0,409,359239,188972,170267,2020-08-23 14:00:04
2020-08-22,"40-49",471,127.4,214,116.4,257,138.3,0,471,369722,183873,185849,2020-08-23 14:00:04
2020-08-22,"50-59",545,130.1,218,111,327,146.9,0,545,419039,196469,222570,2020-08-23 14:00:04
2020-08-22,"60-69",349,99.4,154,104.2,195,95.8,0,349,351248,147788,203460,2020-08-23 14:00:04
2020-08-22,"70-79",153,64.6,64,78.4,89,57.3,0,153,236890,81674,155216,2020-08-23 14:00:04
2020-08-22,"Virš 80",184,111.8,56,126.5,127,105.6,1,183,164546,44257,120289,2020-08-23 14:00:04
2020-08-23,"0-9",57,19.6,27,18.1,30,21.2,0,57,290102,148908,141194,2020-08-24 14:00:04
2020-08-23,"10-19",105,39.8,58,43,47,36.5,0,105,263568,134947,128621,2020-08-24 14:00:04
2020-08-23,"20-29",373,109.8,189,106.5,184,113.4,0,373,339736,177466,162270,2020-08-24 14:00:04
2020-08-23,"30-39",417,116.1,222,117.5,195,114.5,0,417,359239,188972,170267,2020-08-24 14:00:04
2020-08-23,"40-49",477,129,217,118,260,139.9,0,477,369722,183873,185849,2020-08-24 14:00:04
2020-08-23,"50-59",551,131.5,220,112,331,148.7,0,551,419039,196469,222570,2020-08-24 14:00:04
2020-08-23,"60-69",355,101.1,157,106.2,198,97.3,0,355,351248,147788,203460,2020-08-24 14:00:04
2020-08-23,"70-79",154,65,65,79.6,89,57.3,0,154,236890,81674,155216,2020-08-24 14:00:04
2020-08-23,"Virš 80",184,111.8,56,126.5,127,105.6,1,183,164546,44257,120289,2020-08-24 14:00:04
2020-08-24,"0-9",58,20,27,18.1,31,22,0,58,290102,148908,141194,2020-08-25 14:00:08
2020-08-24,"10-19",107,40.6,60,44.5,47,36.5,0,107,263568,134947,128621,2020-08-25 14:00:08
2020-08-24,"20-29",378,111.3,193,108.8,185,114,0,378,339736,177466,162270,2020-08-25 14:00:08
2020-08-24,"30-39",420,116.9,225,119.1,195,114.5,0,420,359239,188972,170267,2020-08-25 14:00:08
2020-08-24,"40-49",479,129.6,218,118.6,261,140.4,0,479,369722,183873,185849,2020-08-25 14:00:08
2020-08-24,"50-59",555,132.4,223,113.5,332,149.2,0,555,419039,196469,222570,2020-08-25 14:00:08
2020-08-24,"60-69",357,101.6,157,106.2,200,98.3,0,357,351248,147788,203460,2020-08-25 14:00:08
2020-08-24,"70-79",154,65,65,79.6,89,57.3,0,154,236890,81674,155216,2020-08-25 14:00:08
2020-08-24,"Virš 80",186,113,56,126.5,128,106.4,2,184,164546,44257,120289,2020-08-25 14:00:08
2020-08-25,"0-9",58,20,27,18.1,31,22,0,58,290102,148908,141194,2020-08-26 14:00:08
2020-08-25,"10-19",111,42.1,61,45.2,50,38.9,0,111,263568,134947,128621,2020-08-26 14:00:08
2020-08-25,"20-29",384,113,196,110.4,188,115.9,0,384,339736,177466,162270,2020-08-26 14:00:08
2020-08-25,"30-39",428,119.1,231,122.2,197,115.7,0,428,359239,188972,170267,2020-08-26 14:00:08
2020-08-25,"40-49",484,130.9,222,120.7,262,141,0,484,369722,183873,185849,2020-08-26 14:00:08
2020-08-25,"50-59",560,133.6,226,115,334,150.1,0,560,419039,196469,222570,2020-08-26 14:00:08
2020-08-25,"60-69",359,102.2,157,106.2,202,99.3,0,359,351248,147788,203460,2020-08-26 14:00:08
2020-08-25,"70-79",156,65.9,66,80.8,90,58,0,156,236890,81674,155216,2020-08-26 14:00:08
2020-08-25,"Virš 80",186,113,57,128.8,128,106.4,1,185,164546,44257,120289,2020-08-26 14:00:08
2020-08-26,"0-9",59,20.3,27,18.1,32,22.7,0,59,290102,148908,141194,2020-08-27 14:57:19
2020-08-26,"10-19",111,42.1,61,45.2,50,38.9,0,111,263568,134947,128621,2020-08-27 14:57:19
2020-08-26,"20-29",391,115.1,200,112.7,191,117.7,0,391,339736,177466,162270,2020-08-27 14:57:19
2020-08-26,"30-39",432,120.3,233,123.3,199,116.9,0,432,359239,188972,170267,2020-08-27 14:57:19
2020-08-26,"40-49",491,132.8,225,122.4,266,143.1,0,491,369722,183873,185849,2020-08-27 14:57:19
2020-08-26,"50-59",570,136,231,117.6,339,152.3,0,570,419039,196469,222570,2020-08-27 14:57:19
2020-08-26,"60-69",364,103.6,158,106.9,206,101.2,0,364,351248,147788,203460,2020-08-27 14:57:19
2020-08-26,"70-79",157,66.3,66,80.8,91,58.6,0,157,236890,81674,155216,2020-08-27 14:57:19
2020-08-26,"Virš 80",187,113.6,58,131.1,128,106.4,1,186,164546,44257,120289,2020-08-27 14:57:19
2020-08-27,"0-9",59,20.3,27,18.1,32,22.7,0,59,290102,148908,141194,2020-08-28 14:00:04
2020-08-27,"10-19",114,43.3,63,46.7,51,39.7,0,114,263568,134947,128621,2020-08-28 14:00:04
2020-08-27,"20-29",405,119.2,208,117.2,197,121.4,0,405,339736,177466,162270,2020-08-28 14:00:04
2020-08-27,"30-39",440,122.5,235,124.4,205,120.4,0,440,359239,188972,170267,2020-08-28 14:00:04
2020-08-27,"40-49",500,135.2,228,124,272,146.4,0,500,369722,183873,185849,2020-08-28 14:00:04
2020-08-27,"50-59",578,137.9,233,118.6,345,155,0,578,419039,196469,222570,2020-08-28 14:00:04
2020-08-27,"60-69",369,105.1,160,108.3,209,102.7,0,369,351248,147788,203460,2020-08-28 14:00:04
2020-08-27,"70-79",158,66.7,66,80.8,92,59.3,0,158,236890,81674,155216,2020-08-28 14:00:04
2020-08-27,"Virš 80",187,113.6,58,131.1,129,107.2,0,187,164546,44257,120289,2020-08-28 14:00:04
2020-08-28,"0-9",60,20.7,29,19.5,31,22,0,60,290102,148908,141194,2020-08-29 14:00:05
2020-08-28,"10-19",115,43.6,63,46.7,52,40.4,0,115,263568,134947,128621,2020-08-29 14:00:05
2020-08-28,"20-29",412,121.3,208,117.2,204,125.7,0,412,339736,177466,162270,2020-08-29 14:00:05
2020-08-28,"30-39",442,123,236,124.9,206,121,0,442,359239,188972,170267,2020-08-29 14:00:05
2020-08-28,"40-49",511,138.2,234,127.3,277,149,0,511,369722,183873,185849,2020-08-29 14:00:05
2020-08-28,"50-59",580,138.4,233,118.6,347,155.9,0,580,419039,196469,222570,2020-08-29 14:00:05
2020-08-28,"60-69",371,105.6,161,108.9,210,103.2,0,371,351248,147788,203460,2020-08-29 14:00:05
2020-08-28,"70-79",159,67.1,66,80.8,93,59.9,0,159,236890,81674,155216,2020-08-29 14:00:05
2020-08-28,"Virš 80",191,116.1,58,131.1,130,108.1,3,188,164546,44257,120289,2020-08-29 14:00:05
2020-08-29,"0-9",60,20.7,29,19.5,31,22,0,60,290102,148908,141194,2020-08-30 16:02:50
2020-08-29,"10-19",122,46.3,67,49.6,55,42.8,0,122,263568,134947,128621,2020-08-30 16:02:50
2020-08-29,"20-29",416,122.4,211,118.9,205,126.3,0,416,339736,177466,162270,2020-08-30 16:02:50
2020-08-29,"30-39",448,124.7,238,125.9,210,123.3,0,448,359239,188972,170267,2020-08-30 16:02:50
2020-08-29,"40-49",516,139.6,235,127.8,281,151.2,0,516,369722,183873,185849,2020-08-30 16:02:50
2020-08-29,"50-59",585,139.6,234,119.1,351,157.7,0,585,419039,196469,222570,2020-08-30 16:02:50
2020-08-29,"60-69",376,107,162,109.6,214,105.2,0,376,351248,147788,203460,2020-08-30 16:02:50
2020-08-29,"70-79",161,68,67,82,94,60.6,0,161,236890,81674,155216,2020-08-30 16:02:50
2020-08-29,"Virš 80",191,116.1,58,131.1,131,108.9,2,189,164546,44257,120289,2020-08-30 16:02:50
2020-08-30,"0-9",60,20.7,29,19.5,31,22,0,60,290102,148908,141194,2020-08-31 17:37:40
2020-08-30,"10-19",130,49.3,70,51.9,60,46.6,0,130,263568,134947,128621,2020-08-31 17:37:40
2020-08-30,"20-29",417,122.7,212,119.5,205,126.3,0,417,339736,177466,162270,2020-08-31 17:37:40
2020-08-30,"30-39",451,125.5,241,127.5,210,123.3,0,451,359239,188972,170267,2020-08-31 17:37:40
2020-08-30,"40-49",526,142.3,241,131.1,285,153.4,0,526,369722,183873,185849,2020-08-31 17:37:40
2020-08-30,"50-59",590,140.8,236,120.1,354,159.1,0,590,419039,196469,222570,2020-08-31 17:37:40
2020-08-30,"60-69",380,108.2,162,109.6,218,107.1,0,380,351248,147788,203460,2020-08-31 17:37:40
2020-08-30,"70-79",161,68,67,82,94,60.6,0,161,236890,81674,155216,2020-08-31 17:37:40
2020-08-30,"Virš 80",190,115.5,58,131.1,131,108.9,1,189,164546,44257,120289,2020-08-31 17:37:40
2020-08-31,"0-9",60,20.7,29,19.5,31,22,0,60,290102,148908,141194,2020-09-01 14:00:10
2020-08-31,"10-19",138,52.4,78,57.8,60,46.6,0,138,263568,134947,128621,2020-09-01 14:00:10
2020-08-31,"20-29",425,125.1,220,124,205,126.3,0,425,339736,177466,162270,2020-09-01 14:00:10
2020-08-31,"30-39",453,126.1,243,128.6,210,123.3,0,453,359239,188972,170267,2020-09-01 14:00:10
2020-08-31,"40-49",530,143.4,242,131.6,288,155,0,530,369722,183873,185849,2020-09-01 14:00:10
2020-08-31,"50-59",591,141,237,120.6,354,159.1,0,591,419039,196469,222570,2020-09-01 14:00:10
2020-08-31,"60-69",380,108.2,162,109.6,218,107.1,0,380,351248,147788,203460,2020-09-01 14:00:10
2020-08-31,"70-79",161,68,67,82,94,60.6,0,161,236890,81674,155216,2020-09-01 14:00:10
2020-08-31,"Virš 80",190,115.5,58,131.1,131,108.9,1,189,164546,44257,120289,2020-09-01 14:00:10
2020-09-01,"0-9",61,21,30,20.1,31,22,0,61,290102,148908,141194,2020-09-02 14:00:06
2020-09-01,"10-19",144,54.6,82,60.8,62,48.2,0,144,263568,134947,128621,2020-09-02 14:00:06
2020-09-01,"20-29",435,128,229,129,206,126.9,0,435,339736,177466,162270,2020-09-02 14:00:06
2020-09-01,"30-39",456,126.9,244,129.1,212,124.5,0,456,359239,188972,170267,2020-09-02 14:00:06
2020-09-01,"40-49",533,144.2,243,132.2,290,156,0,533,369722,183873,185849,2020-09-02 14:00:06
2020-09-01,"50-59",593,141.5,238,121.1,355,159.5,0,593,419039,196469,222570,2020-09-02 14:00:06
2020-09-01,"60-69",381,108.5,163,110.3,218,107.1,0,381,351248,147788,203460,2020-09-02 14:00:06
2020-09-01,"70-79",162,68.4,67,82,95,61.2,0,162,236890,81674,155216,2020-09-02 14:00:06
2020-09-01,"Virš 80",192,116.7,59,133.3,132,109.7,1,191,164546,44257,120289,2020-09-02 14:00:06
2020-09-02,"0-9",63,21.7,31,20.8,32,22.7,0,63,290102,148908,141194,2020-09-03 11:34:02
2020-09-02,"10-19",148,56.2,85,63,63,49,0,148,263568,134947,128621,2020-09-03 11:34:02
2020-09-02,"20-29",440,129.5,231,130.2,209,128.8,0,440,339736,177466,162270,2020-09-03 11:34:02
2020-09-02,"30-39",458,127.5,246,130.2,212,124.5,0,458,359239,188972,170267,2020-09-03 11:34:02
2020-09-02,"40-49",538,145.5,243,132.2,295,158.7,0,538,369722,183873,185849,2020-09-03 11:34:02
2020-09-02,"50-59",594,141.8,238,121.1,356,159.9,0,594,419039,196469,222570,2020-09-03 11:34:02
2020-09-02,"60-69",382,108.8,164,111,218,107.1,0,382,351248,147788,203460,2020-09-03 11:34:02
2020-09-02,"70-79",162,68.4,67,82,95,61.2,0,162,236890,81674,155216,2020-09-03 11:34:02
2020-09-02,"Virš 80",192,116.7,59,133.3,133,110.6,0,192,164546,44257,120289,2020-09-03 11:34:02
2020-09-03,"0-9",64,22.1,31,20.8,33,23.4,0,64,290102,148908,141194,2020-09-04 14:00:11
2020-09-03,"10-19",152,57.7,89,66,63,49,0,152,263568,134947,128621,2020-09-04 14:00:11
2020-09-03,"20-29",448,131.9,237,133.5,211,130,0,448,339736,177466,162270,2020-09-04 14:00:11
2020-09-03,"30-39",462,128.6,249,131.8,213,125.1,0,462,359239,188972,170267,2020-09-04 14:00:11
2020-09-03,"40-49",541,146.3,245,133.2,296,159.3,0,541,369722,183873,185849,2020-09-04 14:00:11
2020-09-03,"50-59",597,142.5,240,122.2,357,160.4,0,597,419039,196469,222570,2020-09-04 14:00:11
2020-09-03,"60-69",384,109.3,164,111,220,108.1,0,384,351248,147788,203460,2020-09-04 14:00:11
2020-09-03,"70-79",162,68.4,67,82,95,61.2,0,162,236890,81674,155216,2020-09-04 14:00:11
2020-09-03,"Virš 80",193,117.3,59,133.3,133,110.6,1,192,164546,44257,120289,2020-09-04 14:00:11
2020-09-04,"0-9",66,22.8,33,22.2,33,23.4,0,66,290102,148908,141194,2020-09-05 12:45:41
2020-09-04,"10-19",155,58.8,89,66,66,51.3,0,155,263568,134947,128621,2020-09-05 12:45:41
2020-09-04,"20-29",458,134.8,241,135.8,217,133.7,0,458,339736,177466,162270,2020-09-05 12:45:41
2020-09-04,"30-39",469,130.6,251,132.8,218,128,0,469,359239,188972,170267,2020-09-05 12:45:41
2020-09-04,"40-49",549,148.5,249,135.4,300,161.4,0,549,369722,183873,185849,2020-09-05 12:45:41
2020-09-04,"50-59",602,143.7,243,123.7,359,161.3,0,602,419039,196469,222570,2020-09-05 12:45:41
2020-09-04,"60-69",385,109.6,164,111,221,108.6,0,385,351248,147788,203460,2020-09-05 12:45:41
2020-09-04,"70-79",163,68.8,67,82,96,61.8,0,163,236890,81674,155216,2020-09-05 12:45:41
2020-09-04,"Virš 80",192,116.7,59,133.3,133,110.6,0,192,164546,44257,120289,2020-09-05 12:45:41
